competition_id,category,round,match_number,date,weekday,time,home_alias,home_official,away_alias,away_official,venue,status,raw_line
paulista_sub11_2026,Sub-11,1,1,28/mar,sáb,14 h 30,JOSÉ BONIFÁCIO EC,JOSÉ BONIFÁCIO ESPORTE CLUBE,CA PENAPOLENSE,CLUBE ATLÉTICO PENAPOLENSE,José Bonifácio,scheduled,001 28/mar - sáb 14 h 30 JOSÉ BONIFÁCIO EC X CA PENAPOLENSE José Bonifácio
paulista_sub11_2026,Sub-11,1,2,28/mar,sáb,14 h 30,OLÍMPIA FC,OLÍMPIA FUTEBOL CLUBE,MIRASSOL FC,MIRASSOL FUTEBOL CLUBE,Olímpia,scheduled,002 28/mar - sáb 14 h 30 OLÍMPIA FC X MIRASSOL FC Olímpia
paulista_sub11_2026,Sub-11,1,3,28/mar,sáb,14 h 30,CA LINENSE,CLUBE ATLÉTICO LINENSE,SANTA FÉ FC,SANTA FÉ FUTEBOL CLUBE LTDA.,Lins,scheduled,003 28/mar - sáb 14 h 30 CA LINENSE X SANTA FÉ FC Lins
paulista_sub11_2026,Sub-11,1,4,28/mar,sáb,14 h 30,GR. CATANDUVENSE,GRÊMIO CATANDUVENSE DE FUTEBOL,ARAÇATUBA FC SAF,ARAÇATUBA FUTEBOL CLUBE SAF,Catanduva,scheduled,004 28/mar - sáb 14 h 30 GR. CATANDUVENSE X ARAÇATUBA FC SAF Catanduva
paulista_sub11_2026,Sub-11,1,5,28/mar,sáb,14 h 30,AA ITARARÉ,ASSOCIAÇÃO ATLÉTICA ITARARÉ,PRES. PRUDENTE FC,PRESIDENTE PRUDENTE FUTEBOL CLUBE,Itararé,scheduled,005 28/mar - sáb 14 h 30 AA ITARARÉ X PRES. PRUDENTE FC Itararé
paulista_sub11_2026,Sub-11,1,6,28/mar,sáb,14 h 30,EC NOROESTE SAF,ESPORTE CLUBE NOROESTE SAF,CA ASSISENSE,CLUBE ATLÉTICO ASSISENSE,Iacanga,scheduled,006 28/mar - sáb 14 h 30 EC NOROESTE SAF X CA ASSISENSE Iacanga
paulista_sub11_2026,Sub-11,1,7,28/mar,sáb,14 h 30,EC XV DE JAÚ,ESPORTE CLUBE XV DE NOVEMBRO,TUPÃ FC,TUPÃ FUTEBOL CLUBE,Jaú,scheduled,007 28/mar - sáb 14 h 30 EC XV DE JAÚ X TUPÃ FC Jaú
paulista_sub11_2026,Sub-11,1,8,28/mar,sáb,14 h 30,BATATAIS FC,BATATAIS FUTEBOL CLUBE,BARRETOS EC,BARRETOS ESPORTE CLUBE,Batatais,scheduled,008 28/mar - sáb 14 h 30 BATATAIS FC X BARRETOS EC Batatais
paulista_sub11_2026,Sub-11,1,9,28/mar,sáb,14 h 30,I9 FUTEBOL CLUBE,I9 INTERNACIONAL ACADEMY,BOTAFOGO S/A,BOTAFOGO FUTEBOL S/A,Ribeirão Preto,scheduled,009 28/mar - sáb 14 h 30 I9 FUTEBOL CLUBE X BOTAFOGO S/A Ribeirão Preto
paulista_sub11_2026,Sub-11,1,10,28/mar,sáb,14 h 30,COMERCIAL FC - RP,COMERCIAL FUTEBOL CLUBE,LG FUTEBOL CLUBE,LG FUTEBOL CLUBE LTDA.,Ribeirão Preto,scheduled,010 28/mar - sáb 14 h 30 COMERCIAL FC - RP X LG FUTEBOL CLUBE Ribeirão Preto
paulista_sub11_2026,Sub-11,1,11,28/mar,sáb,14 h 30,SE MATONENSE,SOCIEDADE ESPORTIVA MATONENSE,CA TAQUARITINGA,CLUBE ATLÉTICO TAQUARITINGA,Matão,scheduled,011 28/mar - sáb 14 h 30 SE MATONENSE X CA TAQUARITINGA Matão
paulista_sub11_2026,Sub-11,1,12,28/mar,sáb,14 h 30,PORTO FOOT BALL LTDA,PORTO FOOT BALL LTDA.,SPORT CLUBE AGUAÍ,SPORT CLUBE AGUAÍ,Porto Ferreira,scheduled,012 28/mar - sáb 14 h 30 PORTO FOOT BALL LTDA X SPORT CLUBE AGUAÍ Porto Ferreira
paulista_sub11_2026,Sub-11,1,13,28/mar,sáb,14 h 30,RIO CLARO FC,RIO CLARO FUTEBOL CLUBE,PALMEIRAS FC,PALMEIRAS FUTEBOL CLUBE,Rio Claro,scheduled,013 28/mar - sáb 14 h 30 RIO CLARO FC X PALMEIRAS FC Rio Claro
paulista_sub11_2026,Sub-11,1,14,28/mar,sáb,14 h 30,AMPARO AC,AMPARO ATHÉTICO CLUB,GUARANI FC,GUARANI FUTEBOL CLUBE,Amparo,scheduled,014 28/mar - sáb 14 h 30 AMPARO AC X GUARANI FC Amparo
paulista_sub11_2026,Sub-11,1,15,28/mar,sáb,14 h 30,UA BARBARENSE FC,UNIÃO AGRÍCOLA BARBARENSE FUTEBOL CLUBE - SANTA BÁRBARA D'OESTE,COSMOPOLITANO SPORTS,COSMOPOLITANO SPORTS LTDA.,Santa Bárbara D'Oeste,scheduled,015 28/mar - sáb 14 h 30 UA BARBARENSE FC X COSMOPOLITANO SPORTS Santa Bárbara D'Oeste
paulista_sub11_2026,Sub-11,1,16,28/mar,sáb,14 h 30,AA INTER LIMEIRA,ASSOCIAÇÃO ATLÉTICA INTERNACIONAL LIMEIRA,MACABI HOLAMBRA,MACABI HOLAMBRA ESPORTE CLUBE,Limeira,scheduled,016 28/mar - sáb 14 h 30 AA INTER LIMEIRA X MACABI HOLAMBRA Limeira
paulista_sub11_2026,Sub-11,1,17,28/mar,sáb,14 h 30,RIO BRANCO EC,RIO BRANCO ESPORTE CLUBE,INDEPENDENTE FC,INDEPENDENTE FUTEBOL CLUBE,Americana,scheduled,017 28/mar - sáb 14 h 30 RIO BRANCO EC X INDEPENDENTE FC Americana
paulista_sub11_2026,Sub-11,1,18,28/mar,sáb,14 h 30,SC PAULINENSE,SPORTING CLUB PAULINENSE,PRIMAVERA SAF,PRIMAVERA SAF,Paulínia,scheduled,018 28/mar - sáb 14 h 30 SC PAULINENSE X PRIMAVERA SAF Paulínia
paulista_sub11_2026,Sub-11,1,19,28/mar,sáb,14 h 30,SÃO BERNARDO FC,SÃO BERNARDO FUTEBOL CLUBE LTDA.,RED BULL BRAGANTINO,RED BULL BRAGANTINO FUTEBOL LTDA.,Itatiba,scheduled,019 28/mar - sáb 14 h 30 SÃO BERNARDO FC X RED BULL BRAGANTINO Itatiba
paulista_sub11_2026,Sub-11,1,20,28/mar,sáb,14 h 30,SFERA SAF,SFERA SAF,VALINHOS EC,VALINHOS ESPORTE CLUBE LTDA.,Jarinu,scheduled,020 28/mar - sáb 14 h 30 SFERA SAF X VALINHOS EC Jarinu
paulista_sub11_2026,Sub-11,1,21,28/mar,sáb,14 h 30,DS SPORTS LTDA,DIFFERENT SYSTEM SPORTS LTDA.,VALINHOS HYPER FC S.A.F,VALINHOS HYPER FUTEBOL CLUBE SAF,Atibaia,scheduled,021 28/mar - sáb 14 h 30 DS SPORTS LTDA X VALINHOS HYPER FC S.A.F Atibaia
paulista_sub11_2026,Sub-11,1,22,28/mar,sáb,14 h 30,AA FLAMENGO,ASSOCIAÇÃO ATLÉTICA FLAMENGO,AD GUARULHOS,ASSOCIAÇÃO DESPORTIVA GUARULHOS,Guarulhos,scheduled,022 28/mar - sáb 14 h 30 AA FLAMENGO X AD GUARULHOS Guarulhos
paulista_sub11_2026,Sub-11,1,23,28/mar,sáb,14 h 30,ITAQUAQUECETUBA ATH.,ITAQUAQUECETUBA ATHLETICO CLUB LTDA.,SE PALMEIRAS,SOCIEDADE ESPORTIVA PALMEIRAS,Itaquaquecetuba,scheduled,023 28/mar - sáb 14 h 30 ITAQUAQUECETUBA ATH. X SE PALMEIRAS Itaquaquecetuba
paulista_sub11_2026,Sub-11,1,24,28/mar,sáb,14 h 30,PRATA DA CASA SAF,PRATA DA CASA SAF,COLORADO CAIEIRAS FC,COLORADO CAIEIRAS FUTEBOL CLUBE LTDA.,São Paulo,scheduled,024 28/mar - sáb 14 h 30 PRATA DA CASA SAF X COLORADO CAIEIRAS FC São Paulo
paulista_sub11_2026,Sub-11,1,25,28/mar,sáb,14 h 30,PAULISTA FC,PAULISTA FUTEBOL CLUBE LTDA.,JUVENTUS SAF,JUVENTUS SAF,Jundiaí,scheduled,025 28/mar - sáb 14 h 30 PAULISTA FC X JUVENTUS SAF Jundiaí
paulista_sub11_2026,Sub-11,1,26,28/mar,sáb,14 h 30,SALTO FC,SALTO FUTEBOL CLUBE,GO AUDAX,GRÊMIO OSASCO AUDAX ESPORTE CLUBE,Salto,scheduled,026 28/mar - sáb 14 h 30 SALTO FC X GO AUDAX Salto
paulista_sub11_2026,Sub-11,1,27,28/mar,sáb,14 h 30,REFERÊNCIA FC SAF,REFERÊNCIA FUTEBOL CLUBE SAF,SÃO PAULO FC,SÃO PAULO FUTEBOL CLUBE,Embu das Artes,scheduled,027 28/mar - sáb 14 h 30 REFERÊNCIA FC SAF X SÃO PAULO FC Embu das Artes
paulista_sub11_2026,Sub-11,1,28,28/mar,sáb,14 h 30,REAL SOCCER,ASSOCIAÇÃO ACADEMY REAL FUTEBOL CLUBE,CLUBE VITAL SAF,CLUBE VITAL ACADEMIA DE FUTEBOL SAF,Sorocaba,scheduled,028 28/mar - sáb 14 h 30 REAL SOCCER X CLUBE VITAL SAF Sorocaba
paulista_sub11_2026,Sub-11,1,29,28/mar,sáb,14 h 30,VOTORATY FC,VOTORATY FUTEBOL CLUBE LTDA.,EC SÃO BENTO,ESPORTE CLUBE SÃO BENTO,Votorantim,scheduled,029 28/mar - sáb 14 h 30 VOTORATY FC X EC SÃO BENTO Votorantim
paulista_sub11_2026,Sub-11,1,30,28/mar,sáb,14 h 30,SÃO JOSÉ EC SAF,SÃO JOSÉ ESPORTE CLUBE SAF,AD MANTHIQUEIRA,ACADEMIA DESPORTIVA MANTHIQUEIRA FUTEBOL LTDA.,São José dos Campos,scheduled,030 28/mar - sáb 14 h 30 SÃO JOSÉ EC SAF X AD MANTHIQUEIRA São José dos Campos
paulista_sub11_2026,Sub-11,1,31,28/mar,sáb,14 h 30,CA ATLÉTICO MOGI,CLUBE ATLÉTICO MOGI DAS CRUZES DE FUTEBOL LTDA.,FC PRIMEIRA CAMISA,FUTEBOL CLUBE PRIMEIRA CAMISA,Mogi das Cruzes,scheduled,031 28/mar - sáb 14 h 30 CA ATLÉTICO MOGI X FC PRIMEIRA CAMISA Mogi das Cruzes
paulista_sub11_2026,Sub-11,1,32,28/mar,sáb,14 h 30,BARCELONA EC,BARCELONA ESPORTIVO CAPELA LTDA.,SÃO CAETANO FL,SÃO CAETANO FUTEBOL LTDA.,São Caetano do Sul,scheduled,032 28/mar - sáb 14 h 30 BARCELONA EC X SÃO CAETANO FL São Caetano do Sul
paulista_sub11_2026,Sub-11,1,33,28/mar,sáb,14 h 30,MAUÁ FUTEBOL TE,MAUÁ FUTEBOL TREINAMENTOS E ESPORTES LTDA.,EC SÃO BERNARDO SAF,ESPORTE CLUBE SÃO BERNARDO SAF,Mauá,scheduled,033 28/mar - sáb 14 h 30 MAUÁ FUTEBOL TE X EC SÃO BERNARDO SAF Mauá
paulista_sub11_2026,Sub-11,1,34,28/mar,sáb,14 h 30,AA PORTUGUESA,ASSOCIAÇÃO ATLÉTICA PORTUGUESA,GE MAUAENSE,GRÊMIO ESPORTIVO MAUAENSE,Santos,scheduled,034 28/mar - sáb 14 h 30 AA PORTUGUESA X GE MAUAENSE Santos
paulista_sub11_2026,Sub-11,1,35,29/mar,dom,14 h 30,AA INTER BEBEDOURO,ASSOCIAÇÃO ATLÉTICA INTERNACIONAL BEBEDOURO,AA FRANCANA,ASSOCIAÇÃO ATLÉTICA FRANCANA,Bebedouro,scheduled,035 29/mar - dom 14 h 30 AA INTER BEBEDOURO X AA FRANCANA Bebedouro
paulista_sub11_2026,Sub-11,1,36,29/mar,dom,14 h 30,SÃO CARLOS FL,SÃO CARLOS FUTEBOL LTDA.,AE VELO CLUBE,ASSOCIAÇÃO ESPORTIVA VELO CLUBE RIOCLARENSE - RIO CLARO,São Carlos,scheduled,036 29/mar - dom 14 h 30 SÃO CARLOS FL X AE VELO CLUBE São Carlos
paulista_sub11_2026,Sub-11,1,37,29/mar,dom,14 h 30,UNIÃO SUZANO AC,UNIÃO SUZANO ATLÉTICO CLUBE,ECUS SAF,ESPORTE CLUBE UNIÃO SUZANO SAF,Suzano,scheduled,037 29/mar - dom 14 h 30 UNIÃO SUZANO AC X ECUS SAF Suzano
paulista_sub11_2026,Sub-11,1,38,29/mar,dom,14 h 30,EC TAUBATÉ,ESPORTE CLUBE TAUBATÉ,SC CORINTHIANS PTA,SPORT CLUB CORINTHIANS PAULISTA,Taubaté,scheduled,038 29/mar - dom 14 h 30 EC TAUBATÉ X SC CORINTHIANS PTA Taubaté
paulista_sub11_2026,Sub-11,1,39,29/mar,dom,14 h 30,JABAQUARA AC,JABAQUARA ATLÉTICO CLUBE,SANTOS FC,SANTOS FUTEBOL CLUBE,Santos,scheduled,039 29/mar - dom 14 h 30 JABAQUARA AC X SANTOS FC Santos
paulista_sub11_2026,Sub-11,2,40,11/abr,sáb,14 h 30,MIRASSOL FC,MIRASSOL FUTEBOL CLUBE,JOSÉ BONIFÁCIO EC,JOSÉ BONIFÁCIO ESPORTE CLUBE,Bálsamo,scheduled,040 11/abr - sáb 14 h 30 MIRASSOL FC X JOSÉ BONIFÁCIO EC Bálsamo
paulista_sub11_2026,Sub-11,2,41,11/abr,sáb,14 h 30,ARAÇATUBA FC SAF,ARAÇATUBA FUTEBOL CLUBE SAF,OLÍMPIA FC,OLÍMPIA FUTEBOL CLUBE,Araçatuba,scheduled,041 11/abr - sáb 14 h 30 ARAÇATUBA FC SAF X OLÍMPIA FC Araçatuba
paulista_sub11_2026,Sub-11,2,42,11/abr,sáb,14 h 30,CA PENAPOLENSE,CLUBE ATLÉTICO PENAPOLENSE,CA LINENSE,CLUBE ATLÉTICO LINENSE,Penápolis,scheduled,042 11/abr - sáb 14 h 30 CA PENAPOLENSE X CA LINENSE Penápolis
paulista_sub11_2026,Sub-11,2,43,11/abr,sáb,14 h 30,SANTA FÉ FC,SANTA FÉ FUTEBOL CLUBE LTDA.,GR. CATANDUVENSE,GRÊMIO CATANDUVENSE DE FUTEBOL,Santa Fé do Sul,scheduled,043 11/abr - sáb 14 h 30 SANTA FÉ FC X GR. CATANDUVENSE Santa Fé do Sul
paulista_sub11_2026,Sub-11,2,44,11/abr,sáb,14 h 30,TUPÃ FC,TUPÃ FUTEBOL CLUBE,AA ITARARÉ,ASSOCIAÇÃO ATLÉTICA ITARARÉ,Tupã,scheduled,044 11/abr - sáb 14 h 30 TUPÃ FC X AA ITARARÉ Tupã
paulista_sub11_2026,Sub-11,2,45,11/abr,sáb,14 h 30,MARÍLIA AC,MARÍLIA ATLÉTICO CLUBE,EC NOROESTE SAF,ESPORTE CLUBE NOROESTE SAF,Marília,scheduled,045 11/abr - sáb 14 h 30 MARÍLIA AC X EC NOROESTE SAF Marília
paulista_sub11_2026,Sub-11,2,46,11/abr,sáb,14 h 30,CA ASSISENSE,CLUBE ATLÉTICO ASSISENSE,EC XV DE JAÚ,ESPORTE CLUBE XV DE NOVEMBRO,Assis,scheduled,046 11/abr - sáb 14 h 30 CA ASSISENSE X EC XV DE JAÚ Assis
paulista_sub11_2026,Sub-11,2,47,11/abr,sáb,14 h 30,BOTAFOGO S/A,BOTAFOGO FUTEBOL S/A,BATATAIS FC,BATATAIS FUTEBOL CLUBE,Ribeirão Preto,scheduled,047 11/abr - sáb 14 h 30 BOTAFOGO S/A X BATATAIS FC Ribeirão Preto
paulista_sub11_2026,Sub-11,2,48,11/abr,sáb,14 h 30,LG FUTEBOL CLUBE,LG FUTEBOL CLUBE LTDA.,I9 FUTEBOL CLUBE,I9 INTERNACIONAL ACADEMY,Serrana,scheduled,048 11/abr - sáb 14 h 30 LG FUTEBOL CLUBE X I9 FUTEBOL CLUBE Serrana
paulista_sub11_2026,Sub-11,2,49,11/abr,sáb,14 h 30,BARRETOS EC,BARRETOS ESPORTE CLUBE,AA INTER BEBEDOURO,ASSOCIAÇÃO ATLÉTICA INTERNACIONAL BEBEDOURO,Barretos,scheduled,049 11/abr - sáb 14 h 30 BARRETOS EC X AA INTER BEBEDOURO Barretos
paulista_sub11_2026,Sub-11,2,50,11/abr,sáb,14 h 30,AA FRANCANA,ASSOCIAÇÃO ATLÉTICA FRANCANA,COMERCIAL FC - RP,COMERCIAL FUTEBOL CLUBE,Franca,scheduled,050 11/abr - sáb 14 h 30 AA FRANCANA X COMERCIAL FC - RP Franca
paulista_sub11_2026,Sub-11,2,51,11/abr,sáb,14 h 30,AE VELO CLUBE,ASSOCIAÇÃO ESPORTIVA VELO CLUBE RIOCLARENSE - RIO CLARO,SE MATONENSE,SOCIEDADE ESPORTIVA MATONENSE,Rio Claro,scheduled,051 11/abr - sáb 14 h 30 AE VELO CLUBE X SE MATONENSE Rio Claro
paulista_sub11_2026,Sub-11,2,52,11/abr,sáb,14 h 30,PALMEIRAS FC,PALMEIRAS FUTEBOL CLUBE,SÃO CARLOS FL,SÃO CARLOS FUTEBOL LTDA.,São João da Boa Vista,scheduled,052 11/abr - sáb 14 h 30 PALMEIRAS FC X SÃO CARLOS FL São João da Boa Vista
paulista_sub11_2026,Sub-11,2,53,11/abr,sáb,14 h 30,CA TAQUARITINGA,CLUBE ATLÉTICO TAQUARITINGA,PORTO FOOT BALL LTDA,PORTO FOOT BALL LTDA.,Taquaritinga,scheduled,053 11/abr - sáb 14 h 30 CA TAQUARITINGA X PORTO FOOT BALL LTDA Taquaritinga
paulista_sub11_2026,Sub-11,2,54,11/abr,sáb,14 h 30,SPORT CLUBE AGUAÍ,SPORT CLUBE AGUAÍ,RIO CLARO FC,RIO CLARO FUTEBOL CLUBE,Aguaí,scheduled,054 11/abr - sáb 14 h 30 SPORT CLUBE AGUAÍ X RIO CLARO FC Aguaí
paulista_sub11_2026,Sub-11,2,55,11/abr,sáb,14 h 30,COSMOPOLITANO SPORTS,COSMOPOLITANO SPORTS LTDA.,AMPARO AC,AMPARO ATHÉTICO CLUB,Cosmópolis,scheduled,055 11/abr - sáb 14 h 30 COSMOPOLITANO SPORTS X AMPARO AC Cosmópolis
paulista_sub11_2026,Sub-11,2,56,11/abr,sáb,14 h 30,INDEPENDENTE FC,INDEPENDENTE FUTEBOL CLUBE,UA BARBARENSE FC,UNIÃO AGRÍCOLA BARBARENSE FUTEBOL CLUBE - SANTA BÁRBARA D'OESTE,Limeira,scheduled,056 11/abr - sáb 14 h 30 INDEPENDENTE FC X UA BARBARENSE FC Limeira
paulista_sub11_2026,Sub-11,2,57,11/abr,sáb,14 h 30,GUARANI FC,GUARANI FUTEBOL CLUBE,AA INTER LIMEIRA,ASSOCIAÇÃO ATLÉTICA INTERNACIONAL LIMEIRA,Amparo,scheduled,057 11/abr - sáb 14 h 30 GUARANI FC X AA INTER LIMEIRA Amparo
paulista_sub11_2026,Sub-11,2,58,11/abr,sáb,14 h 30,MACABI HOLAMBRA,MACABI HOLAMBRA ESPORTE CLUBE,RIO BRANCO EC,RIO BRANCO ESPORTE CLUBE,Holambra,scheduled,058 11/abr - sáb 14 h 30 MACABI HOLAMBRA X RIO BRANCO EC Holambra
paulista_sub11_2026,Sub-11,2,59,11/abr,sáb,14 h 30,RED BULL BRAGANTINO,RED BULL BRAGANTINO FUTEBOL LTDA.,SC PAULINENSE,SPORTING CLUB PAULINENSE,Atibaia,scheduled,059 11/abr - sáb 14 h 30 RED BULL BRAGANTINO X SC PAULINENSE Atibaia
paulista_sub11_2026,Sub-11,2,60,11/abr,sáb,14 h 30,VALINHOS HYPER FC S.A.F,VALINHOS HYPER FUTEBOL CLUBE SAF,SÃO BERNARDO FC,SÃO BERNARDO FUTEBOL CLUBE LTDA.,Valinhos,scheduled,060 11/abr - sáb 14 h 30 VALINHOS HYPER FC S.A.F X SÃO BERNARDO FC Valinhos
paulista_sub11_2026,Sub-11,2,61,11/abr,sáb,14 h 30,PRIMAVERA SAF,PRIMAVERA SAF,SFERA SAF,SFERA SAF,Indaiatuba,scheduled,061 11/abr - sáb 14 h 30 PRIMAVERA SAF X SFERA SAF Indaiatuba
paulista_sub11_2026,Sub-11,2,62,11/abr,sáb,14 h 30,VALINHOS EC,VALINHOS ESPORTE CLUBE LTDA.,DS SPORTS LTDA,DIFFERENT SYSTEM SPORTS LTDA.,Itatiba,scheduled,062 11/abr - sáb 14 h 30 VALINHOS EC X DS SPORTS LTDA Itatiba
paulista_sub11_2026,Sub-11,2,63,11/abr,sáb,14 h 30,SE PALMEIRAS,SOCIEDADE ESPORTIVA PALMEIRAS,AA FLAMENGO,ASSOCIAÇÃO ATLÉTICA FLAMENGO,Guarulhos,scheduled,063 11/abr - sáb 14 h 30 SE PALMEIRAS X AA FLAMENGO Guarulhos
paulista_sub11_2026,Sub-11,2,64,11/abr,sáb,14 h 30,AD GUARULHOS,ASSOCIAÇÃO DESPORTIVA GUARULHOS,PRATA DA CASA SAF,PRATA DA CASA SAF,Guarulhos,scheduled,064 11/abr - sáb 14 h 30 AD GUARULHOS X PRATA DA CASA SAF Guarulhos
paulista_sub11_2026,Sub-11,2,65,11/abr,sáb,14 h 30,COLORADO CAIEIRAS FC,COLORADO CAIEIRAS FUTEBOL CLUBE LTDA.,PAULISTA FC,PAULISTA FUTEBOL CLUBE LTDA.,Caieiras,scheduled,065 11/abr - sáb 14 h 30 COLORADO CAIEIRAS FC X PAULISTA FC Caieiras
paulista_sub11_2026,Sub-11,2,66,11/abr,sáb,14 h 30,SÃO PAULO FC,SÃO PAULO FUTEBOL CLUBE,SALTO FC,SALTO FUTEBOL CLUBE,Cotia,scheduled,066 11/abr - sáb 14 h 30 SÃO PAULO FC X SALTO FC Cotia
paulista_sub11_2026,Sub-11,2,67,11/abr,sáb,14 h 30,EC SÃO BENTO,ESPORTE CLUBE SÃO BENTO,REFERÊNCIA FC SAF,REFERÊNCIA FUTEBOL CLUBE SAF,Sorocaba,scheduled,067 11/abr - sáb 14 h 30 EC SÃO BENTO X REFERÊNCIA FC SAF Sorocaba
paulista_sub11_2026,Sub-11,2,68,11/abr,sáb,14 h 30,GO AUDAX,GRÊMIO OSASCO AUDAX ESPORTE CLUBE,REAL SOCCER,ASSOCIAÇÃO ACADEMY REAL FUTEBOL CLUBE,Osasco,scheduled,068 11/abr - sáb 14 h 30 GO AUDAX X REAL SOCCER Osasco
paulista_sub11_2026,Sub-11,2,69,11/abr,sáb,14 h 30,CLUBE VITAL SAF,CLUBE VITAL ACADEMIA DE FUTEBOL SAF,VOTORATY FC,VOTORATY FUTEBOL CLUBE LTDA.,Ibiúna,scheduled,069 11/abr - sáb 14 h 30 CLUBE VITAL SAF X VOTORATY FC Ibiúna
paulista_sub11_2026,Sub-11,2,70,11/abr,sáb,14 h 30,SC CORINTHIANS PTA,SPORT CLUB CORINTHIANS PAULISTA,UNIÃO SUZANO AC,UNIÃO SUZANO ATLÉTICO CLUBE,São Paulo,scheduled,070 11/abr - sáb 14 h 30 SC CORINTHIANS PTA X UNIÃO SUZANO AC São Paulo
paulista_sub11_2026,Sub-11,2,71,11/abr,sáb,14 h 30,FC PRIMEIRA CAMISA,FUTEBOL CLUBE PRIMEIRA CAMISA,EC TAUBATÉ,ESPORTE CLUBE TAUBATÉ,São José dos Campos,scheduled,071 11/abr - sáb 14 h 30 FC PRIMEIRA CAMISA X EC TAUBATÉ São José dos Campos
paulista_sub11_2026,Sub-11,2,72,11/abr,sáb,14 h 30,ECUS SAF,ESPORTE CLUBE UNIÃO SUZANO SAF,SÃO JOSÉ EC SAF,SÃO JOSÉ ESPORTE CLUBE SAF,Suzano,scheduled,072 11/abr - sáb 14 h 30 ECUS SAF X SÃO JOSÉ EC SAF Suzano
paulista_sub11_2026,Sub-11,2,73,11/abr,sáb,14 h 30,AD MANTHIQUEIRA,ACADEMIA DESPORTIVA MANTHIQUEIRA FUTEBOL LTDA.,CA ATLÉTICO MOGI,CLUBE ATLÉTICO MOGI DAS CRUZES DE FUTEBOL LTDA.,Guaratinguetá,scheduled,073 11/abr - sáb 14 h 30 AD MANTHIQUEIRA X CA ATLÉTICO MOGI Guaratinguetá
paulista_sub11_2026,Sub-11,2,74,11/abr,sáb,14 h 30,SANTOS FC,SANTOS FUTEBOL CLUBE,BARCELONA EC,BARCELONA ESPORTIVO CAPELA LTDA.,Santos,scheduled,074 11/abr - sáb 14 h 30 SANTOS FC X BARCELONA EC Santos
paulista_sub11_2026,Sub-11,2,75,11/abr,sáb,14 h 30,GE MAUAENSE,GRÊMIO ESPORTIVO MAUAENSE,JABAQUARA AC,JABAQUARA ATLÉTICO CLUBE,Mauá,scheduled,075 11/abr - sáb 14 h 30 GE MAUAENSE X JABAQUARA AC Mauá
paulista_sub11_2026,Sub-11,2,76,11/abr,sáb,14 h 30,SÃO CAETANO FL,SÃO CAETANO FUTEBOL LTDA.,MAUÁ FUTEBOL TE,MAUÁ FUTEBOL TREINAMENTOS E ESPORTES LTDA.,São Caetano do Sul,scheduled,076 11/abr - sáb 14 h 30 SÃO CAETANO FL X MAUÁ FUTEBOL TE São Caetano do Sul
paulista_sub11_2026,Sub-11,2,77,11/abr,sáb,14 h 30,EC SÃO BERNARDO SAF,ESPORTE CLUBE SÃO BERNARDO SAF,AA PORTUGUESA,ASSOCIAÇÃO ATLÉTICA PORTUGUESA,São Bernardo do Campo,scheduled,077 11/abr - sáb 14 h 30 EC SÃO BERNARDO SAF X AA PORTUGUESA São Bernardo do Campo
paulista_sub11_2026,Sub-11,2,78,12/abr,dom,14 h 30,JUVENTUS SAF,JUVENTUS SAF,ITAQUAQUECETUBA ATH.,ITAQUAQUECETUBA ATHLETICO CLUB LTDA.,São Paulo,scheduled,078 12/abr - dom 14 h 30 JUVENTUS SAF X ITAQUAQUECETUBA ATH. São Paulo
paulista_sub11_2026,Sub-11,3,79,25/abr,sáb,14 h 30,JOSÉ BONIFÁCIO EC,JOSÉ BONIFÁCIO ESPORTE CLUBE,OLÍMPIA FC,OLÍMPIA FUTEBOL CLUBE,José Bonifácio,scheduled,079 25/abr - sáb 14 h 30 JOSÉ BONIFÁCIO EC X OLÍMPIA FC José Bonifácio
paulista_sub11_2026,Sub-11,3,80,25/abr,sáb,14 h 30,CA LINENSE,CLUBE ATLÉTICO LINENSE,MIRASSOL FC,MIRASSOL FUTEBOL CLUBE,Lins,scheduled,080 25/abr - sáb 14 h 30 CA LINENSE X MIRASSOL FC Lins
paulista_sub11_2026,Sub-11,3,81,25/abr,sáb,14 h 30,GR. CATANDUVENSE,GRÊMIO CATANDUVENSE DE FUTEBOL,CA PENAPOLENSE,CLUBE ATLÉTICO PENAPOLENSE,Catanduva,scheduled,081 25/abr - sáb 14 h 30 GR. CATANDUVENSE X CA PENAPOLENSE Catanduva
paulista_sub11_2026,Sub-11,3,82,25/abr,sáb,14 h 30,SANTA FÉ FC,SANTA FÉ FUTEBOL CLUBE LTDA.,ARAÇATUBA FC SAF,ARAÇATUBA FUTEBOL CLUBE SAF,Santa Fé do Sul,scheduled,082 25/abr - sáb 14 h 30 SANTA FÉ FC X ARAÇATUBA FC SAF Santa Fé do Sul
paulista_sub11_2026,Sub-11,3,83,25/abr,sáb,14 h 30,AA ITARARÉ,ASSOCIAÇÃO ATLÉTICA ITARARÉ,CA ASSISENSE,CLUBE ATLÉTICO ASSISENSE,Itararé,scheduled,083 25/abr - sáb 14 h 30 AA ITARARÉ X CA ASSISENSE Itararé
paulista_sub11_2026,Sub-11,3,84,25/abr,sáb,14 h 30,PRES. PRUDENTE FC,PRESIDENTE PRUDENTE FUTEBOL CLUBE,TUPÃ FC,TUPÃ FUTEBOL CLUBE,Presidente Prudente,scheduled,084 25/abr - sáb 14 h 30 PRES. PRUDENTE FC X TUPÃ FC Presidente Prudente
paulista_sub11_2026,Sub-11,3,85,25/abr,sáb,14 h 30,EC XV DE JAÚ,ESPORTE CLUBE XV DE NOVEMBRO,MARÍLIA AC,MARÍLIA ATLÉTICO CLUBE,Jaú,scheduled,085 25/abr - sáb 14 h 30 EC XV DE JAÚ X MARÍLIA AC Jaú
paulista_sub11_2026,Sub-11,3,86,25/abr,sáb,14 h 30,BATATAIS FC,BATATAIS FUTEBOL CLUBE,I9 FUTEBOL CLUBE,I9 INTERNACIONAL ACADEMY,Batatais,scheduled,086 25/abr - sáb 14 h 30 BATATAIS FC X I9 FUTEBOL CLUBE Batatais
paulista_sub11_2026,Sub-11,3,87,25/abr,sáb,14 h 30,AA INTER BEBEDOURO,ASSOCIAÇÃO ATLÉTICA INTERNACIONAL BEBEDOURO,BOTAFOGO S/A,BOTAFOGO FUTEBOL S/A,Bebedouro,scheduled,087 25/abr - sáb 14 h 30 AA INTER BEBEDOURO X BOTAFOGO S/A Bebedouro
paulista_sub11_2026,Sub-11,3,88,25/abr,sáb,14 h 30,COMERCIAL FC - RP,COMERCIAL FUTEBOL CLUBE,BARRETOS EC,BARRETOS ESPORTE CLUBE,Ribeirão Preto,scheduled,088 25/abr - sáb 14 h 30 COMERCIAL FC - RP X BARRETOS EC Ribeirão Preto
paulista_sub11_2026,Sub-11,3,89,25/abr,sáb,14 h 30,AA FRANCANA,ASSOCIAÇÃO ATLÉTICA FRANCANA,LG FUTEBOL CLUBE,LG FUTEBOL CLUBE LTDA.,Franca,scheduled,089 25/abr - sáb 14 h 30 AA FRANCANA X LG FUTEBOL CLUBE Franca
paulista_sub11_2026,Sub-11,3,90,25/abr,sáb,14 h 30,SE MATONENSE,SOCIEDADE ESPORTIVA MATONENSE,SÃO CARLOS FL,SÃO CARLOS FUTEBOL LTDA.,Matão,scheduled,090 25/abr - sáb 14 h 30 SE MATONENSE X SÃO CARLOS FL Matão
paulista_sub11_2026,Sub-11,3,91,25/abr,sáb,14 h 30,PORTO FOOT BALL LTDA,PORTO FOOT BALL LTDA.,AE VELO CLUBE,ASSOCIAÇÃO ESPORTIVA VELO CLUBE RIOCLARENSE - RIO CLARO,Porto Ferreira,scheduled,091 25/abr - sáb 14 h 30 PORTO FOOT BALL LTDA X AE VELO CLUBE Porto Ferreira
paulista_sub11_2026,Sub-11,3,92,25/abr,sáb,14 h 30,RIO CLARO FC,RIO CLARO FUTEBOL CLUBE,CA TAQUARITINGA,CLUBE ATLÉTICO TAQUARITINGA,Rio Claro,scheduled,092 25/abr - sáb 14 h 30 RIO CLARO FC X CA TAQUARITINGA Rio Claro
paulista_sub11_2026,Sub-11,3,93,25/abr,sáb,14 h 30,SPORT CLUBE AGUAÍ,SPORT CLUBE AGUAÍ,PALMEIRAS FC,PALMEIRAS FUTEBOL CLUBE,Aguaí,scheduled,093 25/abr - sáb 14 h 30 SPORT CLUBE AGUAÍ X PALMEIRAS FC Aguaí
paulista_sub11_2026,Sub-11,3,94,25/abr,sáb,14 h 30,AMPARO AC,AMPARO ATHÉTICO CLUB,UA BARBARENSE FC,UNIÃO AGRÍCOLA BARBARENSE FUTEBOL CLUBE - SANTA BÁRBARA D'OESTE,Amparo,scheduled,094 25/abr - sáb 14 h 30 AMPARO AC X UA BARBARENSE FC Amparo
paulista_sub11_2026,Sub-11,3,95,25/abr,sáb,14 h 30,AA INTER LIMEIRA,ASSOCIAÇÃO ATLÉTICA INTERNACIONAL LIMEIRA,COSMOPOLITANO SPORTS,COSMOPOLITANO SPORTS LTDA.,Limeira,scheduled,095 25/abr - sáb 14 h 30 AA INTER LIMEIRA X COSMOPOLITANO SPORTS Limeira
paulista_sub11_2026,Sub-11,3,96,25/abr,sáb,14 h 30,RIO BRANCO EC,RIO BRANCO ESPORTE CLUBE,GUARANI FC,GUARANI FUTEBOL CLUBE,Americana,scheduled,096 25/abr - sáb 14 h 30 RIO BRANCO EC X GUARANI FC Americana
paulista_sub11_2026,Sub-11,3,97,25/abr,sáb,14 h 30,MACABI HOLAMBRA,MACABI HOLAMBRA ESPORTE CLUBE,INDEPENDENTE FC,INDEPENDENTE FUTEBOL CLUBE,Holambra,scheduled,097 25/abr - sáb 14 h 30 MACABI HOLAMBRA X INDEPENDENTE FC Holambra
paulista_sub11_2026,Sub-11,3,98,25/abr,sáb,14 h 30,SC PAULINENSE,SPORTING CLUB PAULINENSE,SÃO BERNARDO FC,SÃO BERNARDO FUTEBOL CLUBE LTDA.,Paulínia,scheduled,098 25/abr - sáb 14 h 30 SC PAULINENSE X SÃO BERNARDO FC Paulínia
paulista_sub11_2026,Sub-11,3,99,25/abr,sáb,14 h 30,SFERA SAF,SFERA SAF,RED BULL BRAGANTINO,RED BULL BRAGANTINO FUTEBOL LTDA.,Jarinu,scheduled,099 25/abr - sáb 14 h 30 SFERA SAF X RED BULL BRAGANTINO Jarinu
paulista_sub11_2026,Sub-11,3,100,25/abr,sáb,14 h 30,DS SPORTS LTDA,DIFFERENT SYSTEM SPORTS LTDA.,PRIMAVERA SAF,PRIMAVERA SAF,Atibaia,scheduled,100 25/abr - sáb 14 h 30 DS SPORTS LTDA X PRIMAVERA SAF Atibaia
paulista_sub11_2026,Sub-11,3,101,25/abr,sáb,14 h 30,VALINHOS EC,VALINHOS ESPORTE CLUBE LTDA.,VALINHOS HYPER FC S.A.F,VALINHOS HYPER FUTEBOL CLUBE SAF,Itatiba,scheduled,101 25/abr - sáb 14 h 30 VALINHOS EC X VALINHOS HYPER FC S.A.F Itatiba
paulista_sub11_2026,Sub-11,3,102,25/abr,sáb,14 h 30,PRATA DA CASA SAF,PRATA DA CASA SAF,SE PALMEIRAS,SOCIEDADE ESPORTIVA PALMEIRAS,São Paulo,scheduled,102 25/abr - sáb 14 h 30 PRATA DA CASA SAF X SE PALMEIRAS São Paulo
paulista_sub11_2026,Sub-11,3,103,25/abr,sáb,14 h 30,PAULISTA FC,PAULISTA FUTEBOL CLUBE LTDA.,AD GUARULHOS,ASSOCIAÇÃO DESPORTIVA GUARULHOS,Jundiaí,scheduled,103 25/abr - sáb 14 h 30 PAULISTA FC X AD GUARULHOS Jundiaí
paulista_sub11_2026,Sub-11,3,104,25/abr,sáb,14 h 30,COLORADO CAIEIRAS FC,COLORADO CAIEIRAS FUTEBOL CLUBE LTDA.,JUVENTUS SAF,JUVENTUS SAF,Caieiras,scheduled,104 25/abr - sáb 14 h 30 COLORADO CAIEIRAS FC X JUVENTUS SAF Caieiras
paulista_sub11_2026,Sub-11,3,105,25/abr,sáb,14 h 30,SALTO FC,SALTO FUTEBOL CLUBE,REFERÊNCIA FC SAF,REFERÊNCIA FUTEBOL CLUBE SAF,Salto,scheduled,105 25/abr - sáb 14 h 30 SALTO FC X REFERÊNCIA FC SAF Salto
paulista_sub11_2026,Sub-11,3,106,25/abr,sáb,14 h 30,REAL SOCCER,ASSOCIAÇÃO ACADEMY REAL FUTEBOL CLUBE,SÃO PAULO FC,SÃO PAULO FUTEBOL CLUBE,Sorocaba,scheduled,106 25/abr - sáb 14 h 30 REAL SOCCER X SÃO PAULO FC Sorocaba
paulista_sub11_2026,Sub-11,3,107,25/abr,sáb,14 h 30,VOTORATY FC,VOTORATY FUTEBOL CLUBE LTDA.,GO AUDAX,GRÊMIO OSASCO AUDAX ESPORTE CLUBE,Votorantim,scheduled,107 25/abr - sáb 14 h 30 VOTORATY FC X GO AUDAX Votorantim
paulista_sub11_2026,Sub-11,3,108,25/abr,sáb,14 h 30,CLUBE VITAL SAF,CLUBE VITAL ACADEMIA DE FUTEBOL SAF,EC SÃO BENTO,ESPORTE CLUBE SÃO BENTO,Ibiúna,scheduled,108 25/abr - sáb 14 h 30 CLUBE VITAL SAF X EC SÃO BENTO Ibiúna
paulista_sub11_2026,Sub-11,3,109,25/abr,sáb,14 h 30,UNIÃO SUZANO AC,UNIÃO SUZANO ATLÉTICO CLUBE,EC TAUBATÉ,ESPORTE CLUBE TAUBATÉ,Suzano,scheduled,109 25/abr - sáb 14 h 30 UNIÃO SUZANO AC X EC TAUBATÉ Suzano
paulista_sub11_2026,Sub-11,3,110,25/abr,sáb,14 h 30,SÃO JOSÉ EC SAF,SÃO JOSÉ ESPORTE CLUBE SAF,SC CORINTHIANS PTA,SPORT CLUB CORINTHIANS PAULISTA,São José dos Campos,scheduled,110 25/abr - sáb 14 h 30 SÃO JOSÉ EC SAF X SC CORINTHIANS PTA São José dos Campos
paulista_sub11_2026,Sub-11,3,111,25/abr,sáb,14 h 30,CA ATLÉTICO MOGI,CLUBE ATLÉTICO MOGI DAS CRUZES DE FUTEBOL LTDA.,ECUS SAF,ESPORTE CLUBE UNIÃO SUZANO SAF,Mogi das Cruzes,scheduled,111 25/abr - sáb 14 h 30 CA ATLÉTICO MOGI X ECUS SAF Mogi das Cruzes
paulista_sub11_2026,Sub-11,3,112,25/abr,sáb,14 h 30,BARCELONA EC,BARCELONA ESPORTIVO CAPELA LTDA.,JABAQUARA AC,JABAQUARA ATLÉTICO CLUBE,São Caetano do Sul,scheduled,112 25/abr - sáb 14 h 30 BARCELONA EC X JABAQUARA AC São Caetano do Sul
paulista_sub11_2026,Sub-11,3,113,25/abr,sáb,14 h 30,AA PORTUGUESA,ASSOCIAÇÃO ATLÉTICA PORTUGUESA,SÃO CAETANO FL,SÃO CAETANO FUTEBOL LTDA.,Santos,scheduled,113 25/abr - sáb 14 h 30 AA PORTUGUESA X SÃO CAETANO FL Santos
paulista_sub11_2026,Sub-11,3,114,25/abr,sáb,14 h 30,EC SÃO BERNARDO SAF,ESPORTE CLUBE SÃO BERNARDO SAF,GE MAUAENSE,GRÊMIO ESPORTIVO MAUAENSE,São Bernardo do Campo,scheduled,114 25/abr - sáb 14 h 30 EC SÃO BERNARDO SAF X GE MAUAENSE São Bernardo do Campo
paulista_sub11_2026,Sub-11,3,115,26/abr,dom,14 h 30,AA FLAMENGO,ASSOCIAÇÃO ATLÉTICA FLAMENGO,ITAQUAQUECETUBA ATH.,ITAQUAQUECETUBA ATHLETICO CLUB LTDA.,Guarulhos,scheduled,115 26/abr - dom 14 h 30 AA FLAMENGO X ITAQUAQUECETUBA ATH. Guarulhos
paulista_sub11_2026,Sub-11,3,116,26/abr,dom,14 h 30,AD MANTHIQUEIRA,ACADEMIA DESPORTIVA MANTHIQUEIRA FUTEBOL LTDA.,FC PRIMEIRA CAMISA,FUTEBOL CLUBE PRIMEIRA CAMISA,Guaratinguetá,scheduled,116 26/abr - dom 14 h 30 AD MANTHIQUEIRA X FC PRIMEIRA CAMISA Guaratinguetá
paulista_sub11_2026,Sub-11,3,117,26/abr,dom,14 h 30,MAUÁ FUTEBOL TE,MAUÁ FUTEBOL TREINAMENTOS E ESPORTES LTDA.,SANTOS FC,SANTOS FUTEBOL CLUBE,Mauá,scheduled,117 26/abr - dom 14 h 30 MAUÁ FUTEBOL TE X SANTOS FC Mauá
paulista_sub11_2026,Sub-11,4,118,09/mai,sáb,14 h 30,ARAÇATUBA FC SAF,ARAÇATUBA FUTEBOL CLUBE SAF,JOSÉ BONIFÁCIO EC,JOSÉ BONIFÁCIO ESPORTE CLUBE,Araçatuba,scheduled,118 09/mai - sáb 14 h 30 ARAÇATUBA FC SAF X JOSÉ BONIFÁCIO EC Araçatuba
paulista_sub11_2026,Sub-11,4,119,09/mai,sáb,14 h 30,OLÍMPIA FC,OLÍMPIA FUTEBOL CLUBE,CA LINENSE,CLUBE ATLÉTICO LINENSE,Olímpia,scheduled,119 09/mai - sáb 14 h 30 OLÍMPIA FC X CA LINENSE Olímpia
paulista_sub11_2026,Sub-11,4,120,09/mai,sáb,14 h 30,MIRASSOL FC,MIRASSOL FUTEBOL CLUBE,GR. CATANDUVENSE,GRÊMIO CATANDUVENSE DE FUTEBOL,Bálsamo,scheduled,120 09/mai - sáb 14 h 30 MIRASSOL FC X GR. CATANDUVENSE Bálsamo
paulista_sub11_2026,Sub-11,4,121,09/mai,sáb,14 h 30,CA PENAPOLENSE,CLUBE ATLÉTICO PENAPOLENSE,SANTA FÉ FC,SANTA FÉ FUTEBOL CLUBE LTDA.,Penápolis,scheduled,121 09/mai - sáb 14 h 30 CA PENAPOLENSE X SANTA FÉ FC Penápolis
paulista_sub11_2026,Sub-11,4,122,09/mai,sáb,14 h 30,CA ASSISENSE,CLUBE ATLÉTICO ASSISENSE,PRES. PRUDENTE FC,PRESIDENTE PRUDENTE FUTEBOL CLUBE,Assis,scheduled,122 09/mai - sáb 14 h 30 CA ASSISENSE X PRES. PRUDENTE FC Assis
paulista_sub11_2026,Sub-11,4,123,09/mai,sáb,14 h 30,EC NOROESTE SAF,ESPORTE CLUBE NOROESTE SAF,EC XV DE JAÚ,ESPORTE CLUBE XV DE NOVEMBRO,Iacanga,scheduled,123 09/mai - sáb 14 h 30 EC NOROESTE SAF X EC XV DE JAÚ Iacanga
paulista_sub11_2026,Sub-11,4,124,09/mai,sáb,14 h 30,MARÍLIA AC,MARÍLIA ATLÉTICO CLUBE,AA ITARARÉ,ASSOCIAÇÃO ATLÉTICA ITARARÉ,Marília,scheduled,124 09/mai - sáb 14 h 30 MARÍLIA AC X AA ITARARÉ Marília
paulista_sub11_2026,Sub-11,4,125,09/mai,sáb,14 h 30,LG FUTEBOL CLUBE,LG FUTEBOL CLUBE LTDA.,BATATAIS FC,BATATAIS FUTEBOL CLUBE,Serrana,scheduled,125 09/mai - sáb 14 h 30 LG FUTEBOL CLUBE X BATATAIS FC Serrana
paulista_sub11_2026,Sub-11,4,126,09/mai,sáb,14 h 30,I9 FUTEBOL CLUBE,I9 INTERNACIONAL ACADEMY,AA INTER BEBEDOURO,ASSOCIAÇÃO ATLÉTICA INTERNACIONAL BEBEDOURO,Ribeirão Preto,scheduled,126 09/mai - sáb 14 h 30 I9 FUTEBOL CLUBE X AA INTER BEBEDOURO Ribeirão Preto
paulista_sub11_2026,Sub-11,4,127,09/mai,sáb,14 h 30,BOTAFOGO S/A,BOTAFOGO FUTEBOL S/A,COMERCIAL FC - RP,COMERCIAL FUTEBOL CLUBE,Ribeirão Preto,scheduled,127 09/mai - sáb 14 h 30 BOTAFOGO S/A X COMERCIAL FC - RP Ribeirão Preto
paulista_sub11_2026,Sub-11,4,128,09/mai,sáb,14 h 30,BARRETOS EC,BARRETOS ESPORTE CLUBE,AA FRANCANA,ASSOCIAÇÃO ATLÉTICA FRANCANA,Barretos,scheduled,128 09/mai - sáb 14 h 30 BARRETOS EC X AA FRANCANA Barretos
paulista_sub11_2026,Sub-11,4,129,09/mai,sáb,14 h 30,PALMEIRAS FC,PALMEIRAS FUTEBOL CLUBE,SE MATONENSE,SOCIEDADE ESPORTIVA MATONENSE,São João da Boa Vista,scheduled,129 09/mai - sáb 14 h 30 PALMEIRAS FC X SE MATONENSE São João da Boa Vista
paulista_sub11_2026,Sub-11,4,130,09/mai,sáb,14 h 30,SÃO CARLOS FL,SÃO CARLOS FUTEBOL LTDA.,PORTO FOOT BALL LTDA,PORTO FOOT BALL LTDA.,São Carlos,scheduled,130 09/mai - sáb 14 h 30 SÃO CARLOS FL X PORTO FOOT BALL LTDA São Carlos
paulista_sub11_2026,Sub-11,4,131,09/mai,sáb,14 h 30,AE VELO CLUBE,ASSOCIAÇÃO ESPORTIVA VELO CLUBE RIOCLARENSE - RIO CLARO,RIO CLARO FC,RIO CLARO FUTEBOL CLUBE,Rio Claro,scheduled,131 09/mai - sáb 14 h 30 AE VELO CLUBE X RIO CLARO FC Rio Claro
paulista_sub11_2026,Sub-11,4,132,09/mai,sáb,14 h 30,CA TAQUARITINGA,CLUBE ATLÉTICO TAQUARITINGA,SPORT CLUBE AGUAÍ,SPORT CLUBE AGUAÍ,Taquaritinga,scheduled,132 09/mai - sáb 14 h 30 CA TAQUARITINGA X SPORT CLUBE AGUAÍ Taquaritinga
paulista_sub11_2026,Sub-11,4,133,09/mai,sáb,14 h 30,INDEPENDENTE FC,INDEPENDENTE FUTEBOL CLUBE,AMPARO AC,AMPARO ATHÉTICO CLUB,Limeira,scheduled,133 09/mai - sáb 14 h 30 INDEPENDENTE FC X AMPARO AC Limeira
paulista_sub11_2026,Sub-11,4,134,09/mai,sáb,14 h 30,UA BARBARENSE FC,UNIÃO AGRÍCOLA BARBARENSE FUTEBOL CLUBE - SANTA BÁRBARA D'OESTE,AA INTER LIMEIRA,ASSOCIAÇÃO ATLÉTICA INTERNACIONAL LIMEIRA,Santa Bárbara D'Oeste,scheduled,134 09/mai - sáb 14 h 30 UA BARBARENSE FC X AA INTER LIMEIRA Santa Bárbara D'Oeste
paulista_sub11_2026,Sub-11,4,135,09/mai,sáb,14 h 30,COSMOPOLITANO SPORTS,COSMOPOLITANO SPORTS LTDA.,RIO BRANCO EC,RIO BRANCO ESPORTE CLUBE,Cosmópolis,scheduled,135 09/mai - sáb 14 h 30 COSMOPOLITANO SPORTS X RIO BRANCO EC Cosmópolis
paulista_sub11_2026,Sub-11,4,136,09/mai,sáb,14 h 30,GUARANI FC,GUARANI FUTEBOL CLUBE,MACABI HOLAMBRA,MACABI HOLAMBRA ESPORTE CLUBE,Amparo,scheduled,136 09/mai - sáb 14 h 30 GUARANI FC X MACABI HOLAMBRA Amparo
paulista_sub11_2026,Sub-11,4,137,09/mai,sáb,14 h 30,VALINHOS HYPER FC S.A.F,VALINHOS HYPER FUTEBOL CLUBE SAF,SC PAULINENSE,SPORTING CLUB PAULINENSE,Valinhos,scheduled,137 09/mai - sáb 14 h 30 VALINHOS HYPER FC S.A.F X SC PAULINENSE Valinhos
paulista_sub11_2026,Sub-11,4,138,09/mai,sáb,14 h 30,SÃO BERNARDO FC,SÃO BERNARDO FUTEBOL CLUBE LTDA.,SFERA SAF,SFERA SAF,Itatiba,scheduled,138 09/mai - sáb 14 h 30 SÃO BERNARDO FC X SFERA SAF Itatiba
paulista_sub11_2026,Sub-11,4,139,09/mai,sáb,14 h 30,RED BULL BRAGANTINO,RED BULL BRAGANTINO FUTEBOL LTDA.,DS SPORTS LTDA,DIFFERENT SYSTEM SPORTS LTDA.,Atibaia,scheduled,139 09/mai - sáb 14 h 30 RED BULL BRAGANTINO X DS SPORTS LTDA Atibaia
paulista_sub11_2026,Sub-11,4,140,09/mai,sáb,14 h 30,PRIMAVERA SAF,PRIMAVERA SAF,VALINHOS EC,VALINHOS ESPORTE CLUBE LTDA.,Indaiatuba,scheduled,140 09/mai - sáb 14 h 30 PRIMAVERA SAF X VALINHOS EC Indaiatuba
paulista_sub11_2026,Sub-11,4,141,09/mai,sáb,14 h 30,JUVENTUS SAF,JUVENTUS SAF,AA FLAMENGO,ASSOCIAÇÃO ATLÉTICA FLAMENGO,São Paulo,scheduled,141 09/mai - sáb 14 h 30 JUVENTUS SAF X AA FLAMENGO São Paulo
paulista_sub11_2026,Sub-11,4,142,09/mai,sáb,14 h 30,ITAQUAQUECETUBA ATH.,ITAQUAQUECETUBA ATHLETICO CLUB LTDA.,PRATA DA CASA SAF,PRATA DA CASA SAF,Itaquaquecetuba,scheduled,142 09/mai - sáb 14 h 30 ITAQUAQUECETUBA ATH. X PRATA DA CASA SAF Itaquaquecetuba
paulista_sub11_2026,Sub-11,4,143,09/mai,sáb,14 h 30,SE PALMEIRAS,SOCIEDADE ESPORTIVA PALMEIRAS,PAULISTA FC,PAULISTA FUTEBOL CLUBE LTDA.,Guarulhos,scheduled,143 09/mai - sáb 14 h 30 SE PALMEIRAS X PAULISTA FC Guarulhos
paulista_sub11_2026,Sub-11,4,144,09/mai,sáb,14 h 30,AD GUARULHOS,ASSOCIAÇÃO DESPORTIVA GUARULHOS,COLORADO CAIEIRAS FC,COLORADO CAIEIRAS FUTEBOL CLUBE LTDA.,Guarulhos,scheduled,144 09/mai - sáb 14 h 30 AD GUARULHOS X COLORADO CAIEIRAS FC Guarulhos
paulista_sub11_2026,Sub-11,4,145,09/mai,sáb,14 h 30,EC SÃO BENTO,ESPORTE CLUBE SÃO BENTO,SALTO FC,SALTO FUTEBOL CLUBE,Sorocaba,scheduled,145 09/mai - sáb 14 h 30 EC SÃO BENTO X SALTO FC Sorocaba
paulista_sub11_2026,Sub-11,4,146,09/mai,sáb,14 h 30,REFERÊNCIA FC SAF,REFERÊNCIA FUTEBOL CLUBE SAF,REAL SOCCER,ASSOCIAÇÃO ACADEMY REAL FUTEBOL CLUBE,Embu das Artes,scheduled,146 09/mai - sáb 14 h 30 REFERÊNCIA FC SAF X REAL SOCCER Embu das Artes
paulista_sub11_2026,Sub-11,4,147,09/mai,sáb,14 h 30,SÃO PAULO FC,SÃO PAULO FUTEBOL CLUBE,VOTORATY FC,VOTORATY FUTEBOL CLUBE LTDA.,Cotia,scheduled,147 09/mai - sáb 14 h 30 SÃO PAULO FC X VOTORATY FC Cotia
paulista_sub11_2026,Sub-11,4,148,09/mai,sáb,14 h 30,GO AUDAX,GRÊMIO OSASCO AUDAX ESPORTE CLUBE,CLUBE VITAL SAF,CLUBE VITAL ACADEMIA DE FUTEBOL SAF,Osasco,scheduled,148 09/mai - sáb 14 h 30 GO AUDAX X CLUBE VITAL SAF Osasco
paulista_sub11_2026,Sub-11,4,149,09/mai,sáb,14 h 30,FC PRIMEIRA CAMISA,FUTEBOL CLUBE PRIMEIRA CAMISA,UNIÃO SUZANO AC,UNIÃO SUZANO ATLÉTICO CLUBE,São José dos Campos,scheduled,149 09/mai - sáb 14 h 30 FC PRIMEIRA CAMISA X UNIÃO SUZANO AC São José dos Campos
paulista_sub11_2026,Sub-11,4,150,09/mai,sáb,14 h 30,SC CORINTHIANS PTA,SPORT CLUB CORINTHIANS PAULISTA,CA ATLÉTICO MOGI,CLUBE ATLÉTICO MOGI DAS CRUZES DE FUTEBOL LTDA.,São Paulo,scheduled,150 09/mai - sáb 14 h 30 SC CORINTHIANS PTA X CA ATLÉTICO MOGI São Paulo
paulista_sub11_2026,Sub-11,4,151,09/mai,sáb,14 h 30,ECUS SAF,ESPORTE CLUBE UNIÃO SUZANO SAF,AD MANTHIQUEIRA,ACADEMIA DESPORTIVA MANTHIQUEIRA FUTEBOL LTDA.,Suzano,scheduled,151 09/mai - sáb 14 h 30 ECUS SAF X AD MANTHIQUEIRA Suzano
paulista_sub11_2026,Sub-11,4,152,09/mai,sáb,14 h 30,JABAQUARA AC,JABAQUARA ATLÉTICO CLUBE,MAUÁ FUTEBOL TE,MAUÁ FUTEBOL TREINAMENTOS E ESPORTES LTDA.,Santos,scheduled,152 09/mai - sáb 14 h 30 JABAQUARA AC X MAUÁ FUTEBOL TE Santos
paulista_sub11_2026,Sub-11,4,153,09/mai,sáb,14 h 30,SANTOS FC,SANTOS FUTEBOL CLUBE,AA PORTUGUESA,ASSOCIAÇÃO ATLÉTICA PORTUGUESA,Santos,scheduled,153 09/mai - sáb 14 h 30 SANTOS FC X AA PORTUGUESA Santos
paulista_sub11_2026,Sub-11,4,154,09/mai,sáb,14 h 30,SÃO CAETANO FL,SÃO CAETANO FUTEBOL LTDA.,EC SÃO BERNARDO SAF,ESPORTE CLUBE SÃO BERNARDO SAF,São Caetano do Sul,scheduled,154 09/mai - sáb 14 h 30 SÃO CAETANO FL X EC SÃO BERNARDO SAF São Caetano do Sul
paulista_sub11_2026,Sub-11,4,155,10/mai,dom,14 h 30,EC TAUBATÉ,ESPORTE CLUBE TAUBATÉ,SÃO JOSÉ EC SAF,SÃO JOSÉ ESPORTE CLUBE SAF,Taubaté,scheduled,155 10/mai - dom 14 h 30 EC TAUBATÉ X SÃO JOSÉ EC SAF Taubaté
paulista_sub11_2026,Sub-11,4,156,10/mai,dom,14 h 30,GE MAUAENSE,GRÊMIO ESPORTIVO MAUAENSE,BARCELONA EC,BARCELONA ESPORTIVO CAPELA LTDA.,Mauá,scheduled,156 10/mai - dom 14 h 30 GE MAUAENSE X BARCELONA EC Mauá
paulista_sub11_2026,Sub-11,5,157,16/mai,sáb,14 h 30,JOSÉ BONIFÁCIO EC,JOSÉ BONIFÁCIO ESPORTE CLUBE,CA LINENSE,CLUBE ATLÉTICO LINENSE,José Bonifácio,scheduled,157 16/mai - sáb 14 h 30 JOSÉ BONIFÁCIO EC X CA LINENSE José Bonifácio
paulista_sub11_2026,Sub-11,5,158,16/mai,sáb,14 h 30,GR. CATANDUVENSE,GRÊMIO CATANDUVENSE DE FUTEBOL,OLÍMPIA FC,OLÍMPIA FUTEBOL CLUBE,Catanduva,scheduled,158 16/mai - sáb 14 h 30 GR. CATANDUVENSE X OLÍMPIA FC Catanduva
paulista_sub11_2026,Sub-11,5,159,16/mai,sáb,14 h 30,SANTA FÉ FC,SANTA FÉ FUTEBOL CLUBE LTDA.,MIRASSOL FC,MIRASSOL FUTEBOL CLUBE,Santa Fé do Sul,scheduled,159 16/mai - sáb 14 h 30 SANTA FÉ FC X MIRASSOL FC Santa Fé do Sul
paulista_sub11_2026,Sub-11,5,160,16/mai,sáb,14 h 30,ARAÇATUBA FC SAF,ARAÇATUBA FUTEBOL CLUBE SAF,CA PENAPOLENSE,CLUBE ATLÉTICO PENAPOLENSE,Araçatuba,scheduled,160 16/mai - sáb 14 h 30 ARAÇATUBA FC SAF X CA PENAPOLENSE Araçatuba
paulista_sub11_2026,Sub-11,5,161,16/mai,sáb,14 h 30,AA ITARARÉ,ASSOCIAÇÃO ATLÉTICA ITARARÉ,EC NOROESTE SAF,ESPORTE CLUBE NOROESTE SAF,Itararé,scheduled,161 16/mai - sáb 14 h 30 AA ITARARÉ X EC NOROESTE SAF Itararé
paulista_sub11_2026,Sub-11,5,162,16/mai,sáb,14 h 30,PRES. PRUDENTE FC,PRESIDENTE PRUDENTE FUTEBOL CLUBE,MARÍLIA AC,MARÍLIA ATLÉTICO CLUBE,Presidente Prudente,scheduled,162 16/mai - sáb 14 h 30 PRES. PRUDENTE FC X MARÍLIA AC Presidente Prudente
paulista_sub11_2026,Sub-11,5,163,16/mai,sáb,14 h 30,TUPÃ FC,TUPÃ FUTEBOL CLUBE,CA ASSISENSE,CLUBE ATLÉTICO ASSISENSE,Tupã,scheduled,163 16/mai - sáb 14 h 30 TUPÃ FC X CA ASSISENSE Tupã
paulista_sub11_2026,Sub-11,5,164,16/mai,sáb,14 h 30,BATATAIS FC,BATATAIS FUTEBOL CLUBE,AA INTER BEBEDOURO,ASSOCIAÇÃO ATLÉTICA INTERNACIONAL BEBEDOURO,Batatais,scheduled,164 16/mai - sáb 14 h 30 BATATAIS FC X AA INTER BEBEDOURO Batatais
paulista_sub11_2026,Sub-11,5,165,16/mai,sáb,14 h 30,COMERCIAL FC - RP,COMERCIAL FUTEBOL CLUBE,I9 FUTEBOL CLUBE,I9 INTERNACIONAL ACADEMY,Ribeirão Preto,scheduled,165 16/mai - sáb 14 h 30 COMERCIAL FC - RP X I9 FUTEBOL CLUBE Ribeirão Preto
paulista_sub11_2026,Sub-11,5,166,16/mai,sáb,14 h 30,AA FRANCANA,ASSOCIAÇÃO ATLÉTICA FRANCANA,BOTAFOGO S/A,BOTAFOGO FUTEBOL S/A,Franca,scheduled,166 16/mai - sáb 14 h 30 AA FRANCANA X BOTAFOGO S/A Franca
paulista_sub11_2026,Sub-11,5,167,16/mai,sáb,14 h 30,LG FUTEBOL CLUBE,LG FUTEBOL CLUBE LTDA.,BARRETOS EC,BARRETOS ESPORTE CLUBE,Serrana,scheduled,167 16/mai - sáb 14 h 30 LG FUTEBOL CLUBE X BARRETOS EC Serrana
paulista_sub11_2026,Sub-11,5,168,16/mai,sáb,14 h 30,SE MATONENSE,SOCIEDADE ESPORTIVA MATONENSE,PORTO FOOT BALL LTDA,PORTO FOOT BALL LTDA.,Matão,scheduled,168 16/mai - sáb 14 h 30 SE MATONENSE X PORTO FOOT BALL LTDA Matão
paulista_sub11_2026,Sub-11,5,169,16/mai,sáb,14 h 30,RIO CLARO FC,RIO CLARO FUTEBOL CLUBE,SÃO CARLOS FL,SÃO CARLOS FUTEBOL LTDA.,Rio Claro,scheduled,169 16/mai - sáb 14 h 30 RIO CLARO FC X SÃO CARLOS FL Rio Claro
paulista_sub11_2026,Sub-11,5,170,16/mai,sáb,14 h 30,SPORT CLUBE AGUAÍ,SPORT CLUBE AGUAÍ,AE VELO CLUBE,ASSOCIAÇÃO ESPORTIVA VELO CLUBE RIOCLARENSE - RIO CLARO,Aguaí,scheduled,170 16/mai - sáb 14 h 30 SPORT CLUBE AGUAÍ X AE VELO CLUBE Aguaí
paulista_sub11_2026,Sub-11,5,171,16/mai,sáb,14 h 30,PALMEIRAS FC,PALMEIRAS FUTEBOL CLUBE,CA TAQUARITINGA,CLUBE ATLÉTICO TAQUARITINGA,São João da Boa Vista,scheduled,171 16/mai - sáb 14 h 30 PALMEIRAS FC X CA TAQUARITINGA São João da Boa Vista
paulista_sub11_2026,Sub-11,5,172,16/mai,sáb,14 h 30,AMPARO AC,AMPARO ATHÉTICO CLUB,AA INTER LIMEIRA,ASSOCIAÇÃO ATLÉTICA INTERNACIONAL LIMEIRA,Amparo,scheduled,172 16/mai - sáb 14 h 30 AMPARO AC X AA INTER LIMEIRA Amparo
paulista_sub11_2026,Sub-11,5,173,16/mai,sáb,14 h 30,RIO BRANCO EC,RIO BRANCO ESPORTE CLUBE,UA BARBARENSE FC,UNIÃO AGRÍCOLA BARBARENSE FUTEBOL CLUBE - SANTA BÁRBARA D'OESTE,Americana,scheduled,173 16/mai - sáb 14 h 30 RIO BRANCO EC X UA BARBARENSE FC Americana
paulista_sub11_2026,Sub-11,5,174,16/mai,sáb,14 h 30,MACABI HOLAMBRA,MACABI HOLAMBRA ESPORTE CLUBE,COSMOPOLITANO SPORTS,COSMOPOLITANO SPORTS LTDA.,Holambra,scheduled,174 16/mai - sáb 14 h 30 MACABI HOLAMBRA X COSMOPOLITANO SPORTS Holambra
paulista_sub11_2026,Sub-11,5,175,16/mai,sáb,14 h 30,INDEPENDENTE FC,INDEPENDENTE FUTEBOL CLUBE,GUARANI FC,GUARANI FUTEBOL CLUBE,Limeira,scheduled,175 16/mai - sáb 14 h 30 INDEPENDENTE FC X GUARANI FC Limeira
paulista_sub11_2026,Sub-11,5,176,16/mai,sáb,14 h 30,SC PAULINENSE,SPORTING CLUB PAULINENSE,SFERA SAF,SFERA SAF,Paulínia,scheduled,176 16/mai - sáb 14 h 30 SC PAULINENSE X SFERA SAF Paulínia
paulista_sub11_2026,Sub-11,5,177,16/mai,sáb,14 h 30,DS SPORTS LTDA,DIFFERENT SYSTEM SPORTS LTDA.,SÃO BERNARDO FC,SÃO BERNARDO FUTEBOL CLUBE LTDA.,Atibaia,scheduled,177 16/mai - sáb 14 h 30 DS SPORTS LTDA X SÃO BERNARDO FC Atibaia
paulista_sub11_2026,Sub-11,5,178,16/mai,sáb,14 h 30,VALINHOS EC,VALINHOS ESPORTE CLUBE LTDA.,RED BULL BRAGANTINO,RED BULL BRAGANTINO FUTEBOL LTDA.,Itatiba,scheduled,178 16/mai - sáb 14 h 30 VALINHOS EC X RED BULL BRAGANTINO Itatiba
paulista_sub11_2026,Sub-11,5,179,16/mai,sáb,14 h 30,VALINHOS HYPER FC S.A.F,VALINHOS HYPER FUTEBOL CLUBE SAF,PRIMAVERA SAF,PRIMAVERA SAF,Valinhos,scheduled,179 16/mai - sáb 14 h 30 VALINHOS HYPER FC S.A.F X PRIMAVERA SAF Valinhos
paulista_sub11_2026,Sub-11,5,180,16/mai,sáb,14 h 30,PAULISTA FC,PAULISTA FUTEBOL CLUBE LTDA.,ITAQUAQUECETUBA ATH.,ITAQUAQUECETUBA ATHLETICO CLUB LTDA.,Jundiaí,scheduled,180 16/mai - sáb 14 h 30 PAULISTA FC X ITAQUAQUECETUBA ATH. Jundiaí
paulista_sub11_2026,Sub-11,5,181,16/mai,sáb,14 h 30,COLORADO CAIEIRAS FC,COLORADO CAIEIRAS FUTEBOL CLUBE LTDA.,SE PALMEIRAS,SOCIEDADE ESPORTIVA PALMEIRAS,Caieiras,scheduled,181 16/mai - sáb 14 h 30 COLORADO CAIEIRAS FC X SE PALMEIRAS Caieiras
paulista_sub11_2026,Sub-11,5,182,16/mai,sáb,14 h 30,JUVENTUS SAF,JUVENTUS SAF,AD GUARULHOS,ASSOCIAÇÃO DESPORTIVA GUARULHOS,São Paulo,scheduled,182 16/mai - sáb 14 h 30 JUVENTUS SAF X AD GUARULHOS São Paulo
paulista_sub11_2026,Sub-11,5,183,16/mai,sáb,14 h 30,SALTO FC,SALTO FUTEBOL CLUBE,REAL SOCCER,ASSOCIAÇÃO ACADEMY REAL FUTEBOL CLUBE,Salto,scheduled,183 16/mai - sáb 14 h 30 SALTO FC X REAL SOCCER Salto
paulista_sub11_2026,Sub-11,5,184,16/mai,sáb,14 h 30,CLUBE VITAL SAF,CLUBE VITAL ACADEMIA DE FUTEBOL SAF,SÃO PAULO FC,SÃO PAULO FUTEBOL CLUBE,Ibiúna,scheduled,184 16/mai - sáb 14 h 30 CLUBE VITAL SAF X SÃO PAULO FC Ibiúna
paulista_sub11_2026,Sub-11,5,185,16/mai,sáb,14 h 30,EC SÃO BENTO,ESPORTE CLUBE SÃO BENTO,GO AUDAX,GRÊMIO OSASCO AUDAX ESPORTE CLUBE,Sorocaba,scheduled,185 16/mai - sáb 14 h 30 EC SÃO BENTO X GO AUDAX Sorocaba
paulista_sub11_2026,Sub-11,5,186,16/mai,sáb,14 h 30,UNIÃO SUZANO AC,UNIÃO SUZANO ATLÉTICO CLUBE,SÃO JOSÉ EC SAF,SÃO JOSÉ ESPORTE CLUBE SAF,Suzano,scheduled,186 16/mai - sáb 14 h 30 UNIÃO SUZANO AC X SÃO JOSÉ EC SAF Suzano
paulista_sub11_2026,Sub-11,5,187,16/mai,sáb,14 h 30,CA ATLÉTICO MOGI,CLUBE ATLÉTICO MOGI DAS CRUZES DE FUTEBOL LTDA.,EC TAUBATÉ,ESPORTE CLUBE TAUBATÉ,Mogi das Cruzes,scheduled,187 16/mai - sáb 14 h 30 CA ATLÉTICO MOGI X EC TAUBATÉ Mogi das Cruzes
paulista_sub11_2026,Sub-11,5,188,16/mai,sáb,14 h 30,FC PRIMEIRA CAMISA,FUTEBOL CLUBE PRIMEIRA CAMISA,ECUS SAF,ESPORTE CLUBE UNIÃO SUZANO SAF,São José dos Campos,scheduled,188 16/mai - sáb 14 h 30 FC PRIMEIRA CAMISA X ECUS SAF São José dos Campos
paulista_sub11_2026,Sub-11,5,189,16/mai,sáb,14 h 30,BARCELONA EC,BARCELONA ESPORTIVO CAPELA LTDA.,MAUÁ FUTEBOL TE,MAUÁ FUTEBOL TREINAMENTOS E ESPORTES LTDA.,São Caetano do Sul,scheduled,189 16/mai - sáb 14 h 30 BARCELONA EC X MAUÁ FUTEBOL TE São Caetano do Sul
paulista_sub11_2026,Sub-11,5,190,16/mai,sáb,14 h 30,AA PORTUGUESA,ASSOCIAÇÃO ATLÉTICA PORTUGUESA,JABAQUARA AC,JABAQUARA ATLÉTICO CLUBE,Santos,scheduled,190 16/mai - sáb 14 h 30 AA PORTUGUESA X JABAQUARA AC Santos
paulista_sub11_2026,Sub-11,5,191,16/mai,sáb,14 h 30,EC SÃO BERNARDO SAF,ESPORTE CLUBE SÃO BERNARDO SAF,SANTOS FC,SANTOS FUTEBOL CLUBE,São Bernardo do Campo,scheduled,191 16/mai - sáb 14 h 30 EC SÃO BERNARDO SAF X SANTOS FC São Bernardo do Campo
paulista_sub11_2026,Sub-11,5,192,17/mai,dom,14 h 30,AA FLAMENGO,ASSOCIAÇÃO ATLÉTICA FLAMENGO,PRATA DA CASA SAF,PRATA DA CASA SAF,Guarulhos,scheduled,192 17/mai - dom 14 h 30 AA FLAMENGO X PRATA DA CASA SAF Guarulhos
paulista_sub11_2026,Sub-11,5,193,17/mai,dom,14 h 30,VOTORATY FC,VOTORATY FUTEBOL CLUBE LTDA.,REFERÊNCIA FC SAF,REFERÊNCIA FUTEBOL CLUBE SAF,Votorantim,scheduled,193 17/mai - dom 14 h 30 VOTORATY FC X REFERÊNCIA FC SAF Votorantim
paulista_sub11_2026,Sub-11,5,194,17/mai,dom,14 h 30,AD MANTHIQUEIRA,ACADEMIA DESPORTIVA MANTHIQUEIRA FUTEBOL LTDA.,SC CORINTHIANS PTA,SPORT CLUB CORINTHIANS PAULISTA,Guaratinguetá,scheduled,194 17/mai - dom 14 h 30 AD MANTHIQUEIRA X SC CORINTHIANS PTA Guaratinguetá
paulista_sub11_2026,Sub-11,5,195,17/mai,dom,14 h 30,GE MAUAENSE,GRÊMIO ESPORTIVO MAUAENSE,SÃO CAETANO FL,SÃO CAETANO FUTEBOL LTDA.,Mauá,scheduled,195 17/mai - dom 14 h 30 GE MAUAENSE X SÃO CAETANO FL Mauá
paulista_sub11_2026,Sub-11,6,196,30/mai,sáb,14 h 30,JOSÉ BONIFÁCIO EC,JOSÉ BONIFÁCIO ESPORTE CLUBE,GR. CATANDUVENSE,GRÊMIO CATANDUVENSE DE FUTEBOL,José Bonifácio,scheduled,196 30/mai - sáb 14 h 30 JOSÉ BONIFÁCIO EC X GR. CATANDUVENSE José Bonifácio
paulista_sub11_2026,Sub-11,6,197,30/mai,sáb,14 h 30,MIRASSOL FC,MIRASSOL FUTEBOL CLUBE,CA PENAPOLENSE,CLUBE ATLÉTICO PENAPOLENSE,Bálsamo,scheduled,197 30/mai - sáb 14 h 30 MIRASSOL FC X CA PENAPOLENSE Bálsamo
paulista_sub11_2026,Sub-11,6,198,30/mai,sáb,14 h 30,OLÍMPIA FC,OLÍMPIA FUTEBOL CLUBE,SANTA FÉ FC,SANTA FÉ FUTEBOL CLUBE LTDA.,Olímpia,scheduled,198 30/mai - sáb 14 h 30 OLÍMPIA FC X SANTA FÉ FC Olímpia
paulista_sub11_2026,Sub-11,6,199,30/mai,sáb,14 h 30,CA LINENSE,CLUBE ATLÉTICO LINENSE,ARAÇATUBA FC SAF,ARAÇATUBA FUTEBOL CLUBE SAF,Lins,scheduled,199 30/mai - sáb 14 h 30 CA LINENSE X ARAÇATUBA FC SAF Lins
paulista_sub11_2026,Sub-11,6,200,30/mai,sáb,14 h 30,MARÍLIA AC,MARÍLIA ATLÉTICO CLUBE,TUPÃ FC,TUPÃ FUTEBOL CLUBE,Marília,scheduled,200 30/mai - sáb 14 h 30 MARÍLIA AC X TUPÃ FC Marília
paulista_sub11_2026,Sub-11,6,201,30/mai,sáb,14 h 30,EC NOROESTE SAF,ESPORTE CLUBE NOROESTE SAF,PRES. PRUDENTE FC,PRESIDENTE PRUDENTE FUTEBOL CLUBE,Iacanga,scheduled,201 30/mai - sáb 14 h 30 EC NOROESTE SAF X PRES. PRUDENTE FC Iacanga
paulista_sub11_2026,Sub-11,6,202,30/mai,sáb,14 h 30,EC XV DE JAÚ,ESPORTE CLUBE XV DE NOVEMBRO,AA ITARARÉ,ASSOCIAÇÃO ATLÉTICA ITARARÉ,Jaú,scheduled,202 30/mai - sáb 14 h 30 EC XV DE JAÚ X AA ITARARÉ Jaú
paulista_sub11_2026,Sub-11,6,203,30/mai,sáb,14 h 30,BATATAIS FC,BATATAIS FUTEBOL CLUBE,COMERCIAL FC - RP,COMERCIAL FUTEBOL CLUBE,Batatais,scheduled,203 30/mai - sáb 14 h 30 BATATAIS FC X COMERCIAL FC - RP Batatais
paulista_sub11_2026,Sub-11,6,204,30/mai,sáb,14 h 30,BOTAFOGO S/A,BOTAFOGO FUTEBOL S/A,BARRETOS EC,BARRETOS ESPORTE CLUBE,Ribeirão Preto,scheduled,204 30/mai - sáb 14 h 30 BOTAFOGO S/A X BARRETOS EC Ribeirão Preto
paulista_sub11_2026,Sub-11,6,205,30/mai,sáb,14 h 30,I9 FUTEBOL CLUBE,I9 INTERNACIONAL ACADEMY,AA FRANCANA,ASSOCIAÇÃO ATLÉTICA FRANCANA,Ribeirão Preto,scheduled,205 30/mai - sáb 14 h 30 I9 FUTEBOL CLUBE X AA FRANCANA Ribeirão Preto
paulista_sub11_2026,Sub-11,6,206,30/mai,sáb,14 h 30,AA INTER BEBEDOURO,ASSOCIAÇÃO ATLÉTICA INTERNACIONAL BEBEDOURO,LG FUTEBOL CLUBE,LG FUTEBOL CLUBE LTDA.,Bebedouro,scheduled,206 30/mai - sáb 14 h 30 AA INTER BEBEDOURO X LG FUTEBOL CLUBE Bebedouro
paulista_sub11_2026,Sub-11,6,207,30/mai,sáb,14 h 30,SE MATONENSE,SOCIEDADE ESPORTIVA MATONENSE,RIO CLARO FC,RIO CLARO FUTEBOL CLUBE,Matão,scheduled,207 30/mai - sáb 14 h 30 SE MATONENSE X RIO CLARO FC Matão
paulista_sub11_2026,Sub-11,6,208,30/mai,sáb,14 h 30,AE VELO CLUBE,ASSOCIAÇÃO ESPORTIVA VELO CLUBE RIOCLARENSE - RIO CLARO,CA TAQUARITINGA,CLUBE ATLÉTICO TAQUARITINGA,Rio Claro,scheduled,208 30/mai - sáb 14 h 30 AE VELO CLUBE X CA TAQUARITINGA Rio Claro
paulista_sub11_2026,Sub-11,6,209,30/mai,sáb,14 h 30,PORTO FOOT BALL LTDA,PORTO FOOT BALL LTDA.,PALMEIRAS FC,PALMEIRAS FUTEBOL CLUBE,Porto Ferreira,scheduled,209 30/mai - sáb 14 h 30 PORTO FOOT BALL LTDA X PALMEIRAS FC Porto Ferreira
paulista_sub11_2026,Sub-11,6,210,30/mai,sáb,14 h 30,AMPARO AC,AMPARO ATHÉTICO CLUB,RIO BRANCO EC,RIO BRANCO ESPORTE CLUBE,Amparo,scheduled,210 30/mai - sáb 14 h 30 AMPARO AC X RIO BRANCO EC Amparo
paulista_sub11_2026,Sub-11,6,211,30/mai,sáb,14 h 30,COSMOPOLITANO SPORTS,COSMOPOLITANO SPORTS LTDA.,GUARANI FC,GUARANI FUTEBOL CLUBE,Cosmópolis,scheduled,211 30/mai - sáb 14 h 30 COSMOPOLITANO SPORTS X GUARANI FC Cosmópolis
paulista_sub11_2026,Sub-11,6,212,30/mai,sáb,14 h 30,UA BARBARENSE FC,UNIÃO AGRÍCOLA BARBARENSE FUTEBOL CLUBE - SANTA BÁRBARA D'OESTE,MACABI HOLAMBRA,MACABI HOLAMBRA ESPORTE CLUBE,Santa Bárbara D'Oeste,scheduled,212 30/mai - sáb 14 h 30 UA BARBARENSE FC X MACABI HOLAMBRA Santa Bárbara D'Oeste
paulista_sub11_2026,Sub-11,6,213,30/mai,sáb,14 h 30,SC PAULINENSE,SPORTING CLUB PAULINENSE,DS SPORTS LTDA,DIFFERENT SYSTEM SPORTS LTDA.,Paulínia,scheduled,213 30/mai - sáb 14 h 30 SC PAULINENSE X DS SPORTS LTDA Paulínia
paulista_sub11_2026,Sub-11,6,214,30/mai,sáb,14 h 30,RED BULL BRAGANTINO,RED BULL BRAGANTINO FUTEBOL LTDA.,PRIMAVERA SAF,PRIMAVERA SAF,Atibaia,scheduled,214 30/mai - sáb 14 h 30 RED BULL BRAGANTINO X PRIMAVERA SAF Atibaia
paulista_sub11_2026,Sub-11,6,215,30/mai,sáb,14 h 30,SÃO BERNARDO FC,SÃO BERNARDO FUTEBOL CLUBE LTDA.,VALINHOS EC,VALINHOS ESPORTE CLUBE LTDA.,Itatiba,scheduled,215 30/mai - sáb 14 h 30 SÃO BERNARDO FC X VALINHOS EC Itatiba
paulista_sub11_2026,Sub-11,6,216,30/mai,sáb,14 h 30,SFERA SAF,SFERA SAF,VALINHOS HYPER FC S.A.F,VALINHOS HYPER FUTEBOL CLUBE SAF,Jarinu,scheduled,216 30/mai - sáb 14 h 30 SFERA SAF X VALINHOS HYPER FC S.A.F Jarinu
paulista_sub11_2026,Sub-11,6,217,30/mai,sáb,14 h 30,AA FLAMENGO,ASSOCIAÇÃO ATLÉTICA FLAMENGO,PAULISTA FC,PAULISTA FUTEBOL CLUBE LTDA.,Guarulhos,scheduled,217 30/mai - sáb 14 h 30 AA FLAMENGO X PAULISTA FC Guarulhos
paulista_sub11_2026,Sub-11,6,218,30/mai,sáb,14 h 30,SE PALMEIRAS,SOCIEDADE ESPORTIVA PALMEIRAS,AD GUARULHOS,ASSOCIAÇÃO DESPORTIVA GUARULHOS,Guarulhos,scheduled,218 30/mai - sáb 14 h 30 SE PALMEIRAS X AD GUARULHOS Guarulhos
paulista_sub11_2026,Sub-11,6,219,30/mai,sáb,14 h 30,ITAQUAQUECETUBA ATH.,ITAQUAQUECETUBA ATHLETICO CLUB LTDA.,COLORADO CAIEIRAS FC,COLORADO CAIEIRAS FUTEBOL CLUBE LTDA.,Itaquaquecetuba,scheduled,219 30/mai - sáb 14 h 30 ITAQUAQUECETUBA ATH. X COLORADO CAIEIRAS FC Itaquaquecetuba
paulista_sub11_2026,Sub-11,6,220,30/mai,sáb,14 h 30,PRATA DA CASA SAF,PRATA DA CASA SAF,JUVENTUS SAF,JUVENTUS SAF,São Paulo,scheduled,220 30/mai - sáb 14 h 30 PRATA DA CASA SAF X JUVENTUS SAF São Paulo
paulista_sub11_2026,Sub-11,6,221,30/mai,sáb,14 h 30,SALTO FC,SALTO FUTEBOL CLUBE,VOTORATY FC,VOTORATY FUTEBOL CLUBE LTDA.,Salto,scheduled,221 30/mai - sáb 14 h 30 SALTO FC X VOTORATY FC Salto
paulista_sub11_2026,Sub-11,6,222,30/mai,sáb,14 h 30,SÃO PAULO FC,SÃO PAULO FUTEBOL CLUBE,GO AUDAX,GRÊMIO OSASCO AUDAX ESPORTE CLUBE,Cotia,scheduled,222 30/mai - sáb 14 h 30 SÃO PAULO FC X GO AUDAX Cotia
paulista_sub11_2026,Sub-11,6,223,30/mai,sáb,14 h 30,REFERÊNCIA FC SAF,REFERÊNCIA FUTEBOL CLUBE SAF,CLUBE VITAL SAF,CLUBE VITAL ACADEMIA DE FUTEBOL SAF,Embu das Artes,scheduled,223 30/mai - sáb 14 h 30 REFERÊNCIA FC SAF X CLUBE VITAL SAF Embu das Artes
paulista_sub11_2026,Sub-11,6,224,30/mai,sáb,14 h 30,REAL SOCCER,ASSOCIAÇÃO ACADEMY REAL FUTEBOL CLUBE,EC SÃO BENTO,ESPORTE CLUBE SÃO BENTO,Sorocaba,scheduled,224 30/mai - sáb 14 h 30 REAL SOCCER X EC SÃO BENTO Sorocaba
paulista_sub11_2026,Sub-11,6,225,30/mai,sáb,14 h 30,UNIÃO SUZANO AC,UNIÃO SUZANO ATLÉTICO CLUBE,CA ATLÉTICO MOGI,CLUBE ATLÉTICO MOGI DAS CRUZES DE FUTEBOL LTDA.,Suzano,scheduled,225 30/mai - sáb 14 h 30 UNIÃO SUZANO AC X CA ATLÉTICO MOGI Suzano
paulista_sub11_2026,Sub-11,6,226,30/mai,sáb,14 h 30,SC CORINTHIANS PTA,SPORT CLUB CORINTHIANS PAULISTA,ECUS SAF,ESPORTE CLUBE UNIÃO SUZANO SAF,São Paulo,scheduled,226 30/mai - sáb 14 h 30 SC CORINTHIANS PTA X ECUS SAF São Paulo
paulista_sub11_2026,Sub-11,6,227,30/mai,sáb,14 h 30,EC TAUBATÉ,ESPORTE CLUBE TAUBATÉ,AD MANTHIQUEIRA,ACADEMIA DESPORTIVA MANTHIQUEIRA FUTEBOL LTDA.,Taubaté,scheduled,227 30/mai - sáb 14 h 30 EC TAUBATÉ X AD MANTHIQUEIRA Taubaté
paulista_sub11_2026,Sub-11,6,228,30/mai,sáb,14 h 30,SÃO JOSÉ EC SAF,SÃO JOSÉ ESPORTE CLUBE SAF,FC PRIMEIRA CAMISA,FUTEBOL CLUBE PRIMEIRA CAMISA,São José dos Campos,scheduled,228 30/mai - sáb 14 h 30 SÃO JOSÉ EC SAF X FC PRIMEIRA CAMISA São José dos Campos
paulista_sub11_2026,Sub-11,6,229,30/mai,sáb,14 h 30,BARCELONA EC,BARCELONA ESPORTIVO CAPELA LTDA.,AA PORTUGUESA,ASSOCIAÇÃO ATLÉTICA PORTUGUESA,São Caetano do Sul,scheduled,229 30/mai - sáb 14 h 30 BARCELONA EC X AA PORTUGUESA São Caetano do Sul
paulista_sub11_2026,Sub-11,6,230,30/mai,sáb,14 h 30,SANTOS FC,SANTOS FUTEBOL CLUBE,SÃO CAETANO FL,SÃO CAETANO FUTEBOL LTDA.,Santos,scheduled,230 30/mai - sáb 14 h 30 SANTOS FC X SÃO CAETANO FL Santos
paulista_sub11_2026,Sub-11,6,231,30/mai,sáb,14 h 30,JABAQUARA AC,JABAQUARA ATLÉTICO CLUBE,EC SÃO BERNARDO SAF,ESPORTE CLUBE SÃO BERNARDO SAF,Santos,scheduled,231 30/mai - sáb 14 h 30 JABAQUARA AC X EC SÃO BERNARDO SAF Santos
paulista_sub11_2026,Sub-11,6,232,31/mai,dom,14 h 30,SÃO CARLOS FL,SÃO CARLOS FUTEBOL LTDA.,SPORT CLUBE AGUAÍ,SPORT CLUBE AGUAÍ,São Carlos,scheduled,232 31/mai - dom 14 h 30 SÃO CARLOS FL X SPORT CLUBE AGUAÍ São Carlos
paulista_sub11_2026,Sub-11,6,233,31/mai,dom,14 h 30,AA INTER LIMEIRA,ASSOCIAÇÃO ATLÉTICA INTERNACIONAL LIMEIRA,INDEPENDENTE FC,INDEPENDENTE FUTEBOL CLUBE,Limeira,scheduled,233 31/mai - dom 14 h 30 AA INTER LIMEIRA X INDEPENDENTE FC Limeira
paulista_sub11_2026,Sub-11,6,234,31/mai,dom,14 h 30,MAUÁ FUTEBOL TE,MAUÁ FUTEBOL TREINAMENTOS E ESPORTES LTDA.,GE MAUAENSE,GRÊMIO ESPORTIVO MAUAENSE,Mauá,scheduled,234 31/mai - dom 14 h 30 MAUÁ FUTEBOL TE X GE MAUAENSE Mauá
paulista_sub11_2026,Sub-11,7,235,13/jun,sáb,14 h 30,SANTA FÉ FC,SANTA FÉ FUTEBOL CLUBE LTDA.,JOSÉ BONIFÁCIO EC,JOSÉ BONIFÁCIO ESPORTE CLUBE,Santa Fé do Sul,scheduled,235 13/jun - sáb 14 h 30 SANTA FÉ FC X JOSÉ BONIFÁCIO EC Santa Fé do Sul
paulista_sub11_2026,Sub-11,7,236,13/jun,sáb,14 h 30,CA PENAPOLENSE,CLUBE ATLÉTICO PENAPOLENSE,OLÍMPIA FC,OLÍMPIA FUTEBOL CLUBE,Penápolis,scheduled,236 13/jun - sáb 14 h 30 CA PENAPOLENSE X OLÍMPIA FC Penápolis
paulista_sub11_2026,Sub-11,7,237,13/jun,sáb,14 h 30,GR. CATANDUVENSE,GRÊMIO CATANDUVENSE DE FUTEBOL,CA LINENSE,CLUBE ATLÉTICO LINENSE,Catanduva,scheduled,237 13/jun - sáb 14 h 30 GR. CATANDUVENSE X CA LINENSE Catanduva
paulista_sub11_2026,Sub-11,7,238,13/jun,sáb,14 h 30,ARAÇATUBA FC SAF,ARAÇATUBA FUTEBOL CLUBE SAF,MIRASSOL FC,MIRASSOL FUTEBOL CLUBE,Araçatuba,scheduled,238 13/jun - sáb 14 h 30 ARAÇATUBA FC SAF X MIRASSOL FC Araçatuba
paulista_sub11_2026,Sub-11,7,239,13/jun,sáb,14 h 30,PRES. PRUDENTE FC,PRESIDENTE PRUDENTE FUTEBOL CLUBE,EC XV DE JAÚ,ESPORTE CLUBE XV DE NOVEMBRO,Presidente Prudente,scheduled,239 13/jun - sáb 14 h 30 PRES. PRUDENTE FC X EC XV DE JAÚ Presidente Prudente
paulista_sub11_2026,Sub-11,7,240,13/jun,sáb,14 h 30,TUPÃ FC,TUPÃ FUTEBOL CLUBE,EC NOROESTE SAF,ESPORTE CLUBE NOROESTE SAF,Tupã,scheduled,240 13/jun - sáb 14 h 30 TUPÃ FC X EC NOROESTE SAF Tupã
paulista_sub11_2026,Sub-11,7,241,13/jun,sáb,14 h 30,CA ASSISENSE,CLUBE ATLÉTICO ASSISENSE,MARÍLIA AC,MARÍLIA ATLÉTICO CLUBE,Assis,scheduled,241 13/jun - sáb 14 h 30 CA ASSISENSE X MARÍLIA AC Assis
paulista_sub11_2026,Sub-11,7,242,13/jun,sáb,14 h 30,AA FRANCANA,ASSOCIAÇÃO ATLÉTICA FRANCANA,BATATAIS FC,BATATAIS FUTEBOL CLUBE,Franca,scheduled,242 13/jun - sáb 14 h 30 AA FRANCANA X BATATAIS FC Franca
paulista_sub11_2026,Sub-11,7,243,13/jun,sáb,14 h 30,BARRETOS EC,BARRETOS ESPORTE CLUBE,I9 FUTEBOL CLUBE,I9 INTERNACIONAL ACADEMY,Barretos,scheduled,243 13/jun - sáb 14 h 30 BARRETOS EC X I9 FUTEBOL CLUBE Barretos
paulista_sub11_2026,Sub-11,7,244,13/jun,sáb,14 h 30,COMERCIAL FC - RP,COMERCIAL FUTEBOL CLUBE,AA INTER BEBEDOURO,ASSOCIAÇÃO ATLÉTICA INTERNACIONAL BEBEDOURO,Ribeirão Preto,scheduled,244 13/jun - sáb 14 h 30 COMERCIAL FC - RP X AA INTER BEBEDOURO Ribeirão Preto
paulista_sub11_2026,Sub-11,7,245,13/jun,sáb,14 h 30,LG FUTEBOL CLUBE,LG FUTEBOL CLUBE LTDA.,BOTAFOGO S/A,BOTAFOGO FUTEBOL S/A,Serrana,scheduled,245 13/jun - sáb 14 h 30 LG FUTEBOL CLUBE X BOTAFOGO S/A Serrana
paulista_sub11_2026,Sub-11,7,246,13/jun,sáb,14 h 30,SPORT CLUBE AGUAÍ,SPORT CLUBE AGUAÍ,SE MATONENSE,SOCIEDADE ESPORTIVA MATONENSE,Aguaí,scheduled,246 13/jun - sáb 14 h 30 SPORT CLUBE AGUAÍ X SE MATONENSE Aguaí
paulista_sub11_2026,Sub-11,7,247,13/jun,sáb,14 h 30,CA TAQUARITINGA,CLUBE ATLÉTICO TAQUARITINGA,SÃO CARLOS FL,SÃO CARLOS FUTEBOL LTDA.,Taquaritinga,scheduled,247 13/jun - sáb 14 h 30 CA TAQUARITINGA X SÃO CARLOS FL Taquaritinga
paulista_sub11_2026,Sub-11,7,248,13/jun,sáb,14 h 30,RIO CLARO FC,RIO CLARO FUTEBOL CLUBE,PORTO FOOT BALL LTDA,PORTO FOOT BALL LTDA.,Rio Claro,scheduled,248 13/jun - sáb 14 h 30 RIO CLARO FC X PORTO FOOT BALL LTDA Rio Claro
paulista_sub11_2026,Sub-11,7,249,13/jun,sáb,14 h 30,PALMEIRAS FC,PALMEIRAS FUTEBOL CLUBE,AE VELO CLUBE,ASSOCIAÇÃO ESPORTIVA VELO CLUBE RIOCLARENSE - RIO CLARO,São João da Boa Vista,scheduled,249 13/jun - sáb 14 h 30 PALMEIRAS FC X AE VELO CLUBE São João da Boa Vista
paulista_sub11_2026,Sub-11,7,250,13/jun,sáb,14 h 30,MACABI HOLAMBRA,MACABI HOLAMBRA ESPORTE CLUBE,AMPARO AC,AMPARO ATHÉTICO CLUB,Holambra,scheduled,250 13/jun - sáb 14 h 30 MACABI HOLAMBRA X AMPARO AC Holambra
paulista_sub11_2026,Sub-11,7,251,13/jun,sáb,14 h 30,GUARANI FC,GUARANI FUTEBOL CLUBE,UA BARBARENSE FC,UNIÃO AGRÍCOLA BARBARENSE FUTEBOL CLUBE - SANTA BÁRBARA D'OESTE,Amparo,scheduled,251 13/jun - sáb 14 h 30 GUARANI FC X UA BARBARENSE FC Amparo
paulista_sub11_2026,Sub-11,7,252,13/jun,sáb,14 h 30,RIO BRANCO EC,RIO BRANCO ESPORTE CLUBE,AA INTER LIMEIRA,ASSOCIAÇÃO ATLÉTICA INTERNACIONAL LIMEIRA,Americana,scheduled,252 13/jun - sáb 14 h 30 RIO BRANCO EC X AA INTER LIMEIRA Americana
paulista_sub11_2026,Sub-11,7,253,13/jun,sáb,14 h 30,INDEPENDENTE FC,INDEPENDENTE FUTEBOL CLUBE,COSMOPOLITANO SPORTS,COSMOPOLITANO SPORTS LTDA.,Limeira,scheduled,253 13/jun - sáb 14 h 30 INDEPENDENTE FC X COSMOPOLITANO SPORTS Limeira
paulista_sub11_2026,Sub-11,7,254,13/jun,sáb,14 h 30,VALINHOS EC,VALINHOS ESPORTE CLUBE LTDA.,SC PAULINENSE,SPORTING CLUB PAULINENSE,Itatiba,scheduled,254 13/jun - sáb 14 h 30 VALINHOS EC X SC PAULINENSE Itatiba
paulista_sub11_2026,Sub-11,7,255,13/jun,sáb,14 h 30,PRIMAVERA SAF,PRIMAVERA SAF,SÃO BERNARDO FC,SÃO BERNARDO FUTEBOL CLUBE LTDA.,Indaiatuba,scheduled,255 13/jun - sáb 14 h 30 PRIMAVERA SAF X SÃO BERNARDO FC Indaiatuba
paulista_sub11_2026,Sub-11,7,256,13/jun,sáb,14 h 30,DS SPORTS LTDA,DIFFERENT SYSTEM SPORTS LTDA.,SFERA SAF,SFERA SAF,Atibaia,scheduled,256 13/jun - sáb 14 h 30 DS SPORTS LTDA X SFERA SAF Atibaia
paulista_sub11_2026,Sub-11,7,257,13/jun,sáb,14 h 30,VALINHOS HYPER FC S.A.F,VALINHOS HYPER FUTEBOL CLUBE SAF,RED BULL BRAGANTINO,RED BULL BRAGANTINO FUTEBOL LTDA.,Valinhos,scheduled,257 13/jun - sáb 14 h 30 VALINHOS HYPER FC S.A.F X RED BULL BRAGANTINO Valinhos
paulista_sub11_2026,Sub-11,7,258,13/jun,sáb,14 h 30,COLORADO CAIEIRAS FC,COLORADO CAIEIRAS FUTEBOL CLUBE LTDA.,AA FLAMENGO,ASSOCIAÇÃO ATLÉTICA FLAMENGO,Caieiras,scheduled,258 13/jun - sáb 14 h 30 COLORADO CAIEIRAS FC X AA FLAMENGO Caieiras
paulista_sub11_2026,Sub-11,7,259,13/jun,sáb,14 h 30,AD GUARULHOS,ASSOCIAÇÃO DESPORTIVA GUARULHOS,ITAQUAQUECETUBA ATH.,ITAQUAQUECETUBA ATHLETICO CLUB LTDA.,Guarulhos,scheduled,259 13/jun - sáb 14 h 30 AD GUARULHOS X ITAQUAQUECETUBA ATH. Guarulhos
paulista_sub11_2026,Sub-11,7,260,13/jun,sáb,14 h 30,PAULISTA FC,PAULISTA FUTEBOL CLUBE LTDA.,PRATA DA CASA SAF,PRATA DA CASA SAF,Jundiaí,scheduled,260 13/jun - sáb 14 h 30 PAULISTA FC X PRATA DA CASA SAF Jundiaí
paulista_sub11_2026,Sub-11,7,261,13/jun,sáb,14 h 30,JUVENTUS SAF,JUVENTUS SAF,SE PALMEIRAS,SOCIEDADE ESPORTIVA PALMEIRAS,São Paulo,scheduled,261 13/jun - sáb 14 h 30 JUVENTUS SAF X SE PALMEIRAS São Paulo
paulista_sub11_2026,Sub-11,7,262,13/jun,sáb,14 h 30,CLUBE VITAL SAF,CLUBE VITAL ACADEMIA DE FUTEBOL SAF,SALTO FC,SALTO FUTEBOL CLUBE,Ibiúna,scheduled,262 13/jun - sáb 14 h 30 CLUBE VITAL SAF X SALTO FC Ibiúna
paulista_sub11_2026,Sub-11,7,263,13/jun,sáb,14 h 30,GO AUDAX,GRÊMIO OSASCO AUDAX ESPORTE CLUBE,REFERÊNCIA FC SAF,REFERÊNCIA FUTEBOL CLUBE SAF,Osasco,scheduled,263 13/jun - sáb 14 h 30 GO AUDAX X REFERÊNCIA FC SAF Osasco
paulista_sub11_2026,Sub-11,7,264,13/jun,sáb,14 h 30,EC SÃO BENTO,ESPORTE CLUBE SÃO BENTO,SÃO PAULO FC,SÃO PAULO FUTEBOL CLUBE,Sorocaba,scheduled,264 13/jun - sáb 14 h 30 EC SÃO BENTO X SÃO PAULO FC Sorocaba
paulista_sub11_2026,Sub-11,7,265,13/jun,sáb,14 h 30,AD MANTHIQUEIRA,ACADEMIA DESPORTIVA MANTHIQUEIRA FUTEBOL LTDA.,UNIÃO SUZANO AC,UNIÃO SUZANO ATLÉTICO CLUBE,Guaratinguetá,scheduled,265 13/jun - sáb 14 h 30 AD MANTHIQUEIRA X UNIÃO SUZANO AC Guaratinguetá
paulista_sub11_2026,Sub-11,7,266,13/jun,sáb,14 h 30,ECUS SAF,ESPORTE CLUBE UNIÃO SUZANO SAF,EC TAUBATÉ,ESPORTE CLUBE TAUBATÉ,Suzano,scheduled,266 13/jun - sáb 14 h 30 ECUS SAF X EC TAUBATÉ Suzano
paulista_sub11_2026,Sub-11,7,267,13/jun,sáb,14 h 30,CA ATLÉTICO MOGI,CLUBE ATLÉTICO MOGI DAS CRUZES DE FUTEBOL LTDA.,SÃO JOSÉ EC SAF,SÃO JOSÉ ESPORTE CLUBE SAF,Mogi das Cruzes,scheduled,267 13/jun - sáb 14 h 30 CA ATLÉTICO MOGI X SÃO JOSÉ EC SAF Mogi das Cruzes
paulista_sub11_2026,Sub-11,7,268,13/jun,sáb,14 h 30,FC PRIMEIRA CAMISA,FUTEBOL CLUBE PRIMEIRA CAMISA,SC CORINTHIANS PTA,SPORT CLUB CORINTHIANS PAULISTA,São José dos Campos,scheduled,268 13/jun - sáb 14 h 30 FC PRIMEIRA CAMISA X SC CORINTHIANS PTA São José dos Campos
paulista_sub11_2026,Sub-11,7,269,13/jun,sáb,14 h 30,EC SÃO BERNARDO SAF,ESPORTE CLUBE SÃO BERNARDO SAF,BARCELONA EC,BARCELONA ESPORTIVO CAPELA LTDA.,São Bernardo do Campo,scheduled,269 13/jun - sáb 14 h 30 EC SÃO BERNARDO SAF X BARCELONA EC São Bernardo do Campo
paulista_sub11_2026,Sub-11,7,270,13/jun,sáb,14 h 30,SÃO CAETANO FL,SÃO CAETANO FUTEBOL LTDA.,JABAQUARA AC,JABAQUARA ATLÉTICO CLUBE,São Caetano do Sul,scheduled,270 13/jun - sáb 14 h 30 SÃO CAETANO FL X JABAQUARA AC São Caetano do Sul
paulista_sub11_2026,Sub-11,7,271,13/jun,sáb,14 h 30,AA PORTUGUESA,ASSOCIAÇÃO ATLÉTICA PORTUGUESA,MAUÁ FUTEBOL TE,MAUÁ FUTEBOL TREINAMENTOS E ESPORTES LTDA.,Santos,scheduled,271 13/jun - sáb 14 h 30 AA PORTUGUESA X MAUÁ FUTEBOL TE Santos
paulista_sub11_2026,Sub-11,7,272,14/jun,dom,14 h 30,VOTORATY FC,VOTORATY FUTEBOL CLUBE LTDA.,REAL SOCCER,ASSOCIAÇÃO ACADEMY REAL FUTEBOL CLUBE,Votorantim,scheduled,272 14/jun - dom 14 h 30 VOTORATY FC X REAL SOCCER Votorantim
paulista_sub11_2026,Sub-11,7,273,14/jun,dom,14 h 30,GE MAUAENSE,GRÊMIO ESPORTIVO MAUAENSE,SANTOS FC,SANTOS FUTEBOL CLUBE,Mauá,scheduled,273 14/jun - dom 14 h 30 GE MAUAENSE X SANTOS FC Mauá
paulista_sub11_2026,Sub-11,8,274,27/jun,sáb,14 h 30,CA PENAPOLENSE,CLUBE ATLÉTICO PENAPOLENSE,JOSÉ BONIFÁCIO EC,JOSÉ BONIFÁCIO ESPORTE CLUBE,Penápolis,scheduled,274 27/jun - sáb 14 h 30 CA PENAPOLENSE X JOSÉ BONIFÁCIO EC Penápolis
paulista_sub11_2026,Sub-11,8,275,27/jun,sáb,14 h 30,MIRASSOL FC,MIRASSOL FUTEBOL CLUBE,OLÍMPIA FC,OLÍMPIA FUTEBOL CLUBE,Bálsamo,scheduled,275 27/jun - sáb 14 h 30 MIRASSOL FC X OLÍMPIA FC Bálsamo
paulista_sub11_2026,Sub-11,8,276,27/jun,sáb,14 h 30,SANTA FÉ FC,SANTA FÉ FUTEBOL CLUBE LTDA.,CA LINENSE,CLUBE ATLÉTICO LINENSE,Santa Fé do Sul,scheduled,276 27/jun - sáb 14 h 30 SANTA FÉ FC X CA LINENSE Santa Fé do Sul
paulista_sub11_2026,Sub-11,8,277,27/jun,sáb,14 h 30,ARAÇATUBA FC SAF,ARAÇATUBA FUTEBOL CLUBE SAF,GR. CATANDUVENSE,GRÊMIO CATANDUVENSE DE FUTEBOL,Araçatuba,scheduled,277 27/jun - sáb 14 h 30 ARAÇATUBA FC SAF X GR. CATANDUVENSE Araçatuba
paulista_sub11_2026,Sub-11,8,278,27/jun,sáb,14 h 30,PRES. PRUDENTE FC,PRESIDENTE PRUDENTE FUTEBOL CLUBE,AA ITARARÉ,ASSOCIAÇÃO ATLÉTICA ITARARÉ,Presidente Prudente,scheduled,278 27/jun - sáb 14 h 30 PRES. PRUDENTE FC X AA ITARARÉ Presidente Prudente
paulista_sub11_2026,Sub-11,8,279,27/jun,sáb,14 h 30,CA ASSISENSE,CLUBE ATLÉTICO ASSISENSE,EC NOROESTE SAF,ESPORTE CLUBE NOROESTE SAF,Assis,scheduled,279 27/jun - sáb 14 h 30 CA ASSISENSE X EC NOROESTE SAF Assis
paulista_sub11_2026,Sub-11,8,280,27/jun,sáb,14 h 30,TUPÃ FC,TUPÃ FUTEBOL CLUBE,EC XV DE JAÚ,ESPORTE CLUBE XV DE NOVEMBRO,Tupã,scheduled,280 27/jun - sáb 14 h 30 TUPÃ FC X EC XV DE JAÚ Tupã
paulista_sub11_2026,Sub-11,8,281,27/jun,sáb,14 h 30,BARRETOS EC,BARRETOS ESPORTE CLUBE,BATATAIS FC,BATATAIS FUTEBOL CLUBE,Barretos,scheduled,281 27/jun - sáb 14 h 30 BARRETOS EC X BATATAIS FC Barretos
paulista_sub11_2026,Sub-11,8,282,27/jun,sáb,14 h 30,BOTAFOGO S/A,BOTAFOGO FUTEBOL S/A,I9 FUTEBOL CLUBE,I9 INTERNACIONAL ACADEMY,Ribeirão Preto,scheduled,282 27/jun - sáb 14 h 30 BOTAFOGO S/A X I9 FUTEBOL CLUBE Ribeirão Preto
paulista_sub11_2026,Sub-11,8,283,27/jun,sáb,14 h 30,AA FRANCANA,ASSOCIAÇÃO ATLÉTICA FRANCANA,AA INTER BEBEDOURO,ASSOCIAÇÃO ATLÉTICA INTERNACIONAL BEBEDOURO,Franca,scheduled,283 27/jun - sáb 14 h 30 AA FRANCANA X AA INTER BEBEDOURO Franca
paulista_sub11_2026,Sub-11,8,284,27/jun,sáb,14 h 30,LG FUTEBOL CLUBE,LG FUTEBOL CLUBE LTDA.,COMERCIAL FC - RP,COMERCIAL FUTEBOL CLUBE,Serrana,scheduled,284 27/jun - sáb 14 h 30 LG FUTEBOL CLUBE X COMERCIAL FC - RP Serrana
paulista_sub11_2026,Sub-11,8,285,27/jun,sáb,14 h 30,CA TAQUARITINGA,CLUBE ATLÉTICO TAQUARITINGA,SE MATONENSE,SOCIEDADE ESPORTIVA MATONENSE,Taquaritinga,scheduled,285 27/jun - sáb 14 h 30 CA TAQUARITINGA X SE MATONENSE Taquaritinga
paulista_sub11_2026,Sub-11,8,286,27/jun,sáb,14 h 30,AE VELO CLUBE,ASSOCIAÇÃO ESPORTIVA VELO CLUBE RIOCLARENSE - RIO CLARO,SÃO CARLOS FL,SÃO CARLOS FUTEBOL LTDA.,Rio Claro,scheduled,286 27/jun - sáb 14 h 30 AE VELO CLUBE X SÃO CARLOS FL Rio Claro
paulista_sub11_2026,Sub-11,8,287,27/jun,sáb,14 h 30,SPORT CLUBE AGUAÍ,SPORT CLUBE AGUAÍ,PORTO FOOT BALL LTDA,PORTO FOOT BALL LTDA.,Aguaí,scheduled,287 27/jun - sáb 14 h 30 SPORT CLUBE AGUAÍ X PORTO FOOT BALL LTDA Aguaí
paulista_sub11_2026,Sub-11,8,288,27/jun,sáb,14 h 30,PALMEIRAS FC,PALMEIRAS FUTEBOL CLUBE,RIO CLARO FC,RIO CLARO FUTEBOL CLUBE,São João da Boa Vista,scheduled,288 27/jun - sáb 14 h 30 PALMEIRAS FC X RIO CLARO FC São João da Boa Vista
paulista_sub11_2026,Sub-11,8,289,27/jun,sáb,14 h 30,GUARANI FC,GUARANI FUTEBOL CLUBE,AMPARO AC,AMPARO ATHÉTICO CLUB,Amparo,scheduled,289 27/jun - sáb 14 h 30 GUARANI FC X AMPARO AC Amparo
paulista_sub11_2026,Sub-11,8,290,27/jun,sáb,14 h 30,COSMOPOLITANO SPORTS,COSMOPOLITANO SPORTS LTDA.,UA BARBARENSE FC,UNIÃO AGRÍCOLA BARBARENSE FUTEBOL CLUBE - SANTA BÁRBARA D'OESTE,Cosmópolis,scheduled,290 27/jun - sáb 14 h 30 COSMOPOLITANO SPORTS X UA BARBARENSE FC Cosmópolis
paulista_sub11_2026,Sub-11,8,291,27/jun,sáb,14 h 30,MACABI HOLAMBRA,MACABI HOLAMBRA ESPORTE CLUBE,AA INTER LIMEIRA,ASSOCIAÇÃO ATLÉTICA INTERNACIONAL LIMEIRA,Holambra,scheduled,291 27/jun - sáb 14 h 30 MACABI HOLAMBRA X AA INTER LIMEIRA Holambra
paulista_sub11_2026,Sub-11,8,292,27/jun,sáb,14 h 30,INDEPENDENTE FC,INDEPENDENTE FUTEBOL CLUBE,RIO BRANCO EC,RIO BRANCO ESPORTE CLUBE,Limeira,scheduled,292 27/jun - sáb 14 h 30 INDEPENDENTE FC X RIO BRANCO EC Limeira
paulista_sub11_2026,Sub-11,8,293,27/jun,sáb,14 h 30,PRIMAVERA SAF,PRIMAVERA SAF,SC PAULINENSE,SPORTING CLUB PAULINENSE,Indaiatuba,scheduled,293 27/jun - sáb 14 h 30 PRIMAVERA SAF X SC PAULINENSE Indaiatuba
paulista_sub11_2026,Sub-11,8,294,27/jun,sáb,14 h 30,RED BULL BRAGANTINO,RED BULL BRAGANTINO FUTEBOL LTDA.,SÃO BERNARDO FC,SÃO BERNARDO FUTEBOL CLUBE LTDA.,Atibaia,scheduled,294 27/jun - sáb 14 h 30 RED BULL BRAGANTINO X SÃO BERNARDO FC Atibaia
paulista_sub11_2026,Sub-11,8,295,27/jun,sáb,14 h 30,VALINHOS EC,VALINHOS ESPORTE CLUBE LTDA.,SFERA SAF,SFERA SAF,Itatiba,scheduled,295 27/jun - sáb 14 h 30 VALINHOS EC X SFERA SAF Itatiba
paulista_sub11_2026,Sub-11,8,296,27/jun,sáb,14 h 30,VALINHOS HYPER FC S.A.F,VALINHOS HYPER FUTEBOL CLUBE SAF,DS SPORTS LTDA,DIFFERENT SYSTEM SPORTS LTDA.,Valinhos,scheduled,296 27/jun - sáb 14 h 30 VALINHOS HYPER FC S.A.F X DS SPORTS LTDA Valinhos
paulista_sub11_2026,Sub-11,8,297,27/jun,sáb,14 h 30,AD GUARULHOS,ASSOCIAÇÃO DESPORTIVA GUARULHOS,AA FLAMENGO,ASSOCIAÇÃO ATLÉTICA FLAMENGO,Guarulhos,scheduled,297 27/jun - sáb 14 h 30 AD GUARULHOS X AA FLAMENGO Guarulhos
paulista_sub11_2026,Sub-11,8,298,27/jun,sáb,14 h 30,SE PALMEIRAS,SOCIEDADE ESPORTIVA PALMEIRAS,ITAQUAQUECETUBA ATH.,ITAQUAQUECETUBA ATHLETICO CLUB LTDA.,Guarulhos,scheduled,298 27/jun - sáb 14 h 30 SE PALMEIRAS X ITAQUAQUECETUBA ATH. Guarulhos
paulista_sub11_2026,Sub-11,8,299,27/jun,sáb,14 h 30,COLORADO CAIEIRAS FC,COLORADO CAIEIRAS FUTEBOL CLUBE LTDA.,PRATA DA CASA SAF,PRATA DA CASA SAF,Caieiras,scheduled,299 27/jun - sáb 14 h 30 COLORADO CAIEIRAS FC X PRATA DA CASA SAF Caieiras
paulista_sub11_2026,Sub-11,8,300,27/jun,sáb,14 h 30,JUVENTUS SAF,JUVENTUS SAF,PAULISTA FC,PAULISTA FUTEBOL CLUBE LTDA.,São Paulo,scheduled,300 27/jun - sáb 14 h 30 JUVENTUS SAF X PAULISTA FC São Paulo
paulista_sub11_2026,Sub-11,8,301,27/jun,sáb,14 h 30,GO AUDAX,GRÊMIO OSASCO AUDAX ESPORTE CLUBE,SALTO FC,SALTO FUTEBOL CLUBE,Osasco,scheduled,301 27/jun - sáb 14 h 30 GO AUDAX X SALTO FC Osasco
paulista_sub11_2026,Sub-11,8,302,27/jun,sáb,14 h 30,SÃO PAULO FC,SÃO PAULO FUTEBOL CLUBE,REFERÊNCIA FC SAF,REFERÊNCIA FUTEBOL CLUBE SAF,Cotia,scheduled,302 27/jun - sáb 14 h 30 SÃO PAULO FC X REFERÊNCIA FC SAF Cotia
paulista_sub11_2026,Sub-11,8,303,27/jun,sáb,14 h 30,CLUBE VITAL SAF,CLUBE VITAL ACADEMIA DE FUTEBOL SAF,REAL SOCCER,ASSOCIAÇÃO ACADEMY REAL FUTEBOL CLUBE,Ibiúna,scheduled,303 27/jun - sáb 14 h 30 CLUBE VITAL SAF X REAL SOCCER Ibiúna
paulista_sub11_2026,Sub-11,8,304,27/jun,sáb,14 h 30,EC SÃO BENTO,ESPORTE CLUBE SÃO BENTO,VOTORATY FC,VOTORATY FUTEBOL CLUBE LTDA.,Sorocaba,scheduled,304 27/jun - sáb 14 h 30 EC SÃO BENTO X VOTORATY FC Sorocaba
paulista_sub11_2026,Sub-11,8,305,27/jun,sáb,14 h 30,ECUS SAF,ESPORTE CLUBE UNIÃO SUZANO SAF,UNIÃO SUZANO AC,UNIÃO SUZANO ATLÉTICO CLUBE,Suzano,scheduled,305 27/jun - sáb 14 h 30 ECUS SAF X UNIÃO SUZANO AC Suzano
paulista_sub11_2026,Sub-11,8,306,27/jun,sáb,14 h 30,SC CORINTHIANS PTA,SPORT CLUB CORINTHIANS PAULISTA,EC TAUBATÉ,ESPORTE CLUBE TAUBATÉ,São Paulo,scheduled,306 27/jun - sáb 14 h 30 SC CORINTHIANS PTA X EC TAUBATÉ São Paulo
paulista_sub11_2026,Sub-11,8,307,27/jun,sáb,14 h 30,AD MANTHIQUEIRA,ACADEMIA DESPORTIVA MANTHIQUEIRA FUTEBOL LTDA.,SÃO JOSÉ EC SAF,SÃO JOSÉ ESPORTE CLUBE SAF,Guaratinguetá,scheduled,307 27/jun - sáb 14 h 30 AD MANTHIQUEIRA X SÃO JOSÉ EC SAF Guaratinguetá
paulista_sub11_2026,Sub-11,8,308,27/jun,sáb,14 h 30,FC PRIMEIRA CAMISA,FUTEBOL CLUBE PRIMEIRA CAMISA,CA ATLÉTICO MOGI,CLUBE ATLÉTICO MOGI DAS CRUZES DE FUTEBOL LTDA.,São José dos Campos,scheduled,308 27/jun - sáb 14 h 30 FC PRIMEIRA CAMISA X CA ATLÉTICO MOGI São José dos Campos
paulista_sub11_2026,Sub-11,8,309,27/jun,sáb,14 h 30,SÃO CAETANO FL,SÃO CAETANO FUTEBOL LTDA.,BARCELONA EC,BARCELONA ESPORTIVO CAPELA LTDA.,São Caetano do Sul,scheduled,309 27/jun - sáb 14 h 30 SÃO CAETANO FL X BARCELONA EC São Caetano do Sul
paulista_sub11_2026,Sub-11,8,310,27/jun,sáb,14 h 30,SANTOS FC,SANTOS FUTEBOL CLUBE,JABAQUARA AC,JABAQUARA ATLÉTICO CLUBE,Santos,scheduled,310 27/jun - sáb 14 h 30 SANTOS FC X JABAQUARA AC Santos
paulista_sub11_2026,Sub-11,8,311,27/jun,sáb,14 h 30,EC SÃO BERNARDO SAF,ESPORTE CLUBE SÃO BERNARDO SAF,MAUÁ FUTEBOL TE,MAUÁ FUTEBOL TREINAMENTOS E ESPORTES LTDA.,São Bernardo do Campo,scheduled,311 27/jun - sáb 14 h 30 EC SÃO BERNARDO SAF X MAUÁ FUTEBOL TE São Bernardo do Campo
paulista_sub11_2026,Sub-11,8,312,27/jun,sáb,14 h 30,GE MAUAENSE,GRÊMIO ESPORTIVO MAUAENSE,AA PORTUGUESA,ASSOCIAÇÃO ATLÉTICA PORTUGUESA,Mauá,scheduled,312 27/jun - sáb 14 h 30 GE MAUAENSE X AA PORTUGUESA Mauá
paulista_sub11_2026,Sub-11,9,313,04/jul,sáb,14 h 30,JOSÉ BONIFÁCIO EC,JOSÉ BONIFÁCIO ESPORTE CLUBE,MIRASSOL FC,MIRASSOL FUTEBOL CLUBE,José Bonifácio,scheduled,313 04/jul - sáb 14 h 30 JOSÉ BONIFÁCIO EC X MIRASSOL FC José Bonifácio
paulista_sub11_2026,Sub-11,9,314,04/jul,sáb,14 h 30,OLÍMPIA FC,OLÍMPIA FUTEBOL CLUBE,ARAÇATUBA FC SAF,ARAÇATUBA FUTEBOL CLUBE SAF,Olímpia,scheduled,314 04/jul - sáb 14 h 30 OLÍMPIA FC X ARAÇATUBA FC SAF Olímpia
paulista_sub11_2026,Sub-11,9,315,04/jul,sáb,14 h 30,CA LINENSE,CLUBE ATLÉTICO LINENSE,CA PENAPOLENSE,CLUBE ATLÉTICO PENAPOLENSE,Lins,scheduled,315 04/jul - sáb 14 h 30 CA LINENSE X CA PENAPOLENSE Lins
paulista_sub11_2026,Sub-11,9,316,04/jul,sáb,14 h 30,GR. CATANDUVENSE,GRÊMIO CATANDUVENSE DE FUTEBOL,SANTA FÉ FC,SANTA FÉ FUTEBOL CLUBE LTDA.,Catanduva,scheduled,316 04/jul - sáb 14 h 30 GR. CATANDUVENSE X SANTA FÉ FC Catanduva
paulista_sub11_2026,Sub-11,9,317,04/jul,sáb,14 h 30,AA ITARARÉ,ASSOCIAÇÃO ATLÉTICA ITARARÉ,TUPÃ FC,TUPÃ FUTEBOL CLUBE,Itararé,scheduled,317 04/jul - sáb 14 h 30 AA ITARARÉ X TUPÃ FC Itararé
paulista_sub11_2026,Sub-11,9,318,04/jul,sáb,14 h 30,EC NOROESTE SAF,ESPORTE CLUBE NOROESTE SAF,MARÍLIA AC,MARÍLIA ATLÉTICO CLUBE,Iacanga,scheduled,318 04/jul - sáb 14 h 30 EC NOROESTE SAF X MARÍLIA AC Iacanga
paulista_sub11_2026,Sub-11,9,319,04/jul,sáb,14 h 30,EC XV DE JAÚ,ESPORTE CLUBE XV DE NOVEMBRO,CA ASSISENSE,CLUBE ATLÉTICO ASSISENSE,Jaú,scheduled,319 04/jul - sáb 14 h 30 EC XV DE JAÚ X CA ASSISENSE Jaú
paulista_sub11_2026,Sub-11,9,320,04/jul,sáb,14 h 30,BATATAIS FC,BATATAIS FUTEBOL CLUBE,BOTAFOGO S/A,BOTAFOGO FUTEBOL S/A,Batatais,scheduled,320 04/jul - sáb 14 h 30 BATATAIS FC X BOTAFOGO S/A Batatais
paulista_sub11_2026,Sub-11,9,321,04/jul,sáb,14 h 30,I9 FUTEBOL CLUBE,I9 INTERNACIONAL ACADEMY,LG FUTEBOL CLUBE,LG FUTEBOL CLUBE LTDA.,Ribeirão Preto,scheduled,321 04/jul - sáb 14 h 30 I9 FUTEBOL CLUBE X LG FUTEBOL CLUBE Ribeirão Preto
paulista_sub11_2026,Sub-11,9,322,04/jul,sáb,14 h 30,AA INTER BEBEDOURO,ASSOCIAÇÃO ATLÉTICA INTERNACIONAL BEBEDOURO,BARRETOS EC,BARRETOS ESPORTE CLUBE,Bebedouro,scheduled,322 04/jul - sáb 14 h 30 AA INTER BEBEDOURO X BARRETOS EC Bebedouro
paulista_sub11_2026,Sub-11,9,323,04/jul,sáb,14 h 30,COMERCIAL FC - RP,COMERCIAL FUTEBOL CLUBE,AA FRANCANA,ASSOCIAÇÃO ATLÉTICA FRANCANA,Ribeirão Preto,scheduled,323 04/jul - sáb 14 h 30 COMERCIAL FC - RP X AA FRANCANA Ribeirão Preto
paulista_sub11_2026,Sub-11,9,324,04/jul,sáb,14 h 30,SE MATONENSE,SOCIEDADE ESPORTIVA MATONENSE,AE VELO CLUBE,ASSOCIAÇÃO ESPORTIVA VELO CLUBE RIOCLARENSE - RIO CLARO,Matão,scheduled,324 04/jul - sáb 14 h 30 SE MATONENSE X AE VELO CLUBE Matão
paulista_sub11_2026,Sub-11,9,325,04/jul,sáb,14 h 30,SÃO CARLOS FL,SÃO CARLOS FUTEBOL LTDA.,PALMEIRAS FC,PALMEIRAS FUTEBOL CLUBE,São Carlos,scheduled,325 04/jul - sáb 14 h 30 SÃO CARLOS FL X PALMEIRAS FC São Carlos
paulista_sub11_2026,Sub-11,9,326,04/jul,sáb,14 h 30,PORTO FOOT BALL LTDA,PORTO FOOT BALL LTDA.,CA TAQUARITINGA,CLUBE ATLÉTICO TAQUARITINGA,Porto Ferreira,scheduled,326 04/jul - sáb 14 h 30 PORTO FOOT BALL LTDA X CA TAQUARITINGA Porto Ferreira
paulista_sub11_2026,Sub-11,9,327,04/jul,sáb,14 h 30,RIO CLARO FC,RIO CLARO FUTEBOL CLUBE,SPORT CLUBE AGUAÍ,SPORT CLUBE AGUAÍ,Rio Claro,scheduled,327 04/jul - sáb 14 h 30 RIO CLARO FC X SPORT CLUBE AGUAÍ Rio Claro
paulista_sub11_2026,Sub-11,9,328,04/jul,sáb,14 h 30,AMPARO AC,AMPARO ATHÉTICO CLUB,COSMOPOLITANO SPORTS,COSMOPOLITANO SPORTS LTDA.,Amparo,scheduled,328 04/jul - sáb 14 h 30 AMPARO AC X COSMOPOLITANO SPORTS Amparo
paulista_sub11_2026,Sub-11,9,329,04/jul,sáb,14 h 30,UA BARBARENSE FC,UNIÃO AGRÍCOLA BARBARENSE FUTEBOL CLUBE - SANTA BÁRBARA D'OESTE,INDEPENDENTE FC,INDEPENDENTE FUTEBOL CLUBE,Santa Bárbara D'Oeste,scheduled,329 04/jul - sáb 14 h 30 UA BARBARENSE FC X INDEPENDENTE FC Santa Bárbara D'Oeste
paulista_sub11_2026,Sub-11,9,330,04/jul,sáb,14 h 30,AA INTER LIMEIRA,ASSOCIAÇÃO ATLÉTICA INTERNACIONAL LIMEIRA,GUARANI FC,GUARANI FUTEBOL CLUBE,Limeira,scheduled,330 04/jul - sáb 14 h 30 AA INTER LIMEIRA X GUARANI FC Limeira
paulista_sub11_2026,Sub-11,9,331,04/jul,sáb,14 h 30,RIO BRANCO EC,RIO BRANCO ESPORTE CLUBE,MACABI HOLAMBRA,MACABI HOLAMBRA ESPORTE CLUBE,Americana,scheduled,331 04/jul - sáb 14 h 30 RIO BRANCO EC X MACABI HOLAMBRA Americana
paulista_sub11_2026,Sub-11,9,332,04/jul,sáb,14 h 30,SC PAULINENSE,SPORTING CLUB PAULINENSE,RED BULL BRAGANTINO,RED BULL BRAGANTINO FUTEBOL LTDA.,Paulínia,scheduled,332 04/jul - sáb 14 h 30 SC PAULINENSE X RED BULL BRAGANTINO Paulínia
paulista_sub11_2026,Sub-11,9,333,04/jul,sáb,14 h 30,SÃO BERNARDO FC,SÃO BERNARDO FUTEBOL CLUBE LTDA.,VALINHOS HYPER FC S.A.F,VALINHOS HYPER FUTEBOL CLUBE SAF,Itatiba,scheduled,333 04/jul - sáb 14 h 30 SÃO BERNARDO FC X VALINHOS HYPER FC S.A.F Itatiba
paulista_sub11_2026,Sub-11,9,334,04/jul,sáb,14 h 30,SFERA SAF,SFERA SAF,PRIMAVERA SAF,PRIMAVERA SAF,Jarinu,scheduled,334 04/jul - sáb 14 h 30 SFERA SAF X PRIMAVERA SAF Jarinu
paulista_sub11_2026,Sub-11,9,335,04/jul,sáb,14 h 30,DS SPORTS LTDA,DIFFERENT SYSTEM SPORTS LTDA.,VALINHOS EC,VALINHOS ESPORTE CLUBE LTDA.,Atibaia,scheduled,335 04/jul - sáb 14 h 30 DS SPORTS LTDA X VALINHOS EC Atibaia
paulista_sub11_2026,Sub-11,9,336,04/jul,sáb,14 h 30,AA FLAMENGO,ASSOCIAÇÃO ATLÉTICA FLAMENGO,SE PALMEIRAS,SOCIEDADE ESPORTIVA PALMEIRAS,Guarulhos,scheduled,336 04/jul - sáb 14 h 30 AA FLAMENGO X SE PALMEIRAS Guarulhos
paulista_sub11_2026,Sub-11,9,337,04/jul,sáb,14 h 30,ITAQUAQUECETUBA ATH.,ITAQUAQUECETUBA ATHLETICO CLUB LTDA.,JUVENTUS SAF,JUVENTUS SAF,Itaquaquecetuba,scheduled,337 04/jul - sáb 14 h 30 ITAQUAQUECETUBA ATH. X JUVENTUS SAF Itaquaquecetuba
paulista_sub11_2026,Sub-11,9,338,04/jul,sáb,14 h 30,PRATA DA CASA SAF,PRATA DA CASA SAF,AD GUARULHOS,ASSOCIAÇÃO DESPORTIVA GUARULHOS,São Paulo,scheduled,338 04/jul - sáb 14 h 30 PRATA DA CASA SAF X AD GUARULHOS São Paulo
paulista_sub11_2026,Sub-11,9,339,04/jul,sáb,14 h 30,PAULISTA FC,PAULISTA FUTEBOL CLUBE LTDA.,COLORADO CAIEIRAS FC,COLORADO CAIEIRAS FUTEBOL CLUBE LTDA.,Jundiaí,scheduled,339 04/jul - sáb 14 h 30 PAULISTA FC X COLORADO CAIEIRAS FC Jundiaí
paulista_sub11_2026,Sub-11,9,340,04/jul,sáb,14 h 30,SALTO FC,SALTO FUTEBOL CLUBE,SÃO PAULO FC,SÃO PAULO FUTEBOL CLUBE,Salto,scheduled,340 04/jul - sáb 14 h 30 SALTO FC X SÃO PAULO FC Salto
paulista_sub11_2026,Sub-11,9,341,04/jul,sáb,14 h 30,REFERÊNCIA FC SAF,REFERÊNCIA FUTEBOL CLUBE SAF,EC SÃO BENTO,ESPORTE CLUBE SÃO BENTO,Embu das Artes,scheduled,341 04/jul - sáb 14 h 30 REFERÊNCIA FC SAF X EC SÃO BENTO Embu das Artes
paulista_sub11_2026,Sub-11,9,342,04/jul,sáb,14 h 30,REAL SOCCER,ASSOCIAÇÃO ACADEMY REAL FUTEBOL CLUBE,GO AUDAX,GRÊMIO OSASCO AUDAX ESPORTE CLUBE,Sorocaba,scheduled,342 04/jul - sáb 14 h 30 REAL SOCCER X GO AUDAX Sorocaba
paulista_sub11_2026,Sub-11,9,343,04/jul,sáb,14 h 30,VOTORATY FC,VOTORATY FUTEBOL CLUBE LTDA.,CLUBE VITAL SAF,CLUBE VITAL ACADEMIA DE FUTEBOL SAF,Votorantim,scheduled,343 04/jul - sáb 14 h 30 VOTORATY FC X CLUBE VITAL SAF Votorantim
paulista_sub11_2026,Sub-11,9,344,04/jul,sáb,14 h 30,UNIÃO SUZANO AC,UNIÃO SUZANO ATLÉTICO CLUBE,SC CORINTHIANS PTA,SPORT CLUB CORINTHIANS PAULISTA,Suzano,scheduled,344 04/jul - sáb 14 h 30 UNIÃO SUZANO AC X SC CORINTHIANS PTA Suzano
paulista_sub11_2026,Sub-11,9,345,04/jul,sáb,14 h 30,EC TAUBATÉ,ESPORTE CLUBE TAUBATÉ,FC PRIMEIRA CAMISA,FUTEBOL CLUBE PRIMEIRA CAMISA,Taubaté,scheduled,345 04/jul - sáb 14 h 30 EC TAUBATÉ X FC PRIMEIRA CAMISA Taubaté
paulista_sub11_2026,Sub-11,9,346,04/jul,sáb,14 h 30,SÃO JOSÉ EC SAF,SÃO JOSÉ ESPORTE CLUBE SAF,ECUS SAF,ESPORTE CLUBE UNIÃO SUZANO SAF,São José dos Campos,scheduled,346 04/jul - sáb 14 h 30 SÃO JOSÉ EC SAF X ECUS SAF São José dos Campos
paulista_sub11_2026,Sub-11,9,347,04/jul,sáb,14 h 30,CA ATLÉTICO MOGI,CLUBE ATLÉTICO MOGI DAS CRUZES DE FUTEBOL LTDA.,AD MANTHIQUEIRA,ACADEMIA DESPORTIVA MANTHIQUEIRA FUTEBOL LTDA.,Mogi das Cruzes,scheduled,347 04/jul - sáb 14 h 30 CA ATLÉTICO MOGI X AD MANTHIQUEIRA Mogi das Cruzes
paulista_sub11_2026,Sub-11,9,348,04/jul,sáb,14 h 30,BARCELONA EC,BARCELONA ESPORTIVO CAPELA LTDA.,SANTOS FC,SANTOS FUTEBOL CLUBE,São Caetano do Sul,scheduled,348 04/jul - sáb 14 h 30 BARCELONA EC X SANTOS FC São Caetano do Sul
paulista_sub11_2026,Sub-11,9,349,04/jul,sáb,14 h 30,JABAQUARA AC,JABAQUARA ATLÉTICO CLUBE,GE MAUAENSE,GRÊMIO ESPORTIVO MAUAENSE,Santos,scheduled,349 04/jul - sáb 14 h 30 JABAQUARA AC X GE MAUAENSE Santos
paulista_sub11_2026,Sub-11,9,350,04/jul,sáb,14 h 30,MAUÁ FUTEBOL TE,MAUÁ FUTEBOL TREINAMENTOS E ESPORTES LTDA.,SÃO CAETANO FL,SÃO CAETANO FUTEBOL LTDA.,Mauá,scheduled,350 04/jul - sáb 14 h 30 MAUÁ FUTEBOL TE X SÃO CAETANO FL Mauá
paulista_sub11_2026,Sub-11,9,351,04/jul,sáb,14 h 30,AA PORTUGUESA,ASSOCIAÇÃO ATLÉTICA PORTUGUESA,EC SÃO BERNARDO SAF,ESPORTE CLUBE SÃO BERNARDO SAF,Santos,scheduled,351 04/jul - sáb 14 h 30 AA PORTUGUESA X EC SÃO BERNARDO SAF Santos
paulista_sub11_2026,Sub-11,10,352,25/jul,sáb,14 h 30,OLÍMPIA FC,OLÍMPIA FUTEBOL CLUBE,JOSÉ BONIFÁCIO EC,JOSÉ BONIFÁCIO ESPORTE CLUBE,Olímpia,scheduled,352 25/jul - sáb 14 h 30 OLÍMPIA FC X JOSÉ BONIFÁCIO EC Olímpia
paulista_sub11_2026,Sub-11,10,353,25/jul,sáb,14 h 30,MIRASSOL FC,MIRASSOL FUTEBOL CLUBE,CA LINENSE,CLUBE ATLÉTICO LINENSE,Bálsamo,scheduled,353 25/jul - sáb 14 h 30 MIRASSOL FC X CA LINENSE Bálsamo
paulista_sub11_2026,Sub-11,10,354,25/jul,sáb,14 h 30,CA PENAPOLENSE,CLUBE ATLÉTICO PENAPOLENSE,GR. CATANDUVENSE,GRÊMIO CATANDUVENSE DE FUTEBOL,Penápolis,scheduled,354 25/jul - sáb 14 h 30 CA PENAPOLENSE X GR. CATANDUVENSE Penápolis
paulista_sub11_2026,Sub-11,10,355,25/jul,sáb,14 h 30,ARAÇATUBA FC SAF,ARAÇATUBA FUTEBOL CLUBE SAF,SANTA FÉ FC,SANTA FÉ FUTEBOL CLUBE LTDA.,Araçatuba,scheduled,355 25/jul - sáb 14 h 30 ARAÇATUBA FC SAF X SANTA FÉ FC Araçatuba
paulista_sub11_2026,Sub-11,10,356,25/jul,sáb,14 h 30,CA ASSISENSE,CLUBE ATLÉTICO ASSISENSE,AA ITARARÉ,ASSOCIAÇÃO ATLÉTICA ITARARÉ,Assis,scheduled,356 25/jul - sáb 14 h 30 CA ASSISENSE X AA ITARARÉ Assis
paulista_sub11_2026,Sub-11,10,357,25/jul,sáb,14 h 30,TUPÃ FC,TUPÃ FUTEBOL CLUBE,PRES. PRUDENTE FC,PRESIDENTE PRUDENTE FUTEBOL CLUBE,Tupã,scheduled,357 25/jul - sáb 14 h 30 TUPÃ FC X PRES. PRUDENTE FC Tupã
paulista_sub11_2026,Sub-11,10,358,25/jul,sáb,14 h 30,MARÍLIA AC,MARÍLIA ATLÉTICO CLUBE,EC XV DE JAÚ,ESPORTE CLUBE XV DE NOVEMBRO,Marília,scheduled,358 25/jul - sáb 14 h 30 MARÍLIA AC X EC XV DE JAÚ Marília
paulista_sub11_2026,Sub-11,10,359,25/jul,sáb,14 h 30,I9 FUTEBOL CLUBE,I9 INTERNACIONAL ACADEMY,BATATAIS FC,BATATAIS FUTEBOL CLUBE,Ribeirão Preto,scheduled,359 25/jul - sáb 14 h 30 I9 FUTEBOL CLUBE X BATATAIS FC Ribeirão Preto
paulista_sub11_2026,Sub-11,10,360,25/jul,sáb,14 h 30,BOTAFOGO S/A,BOTAFOGO FUTEBOL S/A,AA INTER BEBEDOURO,ASSOCIAÇÃO ATLÉTICA INTERNACIONAL BEBEDOURO,Ribeirão Preto,scheduled,360 25/jul - sáb 14 h 30 BOTAFOGO S/A X AA INTER BEBEDOURO Ribeirão Preto
paulista_sub11_2026,Sub-11,10,361,25/jul,sáb,14 h 30,BARRETOS EC,BARRETOS ESPORTE CLUBE,COMERCIAL FC - RP,COMERCIAL FUTEBOL CLUBE,Barretos,scheduled,361 25/jul - sáb 14 h 30 BARRETOS EC X COMERCIAL FC - RP Barretos
paulista_sub11_2026,Sub-11,10,362,25/jul,sáb,14 h 30,LG FUTEBOL CLUBE,LG FUTEBOL CLUBE LTDA.,AA FRANCANA,ASSOCIAÇÃO ATLÉTICA FRANCANA,Serrana,scheduled,362 25/jul - sáb 14 h 30 LG FUTEBOL CLUBE X AA FRANCANA Serrana
paulista_sub11_2026,Sub-11,10,363,25/jul,sáb,14 h 30,SÃO CARLOS FL,SÃO CARLOS FUTEBOL LTDA.,SE MATONENSE,SOCIEDADE ESPORTIVA MATONENSE,São Carlos,scheduled,363 25/jul - sáb 14 h 30 SÃO CARLOS FL X SE MATONENSE São Carlos
paulista_sub11_2026,Sub-11,10,364,25/jul,sáb,14 h 30,AE VELO CLUBE,ASSOCIAÇÃO ESPORTIVA VELO CLUBE RIOCLARENSE - RIO CLARO,PORTO FOOT BALL LTDA,PORTO FOOT BALL LTDA.,Rio Claro,scheduled,364 25/jul - sáb 14 h 30 AE VELO CLUBE X PORTO FOOT BALL LTDA Rio Claro
paulista_sub11_2026,Sub-11,10,365,25/jul,sáb,14 h 30,CA TAQUARITINGA,CLUBE ATLÉTICO TAQUARITINGA,RIO CLARO FC,RIO CLARO FUTEBOL CLUBE,Taquaritinga,scheduled,365 25/jul - sáb 14 h 30 CA TAQUARITINGA X RIO CLARO FC Taquaritinga
paulista_sub11_2026,Sub-11,10,366,25/jul,sáb,14 h 30,PALMEIRAS FC,PALMEIRAS FUTEBOL CLUBE,SPORT CLUBE AGUAÍ,SPORT CLUBE AGUAÍ,São João da Boa Vista,scheduled,366 25/jul - sáb 14 h 30 PALMEIRAS FC X SPORT CLUBE AGUAÍ São João da Boa Vista
paulista_sub11_2026,Sub-11,10,367,25/jul,sáb,14 h 30,UA BARBARENSE FC,UNIÃO AGRÍCOLA BARBARENSE FUTEBOL CLUBE - SANTA BÁRBARA D'OESTE,AMPARO AC,AMPARO ATHÉTICO CLUB,Santa Bárbara D'Oeste,scheduled,367 25/jul - sáb 14 h 30 UA BARBARENSE FC X AMPARO AC Santa Bárbara D'Oeste
paulista_sub11_2026,Sub-11,10,368,25/jul,sáb,14 h 30,COSMOPOLITANO SPORTS,COSMOPOLITANO SPORTS LTDA.,AA INTER LIMEIRA,ASSOCIAÇÃO ATLÉTICA INTERNACIONAL LIMEIRA,Cosmópolis,scheduled,368 25/jul - sáb 14 h 30 COSMOPOLITANO SPORTS X AA INTER LIMEIRA Cosmópolis
paulista_sub11_2026,Sub-11,10,369,25/jul,sáb,14 h 30,GUARANI FC,GUARANI FUTEBOL CLUBE,RIO BRANCO EC,RIO BRANCO ESPORTE CLUBE,Amparo,scheduled,369 25/jul - sáb 14 h 30 GUARANI FC X RIO BRANCO EC Amparo
paulista_sub11_2026,Sub-11,10,370,25/jul,sáb,14 h 30,INDEPENDENTE FC,INDEPENDENTE FUTEBOL CLUBE,MACABI HOLAMBRA,MACABI HOLAMBRA ESPORTE CLUBE,Limeira,scheduled,370 25/jul - sáb 14 h 30 INDEPENDENTE FC X MACABI HOLAMBRA Limeira
paulista_sub11_2026,Sub-11,10,371,25/jul,sáb,14 h 30,SÃO BERNARDO FC,SÃO BERNARDO FUTEBOL CLUBE LTDA.,SC PAULINENSE,SPORTING CLUB PAULINENSE,Itatiba,scheduled,371 25/jul - sáb 14 h 30 SÃO BERNARDO FC X SC PAULINENSE Itatiba
paulista_sub11_2026,Sub-11,10,372,25/jul,sáb,14 h 30,RED BULL BRAGANTINO,RED BULL BRAGANTINO FUTEBOL LTDA.,SFERA SAF,SFERA SAF,Atibaia,scheduled,372 25/jul - sáb 14 h 30 RED BULL BRAGANTINO X SFERA SAF Atibaia
paulista_sub11_2026,Sub-11,10,373,25/jul,sáb,14 h 30,PRIMAVERA SAF,PRIMAVERA SAF,DS SPORTS LTDA,DIFFERENT SYSTEM SPORTS LTDA.,Indaiatuba,scheduled,373 25/jul - sáb 14 h 30 PRIMAVERA SAF X DS SPORTS LTDA Indaiatuba
paulista_sub11_2026,Sub-11,10,374,25/jul,sáb,14 h 30,VALINHOS HYPER FC S.A.F,VALINHOS HYPER FUTEBOL CLUBE SAF,VALINHOS EC,VALINHOS ESPORTE CLUBE LTDA.,Valinhos,scheduled,374 25/jul - sáb 14 h 30 VALINHOS HYPER FC S.A.F X VALINHOS EC Valinhos
paulista_sub11_2026,Sub-11,10,375,25/jul,sáb,14 h 30,ITAQUAQUECETUBA ATH.,ITAQUAQUECETUBA ATHLETICO CLUB LTDA.,AA FLAMENGO,ASSOCIAÇÃO ATLÉTICA FLAMENGO,Itaquaquecetuba,scheduled,375 25/jul - sáb 14 h 30 ITAQUAQUECETUBA ATH. X AA FLAMENGO Itaquaquecetuba
paulista_sub11_2026,Sub-11,10,376,25/jul,sáb,14 h 30,SE PALMEIRAS,SOCIEDADE ESPORTIVA PALMEIRAS,PRATA DA CASA SAF,PRATA DA CASA SAF,Guarulhos,scheduled,376 25/jul - sáb 14 h 30 SE PALMEIRAS X PRATA DA CASA SAF Guarulhos
paulista_sub11_2026,Sub-11,10,377,25/jul,sáb,14 h 30,AD GUARULHOS,ASSOCIAÇÃO DESPORTIVA GUARULHOS,PAULISTA FC,PAULISTA FUTEBOL CLUBE LTDA.,Guarulhos,scheduled,377 25/jul - sáb 14 h 30 AD GUARULHOS X PAULISTA FC Guarulhos
paulista_sub11_2026,Sub-11,10,378,25/jul,sáb,14 h 30,JUVENTUS SAF,JUVENTUS SAF,COLORADO CAIEIRAS FC,COLORADO CAIEIRAS FUTEBOL CLUBE LTDA.,São Paulo,scheduled,378 25/jul - sáb 14 h 30 JUVENTUS SAF X COLORADO CAIEIRAS FC São Paulo
paulista_sub11_2026,Sub-11,10,379,25/jul,sáb,14 h 30,REFERÊNCIA FC SAF,REFERÊNCIA FUTEBOL CLUBE SAF,SALTO FC,SALTO FUTEBOL CLUBE,Embu das Artes,scheduled,379 25/jul - sáb 14 h 30 REFERÊNCIA FC SAF X SALTO FC Embu das Artes
paulista_sub11_2026,Sub-11,10,380,25/jul,sáb,14 h 30,SÃO PAULO FC,SÃO PAULO FUTEBOL CLUBE,REAL SOCCER,ASSOCIAÇÃO ACADEMY REAL FUTEBOL CLUBE,Cotia,scheduled,380 25/jul - sáb 14 h 30 SÃO PAULO FC X REAL SOCCER Cotia
paulista_sub11_2026,Sub-11,10,381,25/jul,sáb,14 h 30,GO AUDAX,GRÊMIO OSASCO AUDAX ESPORTE CLUBE,VOTORATY FC,VOTORATY FUTEBOL CLUBE LTDA.,Osasco,scheduled,381 25/jul - sáb 14 h 30 GO AUDAX X VOTORATY FC Osasco
paulista_sub11_2026,Sub-11,10,382,25/jul,sáb,14 h 30,EC SÃO BENTO,ESPORTE CLUBE SÃO BENTO,CLUBE VITAL SAF,CLUBE VITAL ACADEMIA DE FUTEBOL SAF,Sorocaba,scheduled,382 25/jul - sáb 14 h 30 EC SÃO BENTO X CLUBE VITAL SAF Sorocaba
paulista_sub11_2026,Sub-11,10,383,25/jul,sáb,14 h 30,SC CORINTHIANS PTA,SPORT CLUB CORINTHIANS PAULISTA,SÃO JOSÉ EC SAF,SÃO JOSÉ ESPORTE CLUBE SAF,São Paulo,scheduled,383 25/jul - sáb 14 h 30 SC CORINTHIANS PTA X SÃO JOSÉ EC SAF São Paulo
paulista_sub11_2026,Sub-11,10,384,25/jul,sáb,14 h 30,ECUS SAF,ESPORTE CLUBE UNIÃO SUZANO SAF,CA ATLÉTICO MOGI,CLUBE ATLÉTICO MOGI DAS CRUZES DE FUTEBOL LTDA.,Suzano,scheduled,384 25/jul - sáb 14 h 30 ECUS SAF X CA ATLÉTICO MOGI Suzano
paulista_sub11_2026,Sub-11,10,385,25/jul,sáb,14 h 30,FC PRIMEIRA CAMISA,FUTEBOL CLUBE PRIMEIRA CAMISA,AD MANTHIQUEIRA,ACADEMIA DESPORTIVA MANTHIQUEIRA FUTEBOL LTDA.,São José dos Campos,scheduled,385 25/jul - sáb 14 h 30 FC PRIMEIRA CAMISA X AD MANTHIQUEIRA São José dos Campos
paulista_sub11_2026,Sub-11,10,386,25/jul,sáb,14 h 30,JABAQUARA AC,JABAQUARA ATLÉTICO CLUBE,BARCELONA EC,BARCELONA ESPORTIVO CAPELA LTDA.,Santos,scheduled,386 25/jul - sáb 14 h 30 JABAQUARA AC X BARCELONA EC Santos
paulista_sub11_2026,Sub-11,10,387,25/jul,sáb,14 h 30,SANTOS FC,SANTOS FUTEBOL CLUBE,MAUÁ FUTEBOL TE,MAUÁ FUTEBOL TREINAMENTOS E ESPORTES LTDA.,Santos,scheduled,387 25/jul - sáb 14 h 30 SANTOS FC X MAUÁ FUTEBOL TE Santos
paulista_sub11_2026,Sub-11,10,388,25/jul,sáb,14 h 30,SÃO CAETANO FL,SÃO CAETANO FUTEBOL LTDA.,AA PORTUGUESA,ASSOCIAÇÃO ATLÉTICA PORTUGUESA,São Caetano do Sul,scheduled,388 25/jul - sáb 14 h 30 SÃO CAETANO FL X AA PORTUGUESA São Caetano do Sul
paulista_sub11_2026,Sub-11,10,389,25/jul,sáb,14 h 30,GE MAUAENSE,GRÊMIO ESPORTIVO MAUAENSE,EC SÃO BERNARDO SAF,ESPORTE CLUBE SÃO BERNARDO SAF,Mauá,scheduled,389 25/jul - sáb 14 h 30 GE MAUAENSE X EC SÃO BERNARDO SAF Mauá
paulista_sub11_2026,Sub-11,10,390,26/jul,dom,14 h 30,EC TAUBATÉ,ESPORTE CLUBE TAUBATÉ,UNIÃO SUZANO AC,UNIÃO SUZANO ATLÉTICO CLUBE,Taubaté,scheduled,390 26/jul - dom 14 h 30 EC TAUBATÉ X UNIÃO SUZANO AC Taubaté
paulista_sub11_2026,Sub-11,11,391,08/ago,sáb,14 h 30,JOSÉ BONIFÁCIO EC,JOSÉ BONIFÁCIO ESPORTE CLUBE,ARAÇATUBA FC SAF,ARAÇATUBA FUTEBOL CLUBE SAF,José Bonifácio,scheduled,391 08/ago - sáb 14 h 30 JOSÉ BONIFÁCIO EC X ARAÇATUBA FC SAF José Bonifácio
paulista_sub11_2026,Sub-11,11,392,08/ago,sáb,14 h 30,CA LINENSE,CLUBE ATLÉTICO LINENSE,OLÍMPIA FC,OLÍMPIA FUTEBOL CLUBE,Lins,scheduled,392 08/ago - sáb 14 h 30 CA LINENSE X OLÍMPIA FC Lins
paulista_sub11_2026,Sub-11,11,393,08/ago,sáb,14 h 30,GR. CATANDUVENSE,GRÊMIO CATANDUVENSE DE FUTEBOL,MIRASSOL FC,MIRASSOL FUTEBOL CLUBE,Catanduva,scheduled,393 08/ago - sáb 14 h 30 GR. CATANDUVENSE X MIRASSOL FC Catanduva
paulista_sub11_2026,Sub-11,11,394,08/ago,sáb,14 h 30,SANTA FÉ FC,SANTA FÉ FUTEBOL CLUBE LTDA.,CA PENAPOLENSE,CLUBE ATLÉTICO PENAPOLENSE,Santa Fé do Sul,scheduled,394 08/ago - sáb 14 h 30 SANTA FÉ FC X CA PENAPOLENSE Santa Fé do Sul
paulista_sub11_2026,Sub-11,11,395,08/ago,sáb,14 h 30,PRES. PRUDENTE FC,PRESIDENTE PRUDENTE FUTEBOL CLUBE,CA ASSISENSE,CLUBE ATLÉTICO ASSISENSE,Presidente Prudente,scheduled,395 08/ago - sáb 14 h 30 PRES. PRUDENTE FC X CA ASSISENSE Presidente Prudente
paulista_sub11_2026,Sub-11,11,396,08/ago,sáb,14 h 30,EC XV DE JAÚ,ESPORTE CLUBE XV DE NOVEMBRO,EC NOROESTE SAF,ESPORTE CLUBE NOROESTE SAF,Jaú,scheduled,396 08/ago - sáb 14 h 30 EC XV DE JAÚ X EC NOROESTE SAF Jaú
paulista_sub11_2026,Sub-11,11,397,08/ago,sáb,14 h 30,AA ITARARÉ,ASSOCIAÇÃO ATLÉTICA ITARARÉ,MARÍLIA AC,MARÍLIA ATLÉTICO CLUBE,Itararé,scheduled,397 08/ago - sáb 14 h 30 AA ITARARÉ X MARÍLIA AC Itararé
paulista_sub11_2026,Sub-11,11,398,08/ago,sáb,14 h 30,BATATAIS FC,BATATAIS FUTEBOL CLUBE,LG FUTEBOL CLUBE,LG FUTEBOL CLUBE LTDA.,Batatais,scheduled,398 08/ago - sáb 14 h 30 BATATAIS FC X LG FUTEBOL CLUBE Batatais
paulista_sub11_2026,Sub-11,11,399,08/ago,sáb,14 h 30,AA INTER BEBEDOURO,ASSOCIAÇÃO ATLÉTICA INTERNACIONAL BEBEDOURO,I9 FUTEBOL CLUBE,I9 INTERNACIONAL ACADEMY,Bebedouro,scheduled,399 08/ago - sáb 14 h 30 AA INTER BEBEDOURO X I9 FUTEBOL CLUBE Bebedouro
paulista_sub11_2026,Sub-11,11,400,08/ago,sáb,14 h 30,COMERCIAL FC - RP,COMERCIAL FUTEBOL CLUBE,BOTAFOGO S/A,BOTAFOGO FUTEBOL S/A,Ribeirão Preto,scheduled,400 08/ago - sáb 14 h 30 COMERCIAL FC - RP X BOTAFOGO S/A Ribeirão Preto
paulista_sub11_2026,Sub-11,11,401,08/ago,sáb,14 h 30,AA FRANCANA,ASSOCIAÇÃO ATLÉTICA FRANCANA,BARRETOS EC,BARRETOS ESPORTE CLUBE,Franca,scheduled,401 08/ago - sáb 14 h 30 AA FRANCANA X BARRETOS EC Franca
paulista_sub11_2026,Sub-11,11,402,08/ago,sáb,14 h 30,SE MATONENSE,SOCIEDADE ESPORTIVA MATONENSE,PALMEIRAS FC,PALMEIRAS FUTEBOL CLUBE,Matão,scheduled,402 08/ago - sáb 14 h 30 SE MATONENSE X PALMEIRAS FC Matão
paulista_sub11_2026,Sub-11,11,403,08/ago,sáb,14 h 30,PORTO FOOT BALL LTDA,PORTO FOOT BALL LTDA.,SÃO CARLOS FL,SÃO CARLOS FUTEBOL LTDA.,Porto Ferreira,scheduled,403 08/ago - sáb 14 h 30 PORTO FOOT BALL LTDA X SÃO CARLOS FL Porto Ferreira
paulista_sub11_2026,Sub-11,11,404,08/ago,sáb,14 h 30,RIO CLARO FC,RIO CLARO FUTEBOL CLUBE,AE VELO CLUBE,ASSOCIAÇÃO ESPORTIVA VELO CLUBE RIOCLARENSE - RIO CLARO,Rio Claro,scheduled,404 08/ago - sáb 14 h 30 RIO CLARO FC X AE VELO CLUBE Rio Claro
paulista_sub11_2026,Sub-11,11,405,08/ago,sáb,14 h 30,SPORT CLUBE AGUAÍ,SPORT CLUBE AGUAÍ,CA TAQUARITINGA,CLUBE ATLÉTICO TAQUARITINGA,Aguaí,scheduled,405 08/ago - sáb 14 h 30 SPORT CLUBE AGUAÍ X CA TAQUARITINGA Aguaí
paulista_sub11_2026,Sub-11,11,406,08/ago,sáb,14 h 30,AMPARO AC,AMPARO ATHÉTICO CLUB,INDEPENDENTE FC,INDEPENDENTE FUTEBOL CLUBE,Amparo,scheduled,406 08/ago - sáb 14 h 30 AMPARO AC X INDEPENDENTE FC Amparo
paulista_sub11_2026,Sub-11,11,407,08/ago,sáb,14 h 30,RIO BRANCO EC,RIO BRANCO ESPORTE CLUBE,COSMOPOLITANO SPORTS,COSMOPOLITANO SPORTS LTDA.,Americana,scheduled,407 08/ago - sáb 14 h 30 RIO BRANCO EC X COSMOPOLITANO SPORTS Americana
paulista_sub11_2026,Sub-11,11,408,08/ago,sáb,14 h 30,MACABI HOLAMBRA,MACABI HOLAMBRA ESPORTE CLUBE,GUARANI FC,GUARANI FUTEBOL CLUBE,Holambra,scheduled,408 08/ago - sáb 14 h 30 MACABI HOLAMBRA X GUARANI FC Holambra
paulista_sub11_2026,Sub-11,11,409,08/ago,sáb,14 h 30,SC PAULINENSE,SPORTING CLUB PAULINENSE,VALINHOS HYPER FC S.A.F,VALINHOS HYPER FUTEBOL CLUBE SAF,Paulínia,scheduled,409 08/ago - sáb 14 h 30 SC PAULINENSE X VALINHOS HYPER FC S.A.F Paulínia
paulista_sub11_2026,Sub-11,11,410,08/ago,sáb,14 h 30,SFERA SAF,SFERA SAF,SÃO BERNARDO FC,SÃO BERNARDO FUTEBOL CLUBE LTDA.,Jarinu,scheduled,410 08/ago - sáb 14 h 30 SFERA SAF X SÃO BERNARDO FC Jarinu
paulista_sub11_2026,Sub-11,11,411,08/ago,sáb,14 h 30,DS SPORTS LTDA,DIFFERENT SYSTEM SPORTS LTDA.,RED BULL BRAGANTINO,RED BULL BRAGANTINO FUTEBOL LTDA.,Atibaia,scheduled,411 08/ago - sáb 14 h 30 DS SPORTS LTDA X RED BULL BRAGANTINO Atibaia
paulista_sub11_2026,Sub-11,11,412,08/ago,sáb,14 h 30,VALINHOS EC,VALINHOS ESPORTE CLUBE LTDA.,PRIMAVERA SAF,PRIMAVERA SAF,Itatiba,scheduled,412 08/ago - sáb 14 h 30 VALINHOS EC X PRIMAVERA SAF Itatiba
paulista_sub11_2026,Sub-11,11,413,08/ago,sáb,14 h 30,AA FLAMENGO,ASSOCIAÇÃO ATLÉTICA FLAMENGO,JUVENTUS SAF,JUVENTUS SAF,Guarulhos,scheduled,413 08/ago - sáb 14 h 30 AA FLAMENGO X JUVENTUS SAF Guarulhos
paulista_sub11_2026,Sub-11,11,414,08/ago,sáb,14 h 30,PRATA DA CASA SAF,PRATA DA CASA SAF,ITAQUAQUECETUBA ATH.,ITAQUAQUECETUBA ATHLETICO CLUB LTDA.,São Paulo,scheduled,414 08/ago - sáb 14 h 30 PRATA DA CASA SAF X ITAQUAQUECETUBA ATH. São Paulo
paulista_sub11_2026,Sub-11,11,415,08/ago,sáb,14 h 30,PAULISTA FC,PAULISTA FUTEBOL CLUBE LTDA.,SE PALMEIRAS,SOCIEDADE ESPORTIVA PALMEIRAS,Jundiaí,scheduled,415 08/ago - sáb 14 h 30 PAULISTA FC X SE PALMEIRAS Jundiaí
paulista_sub11_2026,Sub-11,11,416,08/ago,sáb,14 h 30,COLORADO CAIEIRAS FC,COLORADO CAIEIRAS FUTEBOL CLUBE LTDA.,AD GUARULHOS,ASSOCIAÇÃO DESPORTIVA GUARULHOS,Caieiras,scheduled,416 08/ago - sáb 14 h 30 COLORADO CAIEIRAS FC X AD GUARULHOS Caieiras
paulista_sub11_2026,Sub-11,11,417,08/ago,sáb,14 h 30,SALTO FC,SALTO FUTEBOL CLUBE,EC SÃO BENTO,ESPORTE CLUBE SÃO BENTO,Salto,scheduled,417 08/ago - sáb 14 h 30 SALTO FC X EC SÃO BENTO Salto
paulista_sub11_2026,Sub-11,11,418,08/ago,sáb,14 h 30,REAL SOCCER,ASSOCIAÇÃO ACADEMY REAL FUTEBOL CLUBE,REFERÊNCIA FC SAF,REFERÊNCIA FUTEBOL CLUBE SAF,Sorocaba,scheduled,418 08/ago - sáb 14 h 30 REAL SOCCER X REFERÊNCIA FC SAF Sorocaba
paulista_sub11_2026,Sub-11,11,419,08/ago,sáb,14 h 30,VOTORATY FC,VOTORATY FUTEBOL CLUBE LTDA.,SÃO PAULO FC,SÃO PAULO FUTEBOL CLUBE,Votorantim,scheduled,419 08/ago - sáb 14 h 30 VOTORATY FC X SÃO PAULO FC Votorantim
paulista_sub11_2026,Sub-11,11,420,08/ago,sáb,14 h 30,CLUBE VITAL SAF,CLUBE VITAL ACADEMIA DE FUTEBOL SAF,GO AUDAX,GRÊMIO OSASCO AUDAX ESPORTE CLUBE,Ibiúna,scheduled,420 08/ago - sáb 14 h 30 CLUBE VITAL SAF X GO AUDAX Ibiúna
paulista_sub11_2026,Sub-11,11,421,08/ago,sáb,14 h 30,UNIÃO SUZANO AC,UNIÃO SUZANO ATLÉTICO CLUBE,FC PRIMEIRA CAMISA,FUTEBOL CLUBE PRIMEIRA CAMISA,Suzano,scheduled,421 08/ago - sáb 14 h 30 UNIÃO SUZANO AC X FC PRIMEIRA CAMISA Suzano
paulista_sub11_2026,Sub-11,11,422,08/ago,sáb,14 h 30,SÃO JOSÉ EC SAF,SÃO JOSÉ ESPORTE CLUBE SAF,EC TAUBATÉ,ESPORTE CLUBE TAUBATÉ,São José dos Campos,scheduled,422 08/ago - sáb 14 h 30 SÃO JOSÉ EC SAF X EC TAUBATÉ São José dos Campos
paulista_sub11_2026,Sub-11,11,423,08/ago,sáb,14 h 30,CA ATLÉTICO MOGI,CLUBE ATLÉTICO MOGI DAS CRUZES DE FUTEBOL LTDA.,SC CORINTHIANS PTA,SPORT CLUB CORINTHIANS PAULISTA,Mogi das Cruzes,scheduled,423 08/ago - sáb 14 h 30 CA ATLÉTICO MOGI X SC CORINTHIANS PTA Mogi das Cruzes
paulista_sub11_2026,Sub-11,11,424,08/ago,sáb,14 h 30,AD MANTHIQUEIRA,ACADEMIA DESPORTIVA MANTHIQUEIRA FUTEBOL LTDA.,ECUS SAF,ESPORTE CLUBE UNIÃO SUZANO SAF,Guaratinguetá,scheduled,424 08/ago - sáb 14 h 30 AD MANTHIQUEIRA X ECUS SAF Guaratinguetá
paulista_sub11_2026,Sub-11,11,425,08/ago,sáb,14 h 30,BARCELONA EC,BARCELONA ESPORTIVO CAPELA LTDA.,GE MAUAENSE,GRÊMIO ESPORTIVO MAUAENSE,São Caetano do Sul,scheduled,425 08/ago - sáb 14 h 30 BARCELONA EC X GE MAUAENSE São Caetano do Sul
paulista_sub11_2026,Sub-11,11,426,08/ago,sáb,14 h 30,MAUÁ FUTEBOL TE,MAUÁ FUTEBOL TREINAMENTOS E ESPORTES LTDA.,JABAQUARA AC,JABAQUARA ATLÉTICO CLUBE,Mauá,scheduled,426 08/ago - sáb 14 h 30 MAUÁ FUTEBOL TE X JABAQUARA AC Mauá
paulista_sub11_2026,Sub-11,11,427,08/ago,sáb,14 h 30,AA PORTUGUESA,ASSOCIAÇÃO ATLÉTICA PORTUGUESA,SANTOS FC,SANTOS FUTEBOL CLUBE,Santos,scheduled,427 08/ago - sáb 14 h 30 AA PORTUGUESA X SANTOS FC Santos
paulista_sub11_2026,Sub-11,11,428,08/ago,sáb,14 h 30,EC SÃO BERNARDO SAF,ESPORTE CLUBE SÃO BERNARDO SAF,SÃO CAETANO FL,SÃO CAETANO FUTEBOL LTDA.,São Bernardo do Campo,scheduled,428 08/ago - sáb 14 h 30 EC SÃO BERNARDO SAF X SÃO CAETANO FL São Bernardo do Campo
paulista_sub11_2026,Sub-11,11,429,09/ago,dom,14 h 30,AA INTER LIMEIRA,ASSOCIAÇÃO ATLÉTICA INTERNACIONAL LIMEIRA,UA BARBARENSE FC,UNIÃO AGRÍCOLA BARBARENSE FUTEBOL CLUBE - SANTA BÁRBARA D'OESTE,Limeira,scheduled,429 09/ago - dom 14 h 30 AA INTER LIMEIRA X UA BARBARENSE FC Limeira
paulista_sub11_2026,Sub-11,12,430,22/ago,sáb,14 h 30,CA LINENSE,CLUBE ATLÉTICO LINENSE,JOSÉ BONIFÁCIO EC,JOSÉ BONIFÁCIO ESPORTE CLUBE,Lins,scheduled,430 22/ago - sáb 14 h 30 CA LINENSE X JOSÉ BONIFÁCIO EC Lins
paulista_sub11_2026,Sub-11,12,431,22/ago,sáb,14 h 30,OLÍMPIA FC,OLÍMPIA FUTEBOL CLUBE,GR. CATANDUVENSE,GRÊMIO CATANDUVENSE DE FUTEBOL,Olímpia,scheduled,431 22/ago - sáb 14 h 30 OLÍMPIA FC X GR. CATANDUVENSE Olímpia
paulista_sub11_2026,Sub-11,12,432,22/ago,sáb,14 h 30,MIRASSOL FC,MIRASSOL FUTEBOL CLUBE,SANTA FÉ FC,SANTA FÉ FUTEBOL CLUBE LTDA.,Bálsamo,scheduled,432 22/ago - sáb 14 h 30 MIRASSOL FC X SANTA FÉ FC Bálsamo
paulista_sub11_2026,Sub-11,12,433,22/ago,sáb,14 h 30,CA PENAPOLENSE,CLUBE ATLÉTICO PENAPOLENSE,ARAÇATUBA FC SAF,ARAÇATUBA FUTEBOL CLUBE SAF,Penápolis,scheduled,433 22/ago - sáb 14 h 30 CA PENAPOLENSE X ARAÇATUBA FC SAF Penápolis
paulista_sub11_2026,Sub-11,12,434,22/ago,sáb,14 h 30,EC NOROESTE SAF,ESPORTE CLUBE NOROESTE SAF,AA ITARARÉ,ASSOCIAÇÃO ATLÉTICA ITARARÉ,Iacanga,scheduled,434 22/ago - sáb 14 h 30 EC NOROESTE SAF X AA ITARARÉ Iacanga
paulista_sub11_2026,Sub-11,12,435,22/ago,sáb,14 h 30,MARÍLIA AC,MARÍLIA ATLÉTICO CLUBE,PRES. PRUDENTE FC,PRESIDENTE PRUDENTE FUTEBOL CLUBE,Marília,scheduled,435 22/ago - sáb 14 h 30 MARÍLIA AC X PRES. PRUDENTE FC Marília
paulista_sub11_2026,Sub-11,12,436,22/ago,sáb,14 h 30,CA ASSISENSE,CLUBE ATLÉTICO ASSISENSE,TUPÃ FC,TUPÃ FUTEBOL CLUBE,Assis,scheduled,436 22/ago - sáb 14 h 30 CA ASSISENSE X TUPÃ FC Assis
paulista_sub11_2026,Sub-11,12,437,22/ago,sáb,14 h 30,AA INTER BEBEDOURO,ASSOCIAÇÃO ATLÉTICA INTERNACIONAL BEBEDOURO,BATATAIS FC,BATATAIS FUTEBOL CLUBE,Bebedouro,scheduled,437 22/ago - sáb 14 h 30 AA INTER BEBEDOURO X BATATAIS FC Bebedouro
paulista_sub11_2026,Sub-11,12,438,22/ago,sáb,14 h 30,I9 FUTEBOL CLUBE,I9 INTERNACIONAL ACADEMY,COMERCIAL FC - RP,COMERCIAL FUTEBOL CLUBE,Ribeirão Preto,scheduled,438 22/ago - sáb 14 h 30 I9 FUTEBOL CLUBE X COMERCIAL FC - RP Ribeirão Preto
paulista_sub11_2026,Sub-11,12,439,22/ago,sáb,14 h 30,BOTAFOGO S/A,BOTAFOGO FUTEBOL S/A,AA FRANCANA,ASSOCIAÇÃO ATLÉTICA FRANCANA,Ribeirão Preto,scheduled,439 22/ago - sáb 14 h 30 BOTAFOGO S/A X AA FRANCANA Ribeirão Preto
paulista_sub11_2026,Sub-11,12,440,22/ago,sáb,14 h 30,BARRETOS EC,BARRETOS ESPORTE CLUBE,LG FUTEBOL CLUBE,LG FUTEBOL CLUBE LTDA.,Barretos,scheduled,440 22/ago - sáb 14 h 30 BARRETOS EC X LG FUTEBOL CLUBE Barretos
paulista_sub11_2026,Sub-11,12,441,22/ago,sáb,14 h 30,PORTO FOOT BALL LTDA,PORTO FOOT BALL LTDA.,SE MATONENSE,SOCIEDADE ESPORTIVA MATONENSE,Porto Ferreira,scheduled,441 22/ago - sáb 14 h 30 PORTO FOOT BALL LTDA X SE MATONENSE Porto Ferreira
paulista_sub11_2026,Sub-11,12,442,22/ago,sáb,14 h 30,SÃO CARLOS FL,SÃO CARLOS FUTEBOL LTDA.,RIO CLARO FC,RIO CLARO FUTEBOL CLUBE,São Carlos,scheduled,442 22/ago - sáb 14 h 30 SÃO CARLOS FL X RIO CLARO FC São Carlos
paulista_sub11_2026,Sub-11,12,443,22/ago,sáb,14 h 30,AE VELO CLUBE,ASSOCIAÇÃO ESPORTIVA VELO CLUBE RIOCLARENSE - RIO CLARO,SPORT CLUBE AGUAÍ,SPORT CLUBE AGUAÍ,Rio Claro,scheduled,443 22/ago - sáb 14 h 30 AE VELO CLUBE X SPORT CLUBE AGUAÍ Rio Claro
paulista_sub11_2026,Sub-11,12,444,22/ago,sáb,14 h 30,CA TAQUARITINGA,CLUBE ATLÉTICO TAQUARITINGA,PALMEIRAS FC,PALMEIRAS FUTEBOL CLUBE,Taquartitinga,scheduled,444 22/ago - sáb 14 h 30 CA TAQUARITINGA X PALMEIRAS FC Taquartitinga
paulista_sub11_2026,Sub-11,12,445,22/ago,sáb,14 h 30,UA BARBARENSE FC,UNIÃO AGRÍCOLA BARBARENSE FUTEBOL CLUBE - SANTA BÁRBARA D'OESTE,RIO BRANCO EC,RIO BRANCO ESPORTE CLUBE,Santa Bárbara D'Oeste,scheduled,445 22/ago - sáb 14 h 30 UA BARBARENSE FC X RIO BRANCO EC Santa Bárbara D'Oeste
paulista_sub11_2026,Sub-11,12,446,22/ago,sáb,14 h 30,COSMOPOLITANO SPORTS,COSMOPOLITANO SPORTS LTDA.,MACABI HOLAMBRA,MACABI HOLAMBRA ESPORTE CLUBE,Cosmópolis,scheduled,446 22/ago - sáb 14 h 30 COSMOPOLITANO SPORTS X MACABI HOLAMBRA Cosmópolis
paulista_sub11_2026,Sub-11,12,447,22/ago,sáb,14 h 30,GUARANI FC,GUARANI FUTEBOL CLUBE,INDEPENDENTE FC,INDEPENDENTE FUTEBOL CLUBE,Amparo,scheduled,447 22/ago - sáb 14 h 30 GUARANI FC X INDEPENDENTE FC Amparo
paulista_sub11_2026,Sub-11,12,448,22/ago,sáb,14 h 30,SFERA SAF,SFERA SAF,SC PAULINENSE,SPORTING CLUB PAULINENSE,Jarinu,scheduled,448 22/ago - sáb 14 h 30 SFERA SAF X SC PAULINENSE Jarinu
paulista_sub11_2026,Sub-11,12,449,22/ago,sáb,14 h 30,SÃO BERNARDO FC,SÃO BERNARDO FUTEBOL CLUBE LTDA.,DS SPORTS LTDA,DIFFERENT SYSTEM SPORTS LTDA.,Itatiba,scheduled,449 22/ago - sáb 14 h 30 SÃO BERNARDO FC X DS SPORTS LTDA Itatiba
paulista_sub11_2026,Sub-11,12,450,22/ago,sáb,14 h 30,RED BULL BRAGANTINO,RED BULL BRAGANTINO FUTEBOL LTDA.,VALINHOS EC,VALINHOS ESPORTE CLUBE LTDA.,Atibaia,scheduled,450 22/ago - sáb 14 h 30 RED BULL BRAGANTINO X VALINHOS EC Atibaia
paulista_sub11_2026,Sub-11,12,451,22/ago,sáb,14 h 30,PRIMAVERA SAF,PRIMAVERA SAF,VALINHOS HYPER FC S.A.F,VALINHOS HYPER FUTEBOL CLUBE SAF,Indaiatuba,scheduled,451 22/ago - sáb 14 h 30 PRIMAVERA SAF X VALINHOS HYPER FC S.A.F Indaiatuba
paulista_sub11_2026,Sub-11,12,452,22/ago,sáb,14 h 30,PRATA DA CASA SAF,PRATA DA CASA SAF,AA FLAMENGO,ASSOCIAÇÃO ATLÉTICA FLAMENGO,São Paulo,scheduled,452 22/ago - sáb 14 h 30 PRATA DA CASA SAF X AA FLAMENGO São Paulo
paulista_sub11_2026,Sub-11,12,453,22/ago,sáb,14 h 30,ITAQUAQUECETUBA ATH.,ITAQUAQUECETUBA ATHLETICO CLUB LTDA.,PAULISTA FC,PAULISTA FUTEBOL CLUBE LTDA.,Itaquaquecetuba,scheduled,453 22/ago - sáb 14 h 30 ITAQUAQUECETUBA ATH. X PAULISTA FC Itaquaquecetuba
paulista_sub11_2026,Sub-11,12,454,22/ago,sáb,14 h 30,SE PALMEIRAS,SOCIEDADE ESPORTIVA PALMEIRAS,COLORADO CAIEIRAS FC,COLORADO CAIEIRAS FUTEBOL CLUBE LTDA.,Guarulhos,scheduled,454 22/ago - sáb 14 h 30 SE PALMEIRAS X COLORADO CAIEIRAS FC Guarulhos
paulista_sub11_2026,Sub-11,12,455,22/ago,sáb,14 h 30,AD GUARULHOS,ASSOCIAÇÃO DESPORTIVA GUARULHOS,JUVENTUS SAF,JUVENTUS SAF,Guarulhos,scheduled,455 22/ago - sáb 14 h 30 AD GUARULHOS X JUVENTUS SAF Guarulhos
paulista_sub11_2026,Sub-11,12,456,22/ago,sáb,14 h 30,REAL SOCCER,ASSOCIAÇÃO ACADEMY REAL FUTEBOL CLUBE,SALTO FC,SALTO FUTEBOL CLUBE,Sorocaba,scheduled,456 22/ago - sáb 14 h 30 REAL SOCCER X SALTO FC Sorocaba
paulista_sub11_2026,Sub-11,12,457,22/ago,sáb,14 h 30,REFERÊNCIA FC SAF,REFERÊNCIA FUTEBOL CLUBE SAF,VOTORATY FC,VOTORATY FUTEBOL CLUBE LTDA.,Embu das Artes,scheduled,457 22/ago - sáb 14 h 30 REFERÊNCIA FC SAF X VOTORATY FC Embu das Artes
paulista_sub11_2026,Sub-11,12,458,22/ago,sáb,14 h 30,SÃO PAULO FC,SÃO PAULO FUTEBOL CLUBE,CLUBE VITAL SAF,CLUBE VITAL ACADEMIA DE FUTEBOL SAF,Cotia,scheduled,458 22/ago - sáb 14 h 30 SÃO PAULO FC X CLUBE VITAL SAF Cotia
paulista_sub11_2026,Sub-11,12,459,22/ago,sáb,14 h 30,GO AUDAX,GRÊMIO OSASCO AUDAX ESPORTE CLUBE,EC SÃO BENTO,ESPORTE CLUBE SÃO BENTO,Osasco,scheduled,459 22/ago - sáb 14 h 30 GO AUDAX X EC SÃO BENTO Osasco
paulista_sub11_2026,Sub-11,12,460,22/ago,sáb,14 h 30,SÃO JOSÉ EC SAF,SÃO JOSÉ ESPORTE CLUBE SAF,UNIÃO SUZANO AC,UNIÃO SUZANO ATLÉTICO CLUBE,São José dos Campos,scheduled,460 22/ago - sáb 14 h 30 SÃO JOSÉ EC SAF X UNIÃO SUZANO AC São José dos Campos
paulista_sub11_2026,Sub-11,12,461,22/ago,sáb,14 h 30,EC TAUBATÉ,ESPORTE CLUBE TAUBATÉ,CA ATLÉTICO MOGI,CLUBE ATLÉTICO MOGI DAS CRUZES DE FUTEBOL LTDA.,Taubaté,scheduled,461 22/ago - sáb 14 h 30 EC TAUBATÉ X CA ATLÉTICO MOGI Taubaté
paulista_sub11_2026,Sub-11,12,462,22/ago,sáb,14 h 30,SC CORINTHIANS PTA,SPORT CLUB CORINTHIANS PAULISTA,AD MANTHIQUEIRA,ACADEMIA DESPORTIVA MANTHIQUEIRA FUTEBOL LTDA.,São Paulo,scheduled,462 22/ago - sáb 14 h 30 SC CORINTHIANS PTA X AD MANTHIQUEIRA São Paulo
paulista_sub11_2026,Sub-11,12,463,22/ago,sáb,14 h 30,ECUS SAF,ESPORTE CLUBE UNIÃO SUZANO SAF,FC PRIMEIRA CAMISA,FUTEBOL CLUBE PRIMEIRA CAMISA,Suzano,scheduled,463 22/ago - sáb 14 h 30 ECUS SAF X FC PRIMEIRA CAMISA Suzano
paulista_sub11_2026,Sub-11,12,464,22/ago,sáb,14 h 30,MAUÁ FUTEBOL TE,MAUÁ FUTEBOL TREINAMENTOS E ESPORTES LTDA.,BARCELONA EC,BARCELONA ESPORTIVO CAPELA LTDA.,Mauá,scheduled,464 22/ago - sáb 14 h 30 MAUÁ FUTEBOL TE X BARCELONA EC Mauá
paulista_sub11_2026,Sub-11,12,465,22/ago,sáb,14 h 30,JABAQUARA AC,JABAQUARA ATLÉTICO CLUBE,AA PORTUGUESA,ASSOCIAÇÃO ATLÉTICA PORTUGUESA,Santos,scheduled,465 22/ago - sáb 14 h 30 JABAQUARA AC X AA PORTUGUESA Santos
paulista_sub11_2026,Sub-11,12,466,22/ago,sáb,14 h 30,SANTOS FC,SANTOS FUTEBOL CLUBE,EC SÃO BERNARDO SAF,ESPORTE CLUBE SÃO BERNARDO SAF,Santos,scheduled,466 22/ago - sáb 14 h 30 SANTOS FC X EC SÃO BERNARDO SAF Santos
paulista_sub11_2026,Sub-11,12,467,22/ago,sáb,14 h 30,SÃO CAETANO FL,SÃO CAETANO FUTEBOL LTDA.,GE MAUAENSE,GRÊMIO ESPORTIVO MAUAENSE,São Caetano do Sul,scheduled,467 22/ago - sáb 14 h 30 SÃO CAETANO FL X GE MAUAENSE São Caetano do Sul
paulista_sub11_2026,Sub-11,12,468,23/ago,dom,14 h 30,AA INTER LIMEIRA,ASSOCIAÇÃO ATLÉTICA INTERNACIONAL LIMEIRA,AMPARO AC,AMPARO ATHÉTICO CLUB,Limeira,scheduled,468 23/ago - dom 14 h 30 AA INTER LIMEIRA X AMPARO AC Limeira
paulista_sub11_2026,Sub-11,13,469,05/set,sáb,14 h 30,GR. CATANDUVENSE,GRÊMIO CATANDUVENSE DE FUTEBOL,JOSÉ BONIFÁCIO EC,JOSÉ BONIFÁCIO ESPORTE CLUBE,Catanduva,scheduled,469 05/set - sáb 14 h 30 GR. CATANDUVENSE X JOSÉ BONIFÁCIO EC Catanduva
paulista_sub11_2026,Sub-11,13,470,05/set,sáb,14 h 30,CA PENAPOLENSE,CLUBE ATLÉTICO PENAPOLENSE,MIRASSOL FC,MIRASSOL FUTEBOL CLUBE,Penápolis,scheduled,470 05/set - sáb 14 h 30 CA PENAPOLENSE X MIRASSOL FC Penápolis
paulista_sub11_2026,Sub-11,13,471,05/set,sáb,14 h 30,SANTA FÉ FC,SANTA FÉ FUTEBOL CLUBE LTDA.,OLÍMPIA FC,OLÍMPIA FUTEBOL CLUBE,Santa Fé do Sul,scheduled,471 05/set - sáb 14 h 30 SANTA FÉ FC X OLÍMPIA FC Santa Fé do Sul
paulista_sub11_2026,Sub-11,13,472,05/set,sáb,14 h 30,ARAÇATUBA FC SAF,ARAÇATUBA FUTEBOL CLUBE SAF,CA LINENSE,CLUBE ATLÉTICO LINENSE,Araçatuba,scheduled,472 05/set - sáb 14 h 30 ARAÇATUBA FC SAF X CA LINENSE Araçatuba
paulista_sub11_2026,Sub-11,13,473,05/set,sáb,14 h 30,TUPÃ FC,TUPÃ FUTEBOL CLUBE,MARÍLIA AC,MARÍLIA ATLÉTICO CLUBE,Tupã,scheduled,473 05/set - sáb 14 h 30 TUPÃ FC X MARÍLIA AC Tupã
paulista_sub11_2026,Sub-11,13,474,05/set,sáb,14 h 30,PRES. PRUDENTE FC,PRESIDENTE PRUDENTE FUTEBOL CLUBE,EC NOROESTE SAF,ESPORTE CLUBE NOROESTE SAF,Presidente Prudente,scheduled,474 05/set - sáb 14 h 30 PRES. PRUDENTE FC X EC NOROESTE SAF Presidente Prudente
paulista_sub11_2026,Sub-11,13,475,05/set,sáb,14 h 30,AA ITARARÉ,ASSOCIAÇÃO ATLÉTICA ITARARÉ,EC XV DE JAÚ,ESPORTE CLUBE XV DE NOVEMBRO,Itararé,scheduled,475 05/set - sáb 14 h 30 AA ITARARÉ X EC XV DE JAÚ Itararé
paulista_sub11_2026,Sub-11,13,476,05/set,sáb,14 h 30,COMERCIAL FC - RP,COMERCIAL FUTEBOL CLUBE,BATATAIS FC,BATATAIS FUTEBOL CLUBE,Ribeirão Preto,scheduled,476 05/set - sáb 14 h 30 COMERCIAL FC - RP X BATATAIS FC Ribeirão Preto
paulista_sub11_2026,Sub-11,13,477,05/set,sáb,14 h 30,BARRETOS EC,BARRETOS ESPORTE CLUBE,BOTAFOGO S/A,BOTAFOGO FUTEBOL S/A,Barretos,scheduled,477 05/set - sáb 14 h 30 BARRETOS EC X BOTAFOGO S/A Barretos
paulista_sub11_2026,Sub-11,13,478,05/set,sáb,14 h 30,AA FRANCANA,ASSOCIAÇÃO ATLÉTICA FRANCANA,I9 FUTEBOL CLUBE,I9 INTERNACIONAL ACADEMY,Franca,scheduled,478 05/set - sáb 14 h 30 AA FRANCANA X I9 FUTEBOL CLUBE Franca
paulista_sub11_2026,Sub-11,13,479,05/set,sáb,14 h 30,LG FUTEBOL CLUBE,LG FUTEBOL CLUBE LTDA.,AA INTER BEBEDOURO,ASSOCIAÇÃO ATLÉTICA INTERNACIONAL BEBEDOURO,Serrana,scheduled,479 05/set - sáb 14 h 30 LG FUTEBOL CLUBE X AA INTER BEBEDOURO Serrana
paulista_sub11_2026,Sub-11,13,480,05/set,sáb,14 h 30,RIO CLARO FC,RIO CLARO FUTEBOL CLUBE,SE MATONENSE,SOCIEDADE ESPORTIVA MATONENSE,Rio Claro,scheduled,480 05/set - sáb 14 h 30 RIO CLARO FC X SE MATONENSE Rio Claro
paulista_sub11_2026,Sub-11,13,481,05/set,sáb,14 h 30,CA TAQUARITINGA,CLUBE ATLÉTICO TAQUARITINGA,AE VELO CLUBE,ASSOCIAÇÃO ESPORTIVA VELO CLUBE RIOCLARENSE - RIO CLARO,Taquaritinga,scheduled,481 05/set - sáb 14 h 30 CA TAQUARITINGA X AE VELO CLUBE Taquaritinga
paulista_sub11_2026,Sub-11,13,482,05/set,sáb,14 h 30,SPORT CLUBE AGUAÍ,SPORT CLUBE AGUAÍ,SÃO CARLOS FL,SÃO CARLOS FUTEBOL LTDA.,Aguaí,scheduled,482 05/set - sáb 14 h 30 SPORT CLUBE AGUAÍ X SÃO CARLOS FL Aguaí
paulista_sub11_2026,Sub-11,13,483,05/set,sáb,14 h 30,PALMEIRAS FC,PALMEIRAS FUTEBOL CLUBE,PORTO FOOT BALL LTDA,PORTO FOOT BALL LTDA.,São João da Boa Vista,scheduled,483 05/set - sáb 14 h 30 PALMEIRAS FC X PORTO FOOT BALL LTDA São João da Boa Vista
paulista_sub11_2026,Sub-11,13,484,05/set,sáb,14 h 30,RIO BRANCO EC,RIO BRANCO ESPORTE CLUBE,AMPARO AC,AMPARO ATHÉTICO CLUB,Americana,scheduled,484 05/set - sáb 14 h 30 RIO BRANCO EC X AMPARO AC Americana
paulista_sub11_2026,Sub-11,13,485,05/set,sáb,14 h 30,GUARANI FC,GUARANI FUTEBOL CLUBE,COSMOPOLITANO SPORTS,COSMOPOLITANO SPORTS LTDA.,Amparo,scheduled,485 05/set - sáb 14 h 30 GUARANI FC X COSMOPOLITANO SPORTS Amparo
paulista_sub11_2026,Sub-11,13,486,05/set,sáb,14 h 30,MACABI HOLAMBRA,MACABI HOLAMBRA ESPORTE CLUBE,UA BARBARENSE FC,UNIÃO AGRÍCOLA BARBARENSE FUTEBOL CLUBE - SANTA BÁRBARA D'OESTE,Holambra,scheduled,486 05/set - sáb 14 h 30 MACABI HOLAMBRA X UA BARBARENSE FC Holambra
paulista_sub11_2026,Sub-11,13,487,05/set,sáb,14 h 30,INDEPENDENTE FC,INDEPENDENTE FUTEBOL CLUBE,AA INTER LIMEIRA,ASSOCIAÇÃO ATLÉTICA INTERNACIONAL LIMEIRA,Limeira,scheduled,487 05/set - sáb 14 h 30 INDEPENDENTE FC X AA INTER LIMEIRA Limeira
paulista_sub11_2026,Sub-11,13,488,05/set,sáb,14 h 30,DS SPORTS LTDA,DIFFERENT SYSTEM SPORTS LTDA.,SC PAULINENSE,SPORTING CLUB PAULINENSE,Atibaia,scheduled,488 05/set - sáb 14 h 30 DS SPORTS LTDA X SC PAULINENSE Atibaia
paulista_sub11_2026,Sub-11,13,489,05/set,sáb,14 h 30,PRIMAVERA SAF,PRIMAVERA SAF,RED BULL BRAGANTINO,RED BULL BRAGANTINO FUTEBOL LTDA.,Indaiatuba,scheduled,489 05/set - sáb 14 h 30 PRIMAVERA SAF X RED BULL BRAGANTINO Indaiatuba
paulista_sub11_2026,Sub-11,13,490,05/set,sáb,14 h 30,VALINHOS EC,VALINHOS ESPORTE CLUBE LTDA.,SÃO BERNARDO FC,SÃO BERNARDO FUTEBOL CLUBE LTDA.,Itatiba,scheduled,490 05/set - sáb 14 h 30 VALINHOS EC X SÃO BERNARDO FC Itatiba
paulista_sub11_2026,Sub-11,13,491,05/set,sáb,14 h 30,VALINHOS HYPER FC S.A.F,VALINHOS HYPER FUTEBOL CLUBE SAF,SFERA SAF,SFERA SAF,Valinhos,scheduled,491 05/set - sáb 14 h 30 VALINHOS HYPER FC S.A.F X SFERA SAF Valinhos
paulista_sub11_2026,Sub-11,13,492,05/set,sáb,14 h 30,PAULISTA FC,PAULISTA FUTEBOL CLUBE LTDA.,AA FLAMENGO,ASSOCIAÇÃO ATLÉTICA FLAMENGO,Jundiaí,scheduled,492 05/set - sáb 14 h 30 PAULISTA FC X AA FLAMENGO Jundiaí
paulista_sub11_2026,Sub-11,13,493,05/set,sáb,14 h 30,AD GUARULHOS,ASSOCIAÇÃO DESPORTIVA GUARULHOS,SE PALMEIRAS,SOCIEDADE ESPORTIVA PALMEIRAS,Guarulhos,scheduled,493 05/set - sáb 14 h 30 AD GUARULHOS X SE PALMEIRAS Guarulhos
paulista_sub11_2026,Sub-11,13,494,05/set,sáb,14 h 30,COLORADO CAIEIRAS FC,COLORADO CAIEIRAS FUTEBOL CLUBE LTDA.,ITAQUAQUECETUBA ATH.,ITAQUAQUECETUBA ATHLETICO CLUB LTDA.,Caieiras,scheduled,494 05/set - sáb 14 h 30 COLORADO CAIEIRAS FC X ITAQUAQUECETUBA ATH. Caieiras
paulista_sub11_2026,Sub-11,13,495,05/set,sáb,14 h 30,JUVENTUS SAF,JUVENTUS SAF,PRATA DA CASA SAF,PRATA DA CASA SAF,São Paulo,scheduled,495 05/set - sáb 14 h 30 JUVENTUS SAF X PRATA DA CASA SAF São Paulo
paulista_sub11_2026,Sub-11,13,496,05/set,sáb,14 h 30,VOTORATY FC,VOTORATY FUTEBOL CLUBE LTDA.,SALTO FC,SALTO FUTEBOL CLUBE,Votorantim,scheduled,496 05/set - sáb 14 h 30 VOTORATY FC X SALTO FC Votorantim
paulista_sub11_2026,Sub-11,13,497,05/set,sáb,14 h 30,GO AUDAX,GRÊMIO OSASCO AUDAX ESPORTE CLUBE,SÃO PAULO FC,SÃO PAULO FUTEBOL CLUBE,Osasco,scheduled,497 05/set - sáb 14 h 30 GO AUDAX X SÃO PAULO FC Osasco
paulista_sub11_2026,Sub-11,13,498,05/set,sáb,14 h 30,CLUBE VITAL SAF,CLUBE VITAL ACADEMIA DE FUTEBOL SAF,REFERÊNCIA FC SAF,REFERÊNCIA FUTEBOL CLUBE SAF,Ibiúna,scheduled,498 05/set - sáb 14 h 30 CLUBE VITAL SAF X REFERÊNCIA FC SAF Ibiúna
paulista_sub11_2026,Sub-11,13,499,05/set,sáb,14 h 30,EC SÃO BENTO,ESPORTE CLUBE SÃO BENTO,REAL SOCCER,ASSOCIAÇÃO ACADEMY REAL FUTEBOL CLUBE,Sorocaba,scheduled,499 05/set - sáb 14 h 30 EC SÃO BENTO X REAL SOCCER Sorocaba
paulista_sub11_2026,Sub-11,13,500,05/set,sáb,14 h 30,CA ATLÉTICO MOGI,CLUBE ATLÉTICO MOGI DAS CRUZES DE FUTEBOL LTDA.,UNIÃO SUZANO AC,UNIÃO SUZANO ATLÉTICO CLUBE,Mogi das Cruzes,scheduled,500 05/set - sáb 14 h 30 CA ATLÉTICO MOGI X UNIÃO SUZANO AC Mogi das Cruzes
paulista_sub11_2026,Sub-11,13,501,05/set,sáb,14 h 30,ECUS SAF,ESPORTE CLUBE UNIÃO SUZANO SAF,SC CORINTHIANS PTA,SPORT CLUB CORINTHIANS PAULISTA,Suzano,scheduled,501 05/set - sáb 14 h 30 ECUS SAF X SC CORINTHIANS PTA Suzano
paulista_sub11_2026,Sub-11,13,502,05/set,sáb,14 h 30,AD MANTHIQUEIRA,ACADEMIA DESPORTIVA MANTHIQUEIRA FUTEBOL LTDA.,EC TAUBATÉ,ESPORTE CLUBE TAUBATÉ,Guaratinguetá,scheduled,502 05/set - sáb 14 h 30 AD MANTHIQUEIRA X EC TAUBATÉ Guaratinguetá
paulista_sub11_2026,Sub-11,13,503,05/set,sáb,14 h 30,FC PRIMEIRA CAMISA,FUTEBOL CLUBE PRIMEIRA CAMISA,SÃO JOSÉ EC SAF,SÃO JOSÉ ESPORTE CLUBE SAF,São José dos Campos,scheduled,503 05/set - sáb 14 h 30 FC PRIMEIRA CAMISA X SÃO JOSÉ EC SAF São José dos Campos
paulista_sub11_2026,Sub-11,13,504,05/set,sáb,14 h 30,AA PORTUGUESA,ASSOCIAÇÃO ATLÉTICA PORTUGUESA,BARCELONA EC,BARCELONA ESPORTIVO CAPELA LTDA.,Santos,scheduled,504 05/set - sáb 14 h 30 AA PORTUGUESA X BARCELONA EC Santos
paulista_sub11_2026,Sub-11,13,505,05/set,sáb,14 h 30,SÃO CAETANO FL,SÃO CAETANO FUTEBOL LTDA.,SANTOS FC,SANTOS FUTEBOL CLUBE,São Caetano do Sul,scheduled,505 05/set - sáb 14 h 30 SÃO CAETANO FL X SANTOS FC São Caetano do Sul
paulista_sub11_2026,Sub-11,13,506,05/set,sáb,14 h 30,EC SÃO BERNARDO SAF,ESPORTE CLUBE SÃO BERNARDO SAF,JABAQUARA AC,JABAQUARA ATLÉTICO CLUBE,São Bernardo do Campo,scheduled,506 05/set - sáb 14 h 30 EC SÃO BERNARDO SAF X JABAQUARA AC São Bernardo do Campo
paulista_sub11_2026,Sub-11,13,507,05/set,sáb,14 h 30,GE MAUAENSE,GRÊMIO ESPORTIVO MAUAENSE,MAUÁ FUTEBOL TE,MAUÁ FUTEBOL TREINAMENTOS E ESPORTES LTDA.,Mauá,scheduled,507 05/set - sáb 14 h 30 GE MAUAENSE X MAUÁ FUTEBOL TE Mauá
paulista_sub11_2026,Sub-11,14,508,19/set,sáb,14 h 30,JOSÉ BONIFÁCIO EC,JOSÉ BONIFÁCIO ESPORTE CLUBE,SANTA FÉ FC,SANTA FÉ FUTEBOL CLUBE LTDA.,José Bonifácio,scheduled,508 19/set - sáb 14 h 30 JOSÉ BONIFÁCIO EC X SANTA FÉ FC José Bonifácio
paulista_sub11_2026,Sub-11,14,509,19/set,sáb,14 h 30,OLÍMPIA FC,OLÍMPIA FUTEBOL CLUBE,CA PENAPOLENSE,CLUBE ATLÉTICO PENAPOLENSE,Olímpia,scheduled,509 19/set - sáb 14 h 30 OLÍMPIA FC X CA PENAPOLENSE Olímpia
paulista_sub11_2026,Sub-11,14,510,19/set,sáb,14 h 30,CA LINENSE,CLUBE ATLÉTICO LINENSE,GR. CATANDUVENSE,GRÊMIO CATANDUVENSE DE FUTEBOL,Lins,scheduled,510 19/set - sáb 14 h 30 CA LINENSE X GR. CATANDUVENSE Lins
paulista_sub11_2026,Sub-11,14,511,19/set,sáb,14 h 30,MIRASSOL FC,MIRASSOL FUTEBOL CLUBE,ARAÇATUBA FC SAF,ARAÇATUBA FUTEBOL CLUBE SAF,Bálsamo,scheduled,511 19/set - sáb 14 h 30 MIRASSOL FC X ARAÇATUBA FC SAF Bálsamo
paulista_sub11_2026,Sub-11,14,512,19/set,sáb,14 h 30,EC XV DE JAÚ,ESPORTE CLUBE XV DE NOVEMBRO,PRES. PRUDENTE FC,PRESIDENTE PRUDENTE FUTEBOL CLUBE,Jaú,scheduled,512 19/set - sáb 14 h 30 EC XV DE JAÚ X PRES. PRUDENTE FC Jaú
paulista_sub11_2026,Sub-11,14,513,19/set,sáb,14 h 30,EC NOROESTE SAF,ESPORTE CLUBE NOROESTE SAF,TUPÃ FC,TUPÃ FUTEBOL CLUBE,Iacanga,scheduled,513 19/set - sáb 14 h 30 EC NOROESTE SAF X TUPÃ FC Iacanga
paulista_sub11_2026,Sub-11,14,514,19/set,sáb,14 h 30,MARÍLIA AC,MARÍLIA ATLÉTICO CLUBE,CA ASSISENSE,CLUBE ATLÉTICO ASSISENSE,Marília,scheduled,514 19/set - sáb 14 h 30 MARÍLIA AC X CA ASSISENSE Marília
paulista_sub11_2026,Sub-11,14,515,19/set,sáb,14 h 30,BATATAIS FC,BATATAIS FUTEBOL CLUBE,AA FRANCANA,ASSOCIAÇÃO ATLÉTICA FRANCANA,Batatais,scheduled,515 19/set - sáb 14 h 30 BATATAIS FC X AA FRANCANA Batatais
paulista_sub11_2026,Sub-11,14,516,19/set,sáb,14 h 30,I9 FUTEBOL CLUBE,I9 INTERNACIONAL ACADEMY,BARRETOS EC,BARRETOS ESPORTE CLUBE,Ribeirão Preto,scheduled,516 19/set - sáb 14 h 30 I9 FUTEBOL CLUBE X BARRETOS EC Ribeirão Preto
paulista_sub11_2026,Sub-11,14,517,19/set,sáb,14 h 30,AA INTER BEBEDOURO,ASSOCIAÇÃO ATLÉTICA INTERNACIONAL BEBEDOURO,COMERCIAL FC - RP,COMERCIAL FUTEBOL CLUBE,Bebedouro,scheduled,517 19/set - sáb 14 h 30 AA INTER BEBEDOURO X COMERCIAL FC - RP Bebedouro
paulista_sub11_2026,Sub-11,14,518,19/set,sáb,14 h 30,BOTAFOGO S/A,BOTAFOGO FUTEBOL S/A,LG FUTEBOL CLUBE,LG FUTEBOL CLUBE LTDA.,Ribeirão Preto,scheduled,518 19/set - sáb 14 h 30 BOTAFOGO S/A X LG FUTEBOL CLUBE Ribeirão Preto
paulista_sub11_2026,Sub-11,14,519,19/set,sáb,14 h 30,SE MATONENSE,SOCIEDADE ESPORTIVA MATONENSE,SPORT CLUBE AGUAÍ,SPORT CLUBE AGUAÍ,Matão,scheduled,519 19/set - sáb 14 h 30 SE MATONENSE X SPORT CLUBE AGUAÍ Matão
paulista_sub11_2026,Sub-11,14,520,19/set,sáb,14 h 30,SÃO CARLOS FL,SÃO CARLOS FUTEBOL LTDA.,CA TAQUARITINGA,CLUBE ATLÉTICO TAQUARITINGA,São Carlos,scheduled,520 19/set - sáb 14 h 30 SÃO CARLOS FL X CA TAQUARITINGA São Carlos
paulista_sub11_2026,Sub-11,14,521,19/set,sáb,14 h 30,PORTO FOOT BALL LTDA,PORTO FOOT BALL LTDA.,RIO CLARO FC,RIO CLARO FUTEBOL CLUBE,Porto Ferreira,scheduled,521 19/set - sáb 14 h 30 PORTO FOOT BALL LTDA X RIO CLARO FC Porto Ferreira
paulista_sub11_2026,Sub-11,14,522,19/set,sáb,14 h 30,AE VELO CLUBE,ASSOCIAÇÃO ESPORTIVA VELO CLUBE RIOCLARENSE - RIO CLARO,PALMEIRAS FC,PALMEIRAS FUTEBOL CLUBE,Rio Claro,scheduled,522 19/set - sáb 14 h 30 AE VELO CLUBE X PALMEIRAS FC Rio Claro
paulista_sub11_2026,Sub-11,14,523,19/set,sáb,14 h 30,AMPARO AC,AMPARO ATHÉTICO CLUB,MACABI HOLAMBRA,MACABI HOLAMBRA ESPORTE CLUBE,Amparo,scheduled,523 19/set - sáb 14 h 30 AMPARO AC X MACABI HOLAMBRA Amparo
paulista_sub11_2026,Sub-11,14,524,19/set,sáb,14 h 30,UA BARBARENSE FC,UNIÃO AGRÍCOLA BARBARENSE FUTEBOL CLUBE - SANTA BÁRBARA D'OESTE,GUARANI FC,GUARANI FUTEBOL CLUBE,Santa Bárbara D'Oeste,scheduled,524 19/set - sáb 14 h 30 UA BARBARENSE FC X GUARANI FC Santa Bárbara D'Oeste
paulista_sub11_2026,Sub-11,14,525,19/set,sáb,14 h 30,AA INTER LIMEIRA,ASSOCIAÇÃO ATLÉTICA INTERNACIONAL LIMEIRA,RIO BRANCO EC,RIO BRANCO ESPORTE CLUBE,Limeira,scheduled,525 19/set - sáb 14 h 30 AA INTER LIMEIRA X RIO BRANCO EC Limeira
paulista_sub11_2026,Sub-11,14,526,19/set,sáb,14 h 30,COSMOPOLITANO SPORTS,COSMOPOLITANO SPORTS LTDA.,INDEPENDENTE FC,INDEPENDENTE FUTEBOL CLUBE,Cosmópolis,scheduled,526 19/set - sáb 14 h 30 COSMOPOLITANO SPORTS X INDEPENDENTE FC Cosmópolis
paulista_sub11_2026,Sub-11,14,527,19/set,sáb,14 h 30,SC PAULINENSE,SPORTING CLUB PAULINENSE,VALINHOS EC,VALINHOS ESPORTE CLUBE LTDA.,Paulínia,scheduled,527 19/set - sáb 14 h 30 SC PAULINENSE X VALINHOS EC Paulínia
paulista_sub11_2026,Sub-11,14,528,19/set,sáb,14 h 30,SÃO BERNARDO FC,SÃO BERNARDO FUTEBOL CLUBE LTDA.,PRIMAVERA SAF,PRIMAVERA SAF,Itatiba,scheduled,528 19/set - sáb 14 h 30 SÃO BERNARDO FC X PRIMAVERA SAF Itatiba
paulista_sub11_2026,Sub-11,14,529,19/set,sáb,14 h 30,SFERA SAF,SFERA SAF,DS SPORTS LTDA,DIFFERENT SYSTEM SPORTS LTDA.,Jarinu,scheduled,529 19/set - sáb 14 h 30 SFERA SAF X DS SPORTS LTDA Jarinu
paulista_sub11_2026,Sub-11,14,530,19/set,sáb,14 h 30,RED BULL BRAGANTINO,RED BULL BRAGANTINO FUTEBOL LTDA.,VALINHOS HYPER FC S.A.F,VALINHOS HYPER FUTEBOL CLUBE SAF,Atibaia,scheduled,530 19/set - sáb 14 h 30 RED BULL BRAGANTINO X VALINHOS HYPER FC S.A.F Atibaia
paulista_sub11_2026,Sub-11,14,531,19/set,sáb,14 h 30,AA FLAMENGO,ASSOCIAÇÃO ATLÉTICA FLAMENGO,COLORADO CAIEIRAS FC,COLORADO CAIEIRAS FUTEBOL CLUBE LTDA.,Guarulhos,scheduled,531 19/set - sáb 14 h 30 AA FLAMENGO X COLORADO CAIEIRAS FC Guarulhos
paulista_sub11_2026,Sub-11,14,532,19/set,sáb,14 h 30,ITAQUAQUECETUBA ATH.,ITAQUAQUECETUBA ATHLETICO CLUB LTDA.,AD GUARULHOS,ASSOCIAÇÃO DESPORTIVA GUARULHOS,Itaquaquecetuba,scheduled,532 19/set - sáb 14 h 30 ITAQUAQUECETUBA ATH. X AD GUARULHOS Itaquaquecetuba
paulista_sub11_2026,Sub-11,14,533,19/set,sáb,14 h 30,PRATA DA CASA SAF,PRATA DA CASA SAF,PAULISTA FC,PAULISTA FUTEBOL CLUBE LTDA.,São Paulo,scheduled,533 19/set - sáb 14 h 30 PRATA DA CASA SAF X PAULISTA FC São Paulo
paulista_sub11_2026,Sub-11,14,534,19/set,sáb,14 h 30,SE PALMEIRAS,SOCIEDADE ESPORTIVA PALMEIRAS,JUVENTUS SAF,JUVENTUS SAF,Guarulhos,scheduled,534 19/set - sáb 14 h 30 SE PALMEIRAS X JUVENTUS SAF Guarulhos
paulista_sub11_2026,Sub-11,14,535,19/set,sáb,14 h 30,SALTO FC,SALTO FUTEBOL CLUBE,CLUBE VITAL SAF,CLUBE VITAL ACADEMIA DE FUTEBOL SAF,Salto,scheduled,535 19/set - sáb 14 h 30 SALTO FC X CLUBE VITAL SAF Salto
paulista_sub11_2026,Sub-11,14,536,19/set,sáb,14 h 30,REFERÊNCIA FC SAF,REFERÊNCIA FUTEBOL CLUBE SAF,GO AUDAX,GRÊMIO OSASCO AUDAX ESPORTE CLUBE,Embu das Artes,scheduled,536 19/set - sáb 14 h 30 REFERÊNCIA FC SAF X GO AUDAX Embu das Artes
paulista_sub11_2026,Sub-11,14,537,19/set,sáb,14 h 30,REAL SOCCER,ASSOCIAÇÃO ACADEMY REAL FUTEBOL CLUBE,VOTORATY FC,VOTORATY FUTEBOL CLUBE LTDA.,Sorocaba,scheduled,537 19/set - sáb 14 h 30 REAL SOCCER X VOTORATY FC Sorocaba
paulista_sub11_2026,Sub-11,14,538,19/set,sáb,14 h 30,SÃO PAULO FC,SÃO PAULO FUTEBOL CLUBE,EC SÃO BENTO,ESPORTE CLUBE SÃO BENTO,Cotia,scheduled,538 19/set - sáb 14 h 30 SÃO PAULO FC X EC SÃO BENTO Cotia
paulista_sub11_2026,Sub-11,14,539,19/set,sáb,14 h 30,UNIÃO SUZANO AC,UNIÃO SUZANO ATLÉTICO CLUBE,AD MANTHIQUEIRA,ACADEMIA DESPORTIVA MANTHIQUEIRA FUTEBOL LTDA.,Suzano,scheduled,539 19/set - sáb 14 h 30 UNIÃO SUZANO AC X AD MANTHIQUEIRA Suzano
paulista_sub11_2026,Sub-11,14,540,19/set,sáb,14 h 30,EC TAUBATÉ,ESPORTE CLUBE TAUBATÉ,ECUS SAF,ESPORTE CLUBE UNIÃO SUZANO SAF,Taubaté,scheduled,540 19/set - sáb 14 h 30 EC TAUBATÉ X ECUS SAF Taubaté
paulista_sub11_2026,Sub-11,14,541,19/set,sáb,14 h 30,SÃO JOSÉ EC SAF,SÃO JOSÉ ESPORTE CLUBE SAF,CA ATLÉTICO MOGI,CLUBE ATLÉTICO MOGI DAS CRUZES DE FUTEBOL LTDA.,São José dos Campos,scheduled,541 19/set - sáb 14 h 30 SÃO JOSÉ EC SAF X CA ATLÉTICO MOGI São José dos Campos
paulista_sub11_2026,Sub-11,14,542,19/set,sáb,14 h 30,SC CORINTHIANS PTA,SPORT CLUB CORINTHIANS PAULISTA,FC PRIMEIRA CAMISA,FUTEBOL CLUBE PRIMEIRA CAMISA,São Paulo,scheduled,542 19/set - sáb 14 h 30 SC CORINTHIANS PTA X FC PRIMEIRA CAMISA São Paulo
paulista_sub11_2026,Sub-11,14,543,19/set,sáb,14 h 30,BARCELONA EC,BARCELONA ESPORTIVO CAPELA LTDA.,EC SÃO BERNARDO SAF,ESPORTE CLUBE SÃO BERNARDO SAF,São Caetano do Sul,scheduled,543 19/set - sáb 14 h 30 BARCELONA EC X EC SÃO BERNARDO SAF São Caetano do Sul
paulista_sub11_2026,Sub-11,14,544,19/set,sáb,14 h 30,JABAQUARA AC,JABAQUARA ATLÉTICO CLUBE,SÃO CAETANO FL,SÃO CAETANO FUTEBOL LTDA.,Santos,scheduled,544 19/set - sáb 14 h 30 JABAQUARA AC X SÃO CAETANO FL Santos
paulista_sub11_2026,Sub-11,14,545,19/set,sáb,14 h 30,MAUÁ FUTEBOL TE,MAUÁ FUTEBOL TREINAMENTOS E ESPORTES LTDA.,AA PORTUGUESA,ASSOCIAÇÃO ATLÉTICA PORTUGUESA,Mauá,scheduled,545 19/set - sáb 14 h 30 MAUÁ FUTEBOL TE X AA PORTUGUESA Mauá
paulista_sub11_2026,Sub-11,14,546,19/set,sáb,14 h 30,SANTOS FC,SANTOS FUTEBOL CLUBE,GE MAUAENSE,GRÊMIO ESPORTIVO MAUAENSE,Santos,scheduled,546 19/set - sáb 14 h 30 SANTOS FC X GE MAUAENSE Santos
paulista_sub12_2026,Sub-12,1,1,28/mar,sáb,16 h 00,JOSÉ BONIFÁCIO EC,JOSÉ BONIFÁCIO ESPORTE CLUBE,CA PENAPOLENSE,CLUBE ATLÉTICO PENAPOLENSE,José Bonifácio,scheduled,001 28/mar - sáb 16 h 00 JOSÉ BONIFÁCIO EC X CA PENAPOLENSE José Bonifácio
paulista_sub12_2026,Sub-12,1,2,28/mar,sáb,16 h 00,OLÍMPIA FC,OLÍMPIA FUTEBOL CLUBE,MIRASSOL FC,MIRASSOL FUTEBOL CLUBE,Olímpia,scheduled,002 28/mar - sáb 16 h 00 OLÍMPIA FC X MIRASSOL FC Olímpia
paulista_sub12_2026,Sub-12,1,3,28/mar,sáb,16 h 00,CA LINENSE,CLUBE ATLÉTICO LINENSE,SANTA FÉ FC,SANTA FÉ FUTEBOL CLUBE LTDA.,Lins,scheduled,003 28/mar - sáb 16 h 00 CA LINENSE X SANTA FÉ FC Lins
paulista_sub12_2026,Sub-12,1,4,28/mar,sáb,16 h 00,GR. CATANDUVENSE,GRÊMIO CATANDUVENSE DE FUTEBOL,ARAÇATUBA FC SAF,ARAÇATUBA FUTEBOL CLUBE SAF,Catanduva,scheduled,004 28/mar - sáb 16 h 00 GR. CATANDUVENSE X ARAÇATUBA FC SAF Catanduva
paulista_sub12_2026,Sub-12,1,5,28/mar,sáb,16 h 00,AA ITARARÉ,ASSOCIAÇÃO ATLÉTICA ITARARÉ,PRES. PRUDENTE FC,PRESIDENTE PRUDENTE FUTEBOL CLUBE,Itararé,scheduled,005 28/mar - sáb 16 h 00 AA ITARARÉ X PRES. PRUDENTE FC Itararé
paulista_sub12_2026,Sub-12,1,6,28/mar,sáb,16 h 00,EC NOROESTE SAF,ESPORTE CLUBE NOROESTE SAF,CA ASSISENSE,CLUBE ATLÉTICO ASSISENSE,Iacanga,scheduled,006 28/mar - sáb 16 h 00 EC NOROESTE SAF X CA ASSISENSE Iacanga
paulista_sub12_2026,Sub-12,1,7,28/mar,sáb,16 h 00,EC XV DE JAÚ,ESPORTE CLUBE XV DE NOVEMBRO,TUPÃ FC,TUPÃ FUTEBOL CLUBE,Jaú,scheduled,007 28/mar - sáb 16 h 00 EC XV DE JAÚ X TUPÃ FC Jaú
paulista_sub12_2026,Sub-12,1,8,28/mar,sáb,16 h 00,BATATAIS FC,BATATAIS FUTEBOL CLUBE,BARRETOS EC,BARRETOS ESPORTE CLUBE,Batatais,scheduled,008 28/mar - sáb 16 h 00 BATATAIS FC X BARRETOS EC Batatais
paulista_sub12_2026,Sub-12,1,9,28/mar,sáb,16 h 00,I9 FUTEBOL CLUBE,I9 INTERNACIONAL ACADEMY,BOTAFOGO S/A,BOTAFOGO FUTEBOL S/A,Ribeirão Preto,scheduled,009 28/mar - sáb 16 h 00 I9 FUTEBOL CLUBE X BOTAFOGO S/A Ribeirão Preto
paulista_sub12_2026,Sub-12,1,10,28/mar,sáb,16 h 00,COMERCIAL FC - RP,COMERCIAL FUTEBOL CLUBE,LG FUTEBOL CLUBE,LG FUTEBOL CLUBE LTDA.,Ribeirão Preto,scheduled,010 28/mar - sáb 16 h 00 COMERCIAL FC - RP X LG FUTEBOL CLUBE Ribeirão Preto
paulista_sub12_2026,Sub-12,1,11,28/mar,sáb,16 h 00,SE MATONENSE,SOCIEDADE ESPORTIVA MATONENSE,CA TAQUARITINGA,CLUBE ATLÉTICO TAQUARITINGA,Matão,scheduled,011 28/mar - sáb 16 h 00 SE MATONENSE X CA TAQUARITINGA Matão
paulista_sub12_2026,Sub-12,1,12,28/mar,sáb,16 h 00,PORTO FOOT BALL LTDA,PORTO FOOT BALL LTDA.,SPORT CLUBE AGUAÍ,SPORT CLUBE AGUAÍ,Porto Ferreira,scheduled,012 28/mar - sáb 16 h 00 PORTO FOOT BALL LTDA X SPORT CLUBE AGUAÍ Porto Ferreira
paulista_sub12_2026,Sub-12,1,13,28/mar,sáb,16 h 00,RIO CLARO FC,RIO CLARO FUTEBOL CLUBE,PALMEIRAS FC,PALMEIRAS FUTEBOL CLUBE,Rio Claro,scheduled,013 28/mar - sáb 16 h 00 RIO CLARO FC X PALMEIRAS FC Rio Claro
paulista_sub12_2026,Sub-12,1,14,28/mar,sáb,16 h 00,AMPARO AC,AMPARO ATHÉTICO CLUB,GUARANI FC,GUARANI FUTEBOL CLUBE,Amparo,scheduled,014 28/mar - sáb 16 h 00 AMPARO AC X GUARANI FC Amparo
paulista_sub12_2026,Sub-12,1,15,28/mar,sáb,16 h 00,UA BARBARENSE FC,UNIÃO AGRÍCOLA BARBARENSE FUTEBOL CLUBE - SANTA BÁRBARA D'OESTE,COSMOPOLITANO SPORTS,COSMOPOLITANO SPORTS LTDA.,Santa Bárbara D'Oeste,scheduled,015 28/mar - sáb 16 h 00 UA BARBARENSE FC X COSMOPOLITANO SPORTS Santa Bárbara D'Oeste
paulista_sub12_2026,Sub-12,1,16,28/mar,sáb,16 h 00,AA INTER LIMEIRA,ASSOCIAÇÃO ATLÉTICA INTERNACIONAL LIMEIRA,MACABI HOLAMBRA,MACABI HOLAMBRA ESPORTE CLUBE,Limeira,scheduled,016 28/mar - sáb 16 h 00 AA INTER LIMEIRA X MACABI HOLAMBRA Limeira
paulista_sub12_2026,Sub-12,1,17,28/mar,sáb,16 h 00,RIO BRANCO EC,RIO BRANCO ESPORTE CLUBE,INDEPENDENTE FC,INDEPENDENTE FUTEBOL CLUBE,Americana,scheduled,017 28/mar - sáb 16 h 00 RIO BRANCO EC X INDEPENDENTE FC Americana
paulista_sub12_2026,Sub-12,1,18,28/mar,sáb,16 h 00,SC PAULINENSE,SPORTING CLUB PAULINENSE,PRIMAVERA SAF,PRIMAVERA SAF,Paulínia,scheduled,018 28/mar - sáb 16 h 00 SC PAULINENSE X PRIMAVERA SAF Paulínia
paulista_sub12_2026,Sub-12,1,19,28/mar,sáb,16 h 00,SÃO BERNARDO FC,SÃO BERNARDO FUTEBOL CLUBE LTDA.,RED BULL BRAGANTINO,RED BULL BRAGANTINO FUTEBOL LTDA.,Itatiba,scheduled,019 28/mar - sáb 16 h 00 SÃO BERNARDO FC X RED BULL BRAGANTINO Itatiba
paulista_sub12_2026,Sub-12,1,20,28/mar,sáb,16 h 00,SFERA SAF,SFERA SAF,VALINHOS EC,VALINHOS ESPORTE CLUBE LTDA.,Jarinu,scheduled,020 28/mar - sáb 16 h 00 SFERA SAF X VALINHOS EC Jarinu
paulista_sub12_2026,Sub-12,1,21,28/mar,sáb,16 h 00,DS SPORTS LTDA,DIFFERENT SYSTEM SPORTS LTDA.,VALINHOS HYPER FC S.A.F,VALINHOS HYPER FUTEBOL CLUBE SAF,Atibaia,scheduled,021 28/mar - sáb 16 h 00 DS SPORTS LTDA X VALINHOS HYPER FC S.A.F Atibaia
paulista_sub12_2026,Sub-12,1,22,28/mar,sáb,16 h 00,AA FLAMENGO,ASSOCIAÇÃO ATLÉTICA FLAMENGO,AD GUARULHOS,ASSOCIAÇÃO DESPORTIVA GUARULHOS,Guarulhos,scheduled,022 28/mar - sáb 16 h 00 AA FLAMENGO X AD GUARULHOS Guarulhos
paulista_sub12_2026,Sub-12,1,23,28/mar,sáb,16 h 00,ITAQUAQUECETUBA ATH.,ITAQUAQUECETUBA ATHLETICO CLUB LTDA.,SE PALMEIRAS,SOCIEDADE ESPORTIVA PALMEIRAS,Itaquaquecetuba,scheduled,023 28/mar - sáb 16 h 00 ITAQUAQUECETUBA ATH. X SE PALMEIRAS Itaquaquecetuba
paulista_sub12_2026,Sub-12,1,24,28/mar,sáb,16 h 00,PRATA DA CASA SAF,PRATA DA CASA SAF,COLORADO CAIEIRAS FC,COLORADO CAIEIRAS FUTEBOL CLUBE LTDA.,São Paulo,scheduled,024 28/mar - sáb 16 h 00 PRATA DA CASA SAF X COLORADO CAIEIRAS FC São Paulo
paulista_sub12_2026,Sub-12,1,25,28/mar,sáb,16 h 00,PAULISTA FC,PAULISTA FUTEBOL CLUBE LTDA.,JUVENTUS SAF,JUVENTUS SAF,Jundiaí,scheduled,025 28/mar - sáb 16 h 00 PAULISTA FC X JUVENTUS SAF Jundiaí
paulista_sub12_2026,Sub-12,1,26,28/mar,sáb,16 h 00,SALTO FC,SALTO FUTEBOL CLUBE,GO AUDAX,GRÊMIO OSASCO AUDAX ESPORTE CLUBE,Salto,scheduled,026 28/mar - sáb 16 h 00 SALTO FC X GO AUDAX Salto
paulista_sub12_2026,Sub-12,1,27,28/mar,sáb,16 h 00,REFERÊNCIA FC SAF,REFERÊNCIA FUTEBOL CLUBE SAF,SÃO PAULO FC,SÃO PAULO FUTEBOL CLUBE,Embu das Artes,scheduled,027 28/mar - sáb 16 h 00 REFERÊNCIA FC SAF X SÃO PAULO FC Embu das Artes
paulista_sub12_2026,Sub-12,1,28,28/mar,sáb,16 h 00,REAL SOCCER,ASSOCIAÇÃO ACADEMY REAL FUTEBOL CLUBE,CLUBE VITAL SAF,CLUBE VITAL ACADEMIA DE FUTEBOL SAF,Sorocaba,scheduled,028 28/mar - sáb 16 h 00 REAL SOCCER X CLUBE VITAL SAF Sorocaba
paulista_sub12_2026,Sub-12,1,29,28/mar,sáb,16 h 00,VOTORATY FC,VOTORATY FUTEBOL CLUBE LTDA.,EC SÃO BENTO,ESPORTE CLUBE SÃO BENTO,Votorantim,scheduled,029 28/mar - sáb 16 h 00 VOTORATY FC X EC SÃO BENTO Votorantim
paulista_sub12_2026,Sub-12,1,30,28/mar,sáb,16 h 00,SÃO JOSÉ EC SAF,SÃO JOSÉ ESPORTE CLUBE SAF,AD MANTHIQUEIRA,ACADEMIA DESPORTIVA MANTHIQUEIRA FUTEBOL LTDA.,São José dos Campos,scheduled,030 28/mar - sáb 16 h 00 SÃO JOSÉ EC SAF X AD MANTHIQUEIRA São José dos Campos
paulista_sub12_2026,Sub-12,1,31,28/mar,sáb,16 h 00,CA ATLÉTICO MOGI,CLUBE ATLÉTICO MOGI DAS CRUZES DE FUTEBOL LTDA.,FC PRIMEIRA CAMISA,FUTEBOL CLUBE PRIMEIRA CAMISA,Mogi das Cruzes,scheduled,031 28/mar - sáb 16 h 00 CA ATLÉTICO MOGI X FC PRIMEIRA CAMISA Mogi das Cruzes
paulista_sub12_2026,Sub-12,1,32,28/mar,sáb,16 h 00,BARCELONA EC,BARCELONA ESPORTIVO CAPELA LTDA.,SÃO CAETANO FL,SÃO CAETANO FUTEBOL LTDA.,São Caetano do Sul,scheduled,032 28/mar - sáb 16 h 00 BARCELONA EC X SÃO CAETANO FL São Caetano do Sul
paulista_sub12_2026,Sub-12,1,33,28/mar,sáb,16 h 00,MAUÁ FUTEBOL TE,MAUÁ FUTEBOL TREINAMENTOS E ESPORTES LTDA.,EC SÃO BERNARDO SAF,ESPORTE CLUBE SÃO BERNARDO SAF,Mauá,scheduled,033 28/mar - sáb 16 h 00 MAUÁ FUTEBOL TE X EC SÃO BERNARDO SAF Mauá
paulista_sub12_2026,Sub-12,1,34,28/mar,sáb,16 h 00,AA PORTUGUESA,ASSOCIAÇÃO ATLÉTICA PORTUGUESA,GE MAUAENSE,GRÊMIO ESPORTIVO MAUAENSE,Santos,scheduled,034 28/mar - sáb 16 h 00 AA PORTUGUESA X GE MAUAENSE Santos
paulista_sub12_2026,Sub-12,1,35,29/mar,dom,16 h 00,AA INTER BEBEDOURO,ASSOCIAÇÃO ATLÉTICA INTERNACIONAL BEBEDOURO,AA FRANCANA,ASSOCIAÇÃO ATLÉTICA FRANCANA,Bebedouro,scheduled,035 29/mar - dom 16 h 00 AA INTER BEBEDOURO X AA FRANCANA Bebedouro
paulista_sub12_2026,Sub-12,1,36,29/mar,dom,16 h 00,SÃO CARLOS FL,SÃO CARLOS FUTEBOL LTDA.,AE VELO CLUBE,ASSOCIAÇÃO ESPORTIVA VELO CLUBE RIOCLARENSE - RIO CLARO,São Carlos,scheduled,036 29/mar - dom 16 h 00 SÃO CARLOS FL X AE VELO CLUBE São Carlos
paulista_sub12_2026,Sub-12,1,37,29/mar,dom,16 h 00,UNIÃO SUZANO AC,UNIÃO SUZANO ATLÉTICO CLUBE,ECUS SAF,ESPORTE CLUBE UNIÃO SUZANO SAF,Suzano,scheduled,037 29/mar - dom 16 h 00 UNIÃO SUZANO AC X ECUS SAF Suzano
paulista_sub12_2026,Sub-12,1,38,29/mar,dom,16 h 00,EC TAUBATÉ,ESPORTE CLUBE TAUBATÉ,SC CORINTHIANS PTA,SPORT CLUB CORINTHIANS PAULISTA,Taubaté,scheduled,038 29/mar - dom 16 h 00 EC TAUBATÉ X SC CORINTHIANS PTA Taubaté
paulista_sub12_2026,Sub-12,1,39,29/mar,dom,16 h 00,JABAQUARA AC,JABAQUARA ATLÉTICO CLUBE,SANTOS FC,SANTOS FUTEBOL CLUBE,Santos,scheduled,039 29/mar - dom 16 h 00 JABAQUARA AC X SANTOS FC Santos
paulista_sub12_2026,Sub-12,2,40,11/abr,sáb,16 h 00,MIRASSOL FC,MIRASSOL FUTEBOL CLUBE,JOSÉ BONIFÁCIO EC,JOSÉ BONIFÁCIO ESPORTE CLUBE,Bálsamo,scheduled,040 11/abr - sáb 16 h 00 MIRASSOL FC X JOSÉ BONIFÁCIO EC Bálsamo
paulista_sub12_2026,Sub-12,2,41,11/abr,sáb,16 h 00,ARAÇATUBA FC SAF,ARAÇATUBA FUTEBOL CLUBE SAF,OLÍMPIA FC,OLÍMPIA FUTEBOL CLUBE,Araçatuba,scheduled,041 11/abr - sáb 16 h 00 ARAÇATUBA FC SAF X OLÍMPIA FC Araçatuba
paulista_sub12_2026,Sub-12,2,42,11/abr,sáb,16 h 00,CA PENAPOLENSE,CLUBE ATLÉTICO PENAPOLENSE,CA LINENSE,CLUBE ATLÉTICO LINENSE,Penápolis,scheduled,042 11/abr - sáb 16 h 00 CA PENAPOLENSE X CA LINENSE Penápolis
paulista_sub12_2026,Sub-12,2,43,11/abr,sáb,16 h 00,SANTA FÉ FC,SANTA FÉ FUTEBOL CLUBE LTDA.,GR. CATANDUVENSE,GRÊMIO CATANDUVENSE DE FUTEBOL,Santa Fé do Sul,scheduled,043 11/abr - sáb 16 h 00 SANTA FÉ FC X GR. CATANDUVENSE Santa Fé do Sul
paulista_sub12_2026,Sub-12,2,44,11/abr,sáb,16 h 00,TUPÃ FC,TUPÃ FUTEBOL CLUBE,AA ITARARÉ,ASSOCIAÇÃO ATLÉTICA ITARARÉ,Tupã,scheduled,044 11/abr - sáb 16 h 00 TUPÃ FC X AA ITARARÉ Tupã
paulista_sub12_2026,Sub-12,2,45,11/abr,sáb,16 h 00,MARÍLIA AC,MARÍLIA ATLÉTICO CLUBE,EC NOROESTE SAF,ESPORTE CLUBE NOROESTE SAF,Marília,scheduled,045 11/abr - sáb 16 h 00 MARÍLIA AC X EC NOROESTE SAF Marília
paulista_sub12_2026,Sub-12,2,46,11/abr,sáb,16 h 00,CA ASSISENSE,CLUBE ATLÉTICO ASSISENSE,EC XV DE JAÚ,ESPORTE CLUBE XV DE NOVEMBRO,Assis,scheduled,046 11/abr - sáb 16 h 00 CA ASSISENSE X EC XV DE JAÚ Assis
paulista_sub12_2026,Sub-12,2,47,11/abr,sáb,16 h 00,BOTAFOGO S/A,BOTAFOGO FUTEBOL S/A,BATATAIS FC,BATATAIS FUTEBOL CLUBE,Ribeirão Preto,scheduled,047 11/abr - sáb 16 h 00 BOTAFOGO S/A X BATATAIS FC Ribeirão Preto
paulista_sub12_2026,Sub-12,2,48,11/abr,sáb,16 h 00,LG FUTEBOL CLUBE,LG FUTEBOL CLUBE LTDA.,I9 FUTEBOL CLUBE,I9 INTERNACIONAL ACADEMY,Serrana,scheduled,048 11/abr - sáb 16 h 00 LG FUTEBOL CLUBE X I9 FUTEBOL CLUBE Serrana
paulista_sub12_2026,Sub-12,2,49,11/abr,sáb,16 h 00,BARRETOS EC,BARRETOS ESPORTE CLUBE,AA INTER BEBEDOURO,ASSOCIAÇÃO ATLÉTICA INTERNACIONAL BEBEDOURO,Barretos,scheduled,049 11/abr - sáb 16 h 00 BARRETOS EC X AA INTER BEBEDOURO Barretos
paulista_sub12_2026,Sub-12,2,50,11/abr,sáb,16 h 00,AA FRANCANA,ASSOCIAÇÃO ATLÉTICA FRANCANA,COMERCIAL FC - RP,COMERCIAL FUTEBOL CLUBE,Franca,scheduled,050 11/abr - sáb 16 h 00 AA FRANCANA X COMERCIAL FC - RP Franca
paulista_sub12_2026,Sub-12,2,51,11/abr,sáb,16 h 00,AE VELO CLUBE,ASSOCIAÇÃO ESPORTIVA VELO CLUBE RIOCLARENSE - RIO CLARO,SE MATONENSE,SOCIEDADE ESPORTIVA MATONENSE,Rio Claro,scheduled,051 11/abr - sáb 16 h 00 AE VELO CLUBE X SE MATONENSE Rio Claro
paulista_sub12_2026,Sub-12,2,52,11/abr,sáb,16 h 00,PALMEIRAS FC,PALMEIRAS FUTEBOL CLUBE,SÃO CARLOS FL,SÃO CARLOS FUTEBOL LTDA.,São João da Boa Vista,scheduled,052 11/abr - sáb 16 h 00 PALMEIRAS FC X SÃO CARLOS FL São João da Boa Vista
paulista_sub12_2026,Sub-12,2,53,11/abr,sáb,16 h 00,CA TAQUARITINGA,CLUBE ATLÉTICO TAQUARITINGA,PORTO FOOT BALL LTDA,PORTO FOOT BALL LTDA.,Taquaritinga,scheduled,053 11/abr - sáb 16 h 00 CA TAQUARITINGA X PORTO FOOT BALL LTDA Taquaritinga
paulista_sub12_2026,Sub-12,2,54,11/abr,sáb,16 h 00,SPORT CLUBE AGUAÍ,SPORT CLUBE AGUAÍ,RIO CLARO FC,RIO CLARO FUTEBOL CLUBE,Aguaí,scheduled,054 11/abr - sáb 16 h 00 SPORT CLUBE AGUAÍ X RIO CLARO FC Aguaí
paulista_sub12_2026,Sub-12,2,55,11/abr,sáb,16 h 00,COSMOPOLITANO SPORTS,COSMOPOLITANO SPORTS LTDA.,AMPARO AC,AMPARO ATHÉTICO CLUB,Cosmópolis,scheduled,055 11/abr - sáb 16 h 00 COSMOPOLITANO SPORTS X AMPARO AC Cosmópolis
paulista_sub12_2026,Sub-12,2,56,11/abr,sáb,16 h 00,INDEPENDENTE FC,INDEPENDENTE FUTEBOL CLUBE,UA BARBARENSE FC,UNIÃO AGRÍCOLA BARBARENSE FUTEBOL CLUBE - SANTA BÁRBARA D'OESTE,Limeira,scheduled,056 11/abr - sáb 16 h 00 INDEPENDENTE FC X UA BARBARENSE FC Limeira
paulista_sub12_2026,Sub-12,2,57,11/abr,sáb,16 h 00,GUARANI FC,GUARANI FUTEBOL CLUBE,AA INTER LIMEIRA,ASSOCIAÇÃO ATLÉTICA INTERNACIONAL LIMEIRA,Amparo,scheduled,057 11/abr - sáb 16 h 00 GUARANI FC X AA INTER LIMEIRA Amparo
paulista_sub12_2026,Sub-12,2,58,11/abr,sáb,16 h 00,MACABI HOLAMBRA,MACABI HOLAMBRA ESPORTE CLUBE,RIO BRANCO EC,RIO BRANCO ESPORTE CLUBE,Holambra,scheduled,058 11/abr - sáb 16 h 00 MACABI HOLAMBRA X RIO BRANCO EC Holambra
paulista_sub12_2026,Sub-12,2,59,11/abr,sáb,16 h 00,RED BULL BRAGANTINO,RED BULL BRAGANTINO FUTEBOL LTDA.,SC PAULINENSE,SPORTING CLUB PAULINENSE,Atibaia,scheduled,059 11/abr - sáb 16 h 00 RED BULL BRAGANTINO X SC PAULINENSE Atibaia
paulista_sub12_2026,Sub-12,2,60,11/abr,sáb,16 h 00,VALINHOS HYPER FC S.A.F,VALINHOS HYPER FUTEBOL CLUBE SAF,SÃO BERNARDO FC,SÃO BERNARDO FUTEBOL CLUBE LTDA.,Valinhos,scheduled,060 11/abr - sáb 16 h 00 VALINHOS HYPER FC S.A.F X SÃO BERNARDO FC Valinhos
paulista_sub12_2026,Sub-12,2,61,11/abr,sáb,16 h 00,PRIMAVERA SAF,PRIMAVERA SAF,SFERA SAF,SFERA SAF,Indaiatuba,scheduled,061 11/abr - sáb 16 h 00 PRIMAVERA SAF X SFERA SAF Indaiatuba
paulista_sub12_2026,Sub-12,2,62,11/abr,sáb,16 h 00,VALINHOS EC,VALINHOS ESPORTE CLUBE LTDA.,DS SPORTS LTDA,DIFFERENT SYSTEM SPORTS LTDA.,Itatiba,scheduled,062 11/abr - sáb 16 h 00 VALINHOS EC X DS SPORTS LTDA Itatiba
paulista_sub12_2026,Sub-12,2,63,11/abr,sáb,16 h 00,SE PALMEIRAS,SOCIEDADE ESPORTIVA PALMEIRAS,AA FLAMENGO,ASSOCIAÇÃO ATLÉTICA FLAMENGO,Guarulhos,scheduled,063 11/abr - sáb 16 h 00 SE PALMEIRAS X AA FLAMENGO Guarulhos
paulista_sub12_2026,Sub-12,2,64,11/abr,sáb,16 h 00,AD GUARULHOS,ASSOCIAÇÃO DESPORTIVA GUARULHOS,PRATA DA CASA SAF,PRATA DA CASA SAF,Guarulhos,scheduled,064 11/abr - sáb 16 h 00 AD GUARULHOS X PRATA DA CASA SAF Guarulhos
paulista_sub12_2026,Sub-12,2,65,11/abr,sáb,16 h 00,COLORADO CAIEIRAS FC,COLORADO CAIEIRAS FUTEBOL CLUBE LTDA.,PAULISTA FC,PAULISTA FUTEBOL CLUBE LTDA.,Caieiras,scheduled,065 11/abr - sáb 16 h 00 COLORADO CAIEIRAS FC X PAULISTA FC Caieiras
paulista_sub12_2026,Sub-12,2,66,11/abr,sáb,16 h 00,SÃO PAULO FC,SÃO PAULO FUTEBOL CLUBE,SALTO FC,SALTO FUTEBOL CLUBE,Cotia,scheduled,066 11/abr - sáb 16 h 00 SÃO PAULO FC X SALTO FC Cotia
paulista_sub12_2026,Sub-12,2,67,11/abr,sáb,16 h 00,EC SÃO BENTO,ESPORTE CLUBE SÃO BENTO,REFERÊNCIA FC SAF,REFERÊNCIA FUTEBOL CLUBE SAF,Sorocaba,scheduled,067 11/abr - sáb 16 h 00 EC SÃO BENTO X REFERÊNCIA FC SAF Sorocaba
paulista_sub12_2026,Sub-12,2,68,11/abr,sáb,16 h 00,GO AUDAX,GRÊMIO OSASCO AUDAX ESPORTE CLUBE,REAL SOCCER,ASSOCIAÇÃO ACADEMY REAL FUTEBOL CLUBE,Osasco,scheduled,068 11/abr - sáb 16 h 00 GO AUDAX X REAL SOCCER Osasco
paulista_sub12_2026,Sub-12,2,69,11/abr,sáb,16 h 00,CLUBE VITAL SAF,CLUBE VITAL ACADEMIA DE FUTEBOL SAF,VOTORATY FC,VOTORATY FUTEBOL CLUBE LTDA.,Ibiúna,scheduled,069 11/abr - sáb 16 h 00 CLUBE VITAL SAF X VOTORATY FC Ibiúna
paulista_sub12_2026,Sub-12,2,70,11/abr,sáb,16 h 00,SC CORINTHIANS PTA,SPORT CLUB CORINTHIANS PAULISTA,UNIÃO SUZANO AC,UNIÃO SUZANO ATLÉTICO CLUBE,São Paulo,scheduled,070 11/abr - sáb 16 h 00 SC CORINTHIANS PTA X UNIÃO SUZANO AC São Paulo
paulista_sub12_2026,Sub-12,2,71,11/abr,sáb,16 h 00,FC PRIMEIRA CAMISA,FUTEBOL CLUBE PRIMEIRA CAMISA,EC TAUBATÉ,ESPORTE CLUBE TAUBATÉ,São José dos Campos,scheduled,071 11/abr - sáb 16 h 00 FC PRIMEIRA CAMISA X EC TAUBATÉ São José dos Campos
paulista_sub12_2026,Sub-12,2,72,11/abr,sáb,16 h 00,ECUS SAF,ESPORTE CLUBE UNIÃO SUZANO SAF,SÃO JOSÉ EC SAF,SÃO JOSÉ ESPORTE CLUBE SAF,Suzano,scheduled,072 11/abr - sáb 16 h 00 ECUS SAF X SÃO JOSÉ EC SAF Suzano
paulista_sub12_2026,Sub-12,2,73,11/abr,sáb,16 h 00,AD MANTHIQUEIRA,ACADEMIA DESPORTIVA MANTHIQUEIRA FUTEBOL LTDA.,CA ATLÉTICO MOGI,CLUBE ATLÉTICO MOGI DAS CRUZES DE FUTEBOL LTDA.,Guaratinguetá,scheduled,073 11/abr - sáb 16 h 00 AD MANTHIQUEIRA X CA ATLÉTICO MOGI Guaratinguetá
paulista_sub12_2026,Sub-12,2,74,11/abr,sáb,16 h 00,SANTOS FC,SANTOS FUTEBOL CLUBE,BARCELONA EC,BARCELONA ESPORTIVO CAPELA LTDA.,Santos,scheduled,074 11/abr - sáb 16 h 00 SANTOS FC X BARCELONA EC Santos
paulista_sub12_2026,Sub-12,2,75,11/abr,sáb,16 h 00,GE MAUAENSE,GRÊMIO ESPORTIVO MAUAENSE,JABAQUARA AC,JABAQUARA ATLÉTICO CLUBE,Mauá,scheduled,075 11/abr - sáb 16 h 00 GE MAUAENSE X JABAQUARA AC Mauá
paulista_sub12_2026,Sub-12,2,76,11/abr,sáb,16 h 00,SÃO CAETANO FL,SÃO CAETANO FUTEBOL LTDA.,MAUÁ FUTEBOL TE,MAUÁ FUTEBOL TREINAMENTOS E ESPORTES LTDA.,São Caetano do Sul,scheduled,076 11/abr - sáb 16 h 00 SÃO CAETANO FL X MAUÁ FUTEBOL TE São Caetano do Sul
paulista_sub12_2026,Sub-12,2,77,11/abr,sáb,16 h 00,EC SÃO BERNARDO SAF,ESPORTE CLUBE SÃO BERNARDO SAF,AA PORTUGUESA,ASSOCIAÇÃO ATLÉTICA PORTUGUESA,São Bernardo do Campo,scheduled,077 11/abr - sáb 16 h 00 EC SÃO BERNARDO SAF X AA PORTUGUESA São Bernardo do Campo
paulista_sub12_2026,Sub-12,2,78,12/abr,dom,16 h 00,JUVENTUS SAF,JUVENTUS SAF,ITAQUAQUECETUBA ATH.,ITAQUAQUECETUBA ATHLETICO CLUB LTDA.,São Paulo,scheduled,078 12/abr - dom 16 h 00 JUVENTUS SAF X ITAQUAQUECETUBA ATH. São Paulo
paulista_sub12_2026,Sub-12,3,79,25/abr,sáb,16 h 00,JOSÉ BONIFÁCIO EC,JOSÉ BONIFÁCIO ESPORTE CLUBE,OLÍMPIA FC,OLÍMPIA FUTEBOL CLUBE,José Bonifácio,scheduled,079 25/abr - sáb 16 h 00 JOSÉ BONIFÁCIO EC X OLÍMPIA FC José Bonifácio
paulista_sub12_2026,Sub-12,3,80,25/abr,sáb,16 h 00,CA LINENSE,CLUBE ATLÉTICO LINENSE,MIRASSOL FC,MIRASSOL FUTEBOL CLUBE,Lins,scheduled,080 25/abr - sáb 16 h 00 CA LINENSE X MIRASSOL FC Lins
paulista_sub12_2026,Sub-12,3,81,25/abr,sáb,16 h 00,GR. CATANDUVENSE,GRÊMIO CATANDUVENSE DE FUTEBOL,CA PENAPOLENSE,CLUBE ATLÉTICO PENAPOLENSE,Catanduva,scheduled,081 25/abr - sáb 16 h 00 GR. CATANDUVENSE X CA PENAPOLENSE Catanduva
paulista_sub12_2026,Sub-12,3,82,25/abr,sáb,16 h 00,SANTA FÉ FC,SANTA FÉ FUTEBOL CLUBE LTDA.,ARAÇATUBA FC SAF,ARAÇATUBA FUTEBOL CLUBE SAF,Santa Fé do Sul,scheduled,082 25/abr - sáb 16 h 00 SANTA FÉ FC X ARAÇATUBA FC SAF Santa Fé do Sul
paulista_sub12_2026,Sub-12,3,83,25/abr,sáb,16 h 00,AA ITARARÉ,ASSOCIAÇÃO ATLÉTICA ITARARÉ,CA ASSISENSE,CLUBE ATLÉTICO ASSISENSE,Itararé,scheduled,083 25/abr - sáb 16 h 00 AA ITARARÉ X CA ASSISENSE Itararé
paulista_sub12_2026,Sub-12,3,84,25/abr,sáb,16 h 00,PRES. PRUDENTE FC,PRESIDENTE PRUDENTE FUTEBOL CLUBE,TUPÃ FC,TUPÃ FUTEBOL CLUBE,Presidente Prudente,scheduled,084 25/abr - sáb 16 h 00 PRES. PRUDENTE FC X TUPÃ FC Presidente Prudente
paulista_sub12_2026,Sub-12,3,85,25/abr,sáb,16 h 00,EC XV DE JAÚ,ESPORTE CLUBE XV DE NOVEMBRO,MARÍLIA AC,MARÍLIA ATLÉTICO CLUBE,Jaú,scheduled,085 25/abr - sáb 16 h 00 EC XV DE JAÚ X MARÍLIA AC Jaú
paulista_sub12_2026,Sub-12,3,86,25/abr,sáb,16 h 00,BATATAIS FC,BATATAIS FUTEBOL CLUBE,I9 FUTEBOL CLUBE,I9 INTERNACIONAL ACADEMY,Batatais,scheduled,086 25/abr - sáb 16 h 00 BATATAIS FC X I9 FUTEBOL CLUBE Batatais
paulista_sub12_2026,Sub-12,3,87,25/abr,sáb,16 h 00,AA INTER BEBEDOURO,ASSOCIAÇÃO ATLÉTICA INTERNACIONAL BEBEDOURO,BOTAFOGO S/A,BOTAFOGO FUTEBOL S/A,Bebedouro,scheduled,087 25/abr - sáb 16 h 00 AA INTER BEBEDOURO X BOTAFOGO S/A Bebedouro
paulista_sub12_2026,Sub-12,3,88,25/abr,sáb,16 h 00,COMERCIAL FC - RP,COMERCIAL FUTEBOL CLUBE,BARRETOS EC,BARRETOS ESPORTE CLUBE,Ribeirão Preto,scheduled,088 25/abr - sáb 16 h 00 COMERCIAL FC - RP X BARRETOS EC Ribeirão Preto
paulista_sub12_2026,Sub-12,3,89,25/abr,sáb,16 h 00,AA FRANCANA,ASSOCIAÇÃO ATLÉTICA FRANCANA,LG FUTEBOL CLUBE,LG FUTEBOL CLUBE LTDA.,Franca,scheduled,089 25/abr - sáb 16 h 00 AA FRANCANA X LG FUTEBOL CLUBE Franca
paulista_sub12_2026,Sub-12,3,90,25/abr,sáb,16 h 00,SE MATONENSE,SOCIEDADE ESPORTIVA MATONENSE,SÃO CARLOS FL,SÃO CARLOS FUTEBOL LTDA.,Matão,scheduled,090 25/abr - sáb 16 h 00 SE MATONENSE X SÃO CARLOS FL Matão
paulista_sub12_2026,Sub-12,3,91,25/abr,sáb,16 h 00,PORTO FOOT BALL LTDA,PORTO FOOT BALL LTDA.,AE VELO CLUBE,ASSOCIAÇÃO ESPORTIVA VELO CLUBE RIOCLARENSE - RIO CLARO,Porto Ferreira,scheduled,091 25/abr - sáb 16 h 00 PORTO FOOT BALL LTDA X AE VELO CLUBE Porto Ferreira
paulista_sub12_2026,Sub-12,3,92,25/abr,sáb,16 h 00,RIO CLARO FC,RIO CLARO FUTEBOL CLUBE,CA TAQUARITINGA,CLUBE ATLÉTICO TAQUARITINGA,Rio Claro,scheduled,092 25/abr - sáb 16 h 00 RIO CLARO FC X CA TAQUARITINGA Rio Claro
paulista_sub12_2026,Sub-12,3,93,25/abr,sáb,16 h 00,SPORT CLUBE AGUAÍ,SPORT CLUBE AGUAÍ,PALMEIRAS FC,PALMEIRAS FUTEBOL CLUBE,Aguaí,scheduled,093 25/abr - sáb 16 h 00 SPORT CLUBE AGUAÍ X PALMEIRAS FC Aguaí
paulista_sub12_2026,Sub-12,3,94,25/abr,sáb,16 h 00,AMPARO AC,AMPARO ATHÉTICO CLUB,UA BARBARENSE FC,UNIÃO AGRÍCOLA BARBARENSE FUTEBOL CLUBE - SANTA BÁRBARA D'OESTE,Amparo,scheduled,094 25/abr - sáb 16 h 00 AMPARO AC X UA BARBARENSE FC Amparo
paulista_sub12_2026,Sub-12,3,95,25/abr,sáb,16 h 00,AA INTER LIMEIRA,ASSOCIAÇÃO ATLÉTICA INTERNACIONAL LIMEIRA,COSMOPOLITANO SPORTS,COSMOPOLITANO SPORTS LTDA.,Limeira,scheduled,095 25/abr - sáb 16 h 00 AA INTER LIMEIRA X COSMOPOLITANO SPORTS Limeira
paulista_sub12_2026,Sub-12,3,96,25/abr,sáb,16 h 00,RIO BRANCO EC,RIO BRANCO ESPORTE CLUBE,GUARANI FC,GUARANI FUTEBOL CLUBE,Americana,scheduled,096 25/abr - sáb 16 h 00 RIO BRANCO EC X GUARANI FC Americana
paulista_sub12_2026,Sub-12,3,97,25/abr,sáb,16 h 00,MACABI HOLAMBRA,MACABI HOLAMBRA ESPORTE CLUBE,INDEPENDENTE FC,INDEPENDENTE FUTEBOL CLUBE,Holambra,scheduled,097 25/abr - sáb 16 h 00 MACABI HOLAMBRA X INDEPENDENTE FC Holambra
paulista_sub12_2026,Sub-12,3,98,25/abr,sáb,16 h 00,SC PAULINENSE,SPORTING CLUB PAULINENSE,SÃO BERNARDO FC,SÃO BERNARDO FUTEBOL CLUBE LTDA.,Paulínia,scheduled,098 25/abr - sáb 16 h 00 SC PAULINENSE X SÃO BERNARDO FC Paulínia
paulista_sub12_2026,Sub-12,3,99,25/abr,sáb,16 h 00,SFERA SAF,SFERA SAF,RED BULL BRAGANTINO,RED BULL BRAGANTINO FUTEBOL LTDA.,Jarinu,scheduled,099 25/abr - sáb 16 h 00 SFERA SAF X RED BULL BRAGANTINO Jarinu
paulista_sub12_2026,Sub-12,3,100,25/abr,sáb,16 h 00,DS SPORTS LTDA,DIFFERENT SYSTEM SPORTS LTDA.,PRIMAVERA SAF,PRIMAVERA SAF,Atibaia,scheduled,100 25/abr - sáb 16 h 00 DS SPORTS LTDA X PRIMAVERA SAF Atibaia
paulista_sub12_2026,Sub-12,3,101,25/abr,sáb,16 h 00,VALINHOS EC,VALINHOS ESPORTE CLUBE LTDA.,VALINHOS HYPER FC S.A.F,VALINHOS HYPER FUTEBOL CLUBE SAF,Itatiba,scheduled,101 25/abr - sáb 16 h 00 VALINHOS EC X VALINHOS HYPER FC S.A.F Itatiba
paulista_sub12_2026,Sub-12,3,102,25/abr,sáb,16 h 00,PRATA DA CASA SAF,PRATA DA CASA SAF,SE PALMEIRAS,SOCIEDADE ESPORTIVA PALMEIRAS,São Paulo,scheduled,102 25/abr - sáb 16 h 00 PRATA DA CASA SAF X SE PALMEIRAS São Paulo
paulista_sub12_2026,Sub-12,3,103,25/abr,sáb,16 h 00,PAULISTA FC,PAULISTA FUTEBOL CLUBE LTDA.,AD GUARULHOS,ASSOCIAÇÃO DESPORTIVA GUARULHOS,Jundiaí,scheduled,103 25/abr - sáb 16 h 00 PAULISTA FC X AD GUARULHOS Jundiaí
paulista_sub12_2026,Sub-12,3,104,25/abr,sáb,16 h 00,COLORADO CAIEIRAS FC,COLORADO CAIEIRAS FUTEBOL CLUBE LTDA.,JUVENTUS SAF,JUVENTUS SAF,Caieiras,scheduled,104 25/abr - sáb 16 h 00 COLORADO CAIEIRAS FC X JUVENTUS SAF Caieiras
paulista_sub12_2026,Sub-12,3,105,25/abr,sáb,16 h 00,SALTO FC,SALTO FUTEBOL CLUBE,REFERÊNCIA FC SAF,REFERÊNCIA FUTEBOL CLUBE SAF,Salto,scheduled,105 25/abr - sáb 16 h 00 SALTO FC X REFERÊNCIA FC SAF Salto
paulista_sub12_2026,Sub-12,3,106,25/abr,sáb,16 h 00,REAL SOCCER,ASSOCIAÇÃO ACADEMY REAL FUTEBOL CLUBE,SÃO PAULO FC,SÃO PAULO FUTEBOL CLUBE,Sorocaba,scheduled,106 25/abr - sáb 16 h 00 REAL SOCCER X SÃO PAULO FC Sorocaba
paulista_sub12_2026,Sub-12,3,107,25/abr,sáb,16 h 00,VOTORATY FC,VOTORATY FUTEBOL CLUBE LTDA.,GO AUDAX,GRÊMIO OSASCO AUDAX ESPORTE CLUBE,Votorantim,scheduled,107 25/abr - sáb 16 h 00 VOTORATY FC X GO AUDAX Votorantim
paulista_sub12_2026,Sub-12,3,108,25/abr,sáb,16 h 00,CLUBE VITAL SAF,CLUBE VITAL ACADEMIA DE FUTEBOL SAF,EC SÃO BENTO,ESPORTE CLUBE SÃO BENTO,Ibiúna,scheduled,108 25/abr - sáb 16 h 00 CLUBE VITAL SAF X EC SÃO BENTO Ibiúna
paulista_sub12_2026,Sub-12,3,109,25/abr,sáb,16 h 00,UNIÃO SUZANO AC,UNIÃO SUZANO ATLÉTICO CLUBE,EC TAUBATÉ,ESPORTE CLUBE TAUBATÉ,Suzano,scheduled,109 25/abr - sáb 16 h 00 UNIÃO SUZANO AC X EC TAUBATÉ Suzano
paulista_sub12_2026,Sub-12,3,110,25/abr,sáb,16 h 00,SÃO JOSÉ EC SAF,SÃO JOSÉ ESPORTE CLUBE SAF,SC CORINTHIANS PTA,SPORT CLUB CORINTHIANS PAULISTA,São José dos Campos,scheduled,110 25/abr - sáb 16 h 00 SÃO JOSÉ EC SAF X SC CORINTHIANS PTA São José dos Campos
paulista_sub12_2026,Sub-12,3,111,25/abr,sáb,16 h 00,CA ATLÉTICO MOGI,CLUBE ATLÉTICO MOGI DAS CRUZES DE FUTEBOL LTDA.,ECUS SAF,ESPORTE CLUBE UNIÃO SUZANO SAF,Mogi das Cruzes,scheduled,111 25/abr - sáb 16 h 00 CA ATLÉTICO MOGI X ECUS SAF Mogi das Cruzes
paulista_sub12_2026,Sub-12,3,112,25/abr,sáb,16 h 00,BARCELONA EC,BARCELONA ESPORTIVO CAPELA LTDA.,JABAQUARA AC,JABAQUARA ATLÉTICO CLUBE,São Caetano do Sul,scheduled,112 25/abr - sáb 16 h 00 BARCELONA EC X JABAQUARA AC São Caetano do Sul
paulista_sub12_2026,Sub-12,3,113,25/abr,sáb,16 h 00,AA PORTUGUESA,ASSOCIAÇÃO ATLÉTICA PORTUGUESA,SÃO CAETANO FL,SÃO CAETANO FUTEBOL LTDA.,Santos,scheduled,113 25/abr - sáb 16 h 00 AA PORTUGUESA X SÃO CAETANO FL Santos
paulista_sub12_2026,Sub-12,3,114,25/abr,sáb,16 h 00,EC SÃO BERNARDO SAF,ESPORTE CLUBE SÃO BERNARDO SAF,GE MAUAENSE,GRÊMIO ESPORTIVO MAUAENSE,São Bernardo do Campo,scheduled,114 25/abr - sáb 16 h 00 EC SÃO BERNARDO SAF X GE MAUAENSE São Bernardo do Campo
paulista_sub12_2026,Sub-12,3,115,26/abr,dom,16 h 00,AA FLAMENGO,ASSOCIAÇÃO ATLÉTICA FLAMENGO,ITAQUAQUECETUBA ATH.,ITAQUAQUECETUBA ATHLETICO CLUB LTDA.,Guarulhos,scheduled,115 26/abr - dom 16 h 00 AA FLAMENGO X ITAQUAQUECETUBA ATH. Guarulhos
paulista_sub12_2026,Sub-12,3,116,26/abr,dom,16 h 00,AD MANTHIQUEIRA,ACADEMIA DESPORTIVA MANTHIQUEIRA FUTEBOL LTDA.,FC PRIMEIRA CAMISA,FUTEBOL CLUBE PRIMEIRA CAMISA,Guaratinguetá,scheduled,116 26/abr - dom 16 h 00 AD MANTHIQUEIRA X FC PRIMEIRA CAMISA Guaratinguetá
paulista_sub12_2026,Sub-12,3,117,26/abr,dom,16 h 00,MAUÁ FUTEBOL TE,MAUÁ FUTEBOL TREINAMENTOS E ESPORTES LTDA.,SANTOS FC,SANTOS FUTEBOL CLUBE,Mauá,scheduled,117 26/abr - dom 16 h 00 MAUÁ FUTEBOL TE X SANTOS FC Mauá
paulista_sub12_2026,Sub-12,4,118,09/mai,sáb,16 h 00,ARAÇATUBA FC SAF,ARAÇATUBA FUTEBOL CLUBE SAF,JOSÉ BONIFÁCIO EC,JOSÉ BONIFÁCIO ESPORTE CLUBE,Araçatuba,scheduled,118 09/mai - sáb 16 h 00 ARAÇATUBA FC SAF X JOSÉ BONIFÁCIO EC Araçatuba
paulista_sub12_2026,Sub-12,4,119,09/mai,sáb,16 h 00,OLÍMPIA FC,OLÍMPIA FUTEBOL CLUBE,CA LINENSE,CLUBE ATLÉTICO LINENSE,Olímpia,scheduled,119 09/mai - sáb 16 h 00 OLÍMPIA FC X CA LINENSE Olímpia
paulista_sub12_2026,Sub-12,4,120,09/mai,sáb,16 h 00,MIRASSOL FC,MIRASSOL FUTEBOL CLUBE,GR. CATANDUVENSE,GRÊMIO CATANDUVENSE DE FUTEBOL,Bálsamo,scheduled,120 09/mai - sáb 16 h 00 MIRASSOL FC X GR. CATANDUVENSE Bálsamo
paulista_sub12_2026,Sub-12,4,121,09/mai,sáb,16 h 00,CA PENAPOLENSE,CLUBE ATLÉTICO PENAPOLENSE,SANTA FÉ FC,SANTA FÉ FUTEBOL CLUBE LTDA.,Penápolis,scheduled,121 09/mai - sáb 16 h 00 CA PENAPOLENSE X SANTA FÉ FC Penápolis
paulista_sub12_2026,Sub-12,4,122,09/mai,sáb,16 h 00,CA ASSISENSE,CLUBE ATLÉTICO ASSISENSE,PRES. PRUDENTE FC,PRESIDENTE PRUDENTE FUTEBOL CLUBE,Assis,scheduled,122 09/mai - sáb 16 h 00 CA ASSISENSE X PRES. PRUDENTE FC Assis
paulista_sub12_2026,Sub-12,4,123,09/mai,sáb,16 h 00,EC NOROESTE SAF,ESPORTE CLUBE NOROESTE SAF,EC XV DE JAÚ,ESPORTE CLUBE XV DE NOVEMBRO,Iacanga,scheduled,123 09/mai - sáb 16 h 00 EC NOROESTE SAF X EC XV DE JAÚ Iacanga
paulista_sub12_2026,Sub-12,4,124,09/mai,sáb,16 h 00,MARÍLIA AC,MARÍLIA ATLÉTICO CLUBE,AA ITARARÉ,ASSOCIAÇÃO ATLÉTICA ITARARÉ,Marília,scheduled,124 09/mai - sáb 16 h 00 MARÍLIA AC X AA ITARARÉ Marília
paulista_sub12_2026,Sub-12,4,125,09/mai,sáb,16 h 00,LG FUTEBOL CLUBE,LG FUTEBOL CLUBE LTDA.,BATATAIS FC,BATATAIS FUTEBOL CLUBE,Serrana,scheduled,125 09/mai - sáb 16 h 00 LG FUTEBOL CLUBE X BATATAIS FC Serrana
paulista_sub12_2026,Sub-12,4,126,09/mai,sáb,16 h 00,I9 FUTEBOL CLUBE,I9 INTERNACIONAL ACADEMY,AA INTER BEBEDOURO,ASSOCIAÇÃO ATLÉTICA INTERNACIONAL BEBEDOURO,Ribeirão Preto,scheduled,126 09/mai - sáb 16 h 00 I9 FUTEBOL CLUBE X AA INTER BEBEDOURO Ribeirão Preto
paulista_sub12_2026,Sub-12,4,127,09/mai,sáb,16 h 00,BOTAFOGO S/A,BOTAFOGO FUTEBOL S/A,COMERCIAL FC - RP,COMERCIAL FUTEBOL CLUBE,Ribeirão Preto,scheduled,127 09/mai - sáb 16 h 00 BOTAFOGO S/A X COMERCIAL FC - RP Ribeirão Preto
paulista_sub12_2026,Sub-12,4,128,09/mai,sáb,16 h 00,BARRETOS EC,BARRETOS ESPORTE CLUBE,AA FRANCANA,ASSOCIAÇÃO ATLÉTICA FRANCANA,Barretos,scheduled,128 09/mai - sáb 16 h 00 BARRETOS EC X AA FRANCANA Barretos
paulista_sub12_2026,Sub-12,4,129,09/mai,sáb,16 h 00,PALMEIRAS FC,PALMEIRAS FUTEBOL CLUBE,SE MATONENSE,SOCIEDADE ESPORTIVA MATONENSE,São João da Boa Vista,scheduled,129 09/mai - sáb 16 h 00 PALMEIRAS FC X SE MATONENSE São João da Boa Vista
paulista_sub12_2026,Sub-12,4,130,09/mai,sáb,16 h 00,SÃO CARLOS FL,SÃO CARLOS FUTEBOL LTDA.,PORTO FOOT BALL LTDA,PORTO FOOT BALL LTDA.,São Carlos,scheduled,130 09/mai - sáb 16 h 00 SÃO CARLOS FL X PORTO FOOT BALL LTDA São Carlos
paulista_sub12_2026,Sub-12,4,131,09/mai,sáb,16 h 00,AE VELO CLUBE,ASSOCIAÇÃO ESPORTIVA VELO CLUBE RIOCLARENSE - RIO CLARO,RIO CLARO FC,RIO CLARO FUTEBOL CLUBE,Rio Claro,scheduled,131 09/mai - sáb 16 h 00 AE VELO CLUBE X RIO CLARO FC Rio Claro
paulista_sub12_2026,Sub-12,4,132,09/mai,sáb,16 h 00,CA TAQUARITINGA,CLUBE ATLÉTICO TAQUARITINGA,SPORT CLUBE AGUAÍ,SPORT CLUBE AGUAÍ,Taquaritinga,scheduled,132 09/mai - sáb 16 h 00 CA TAQUARITINGA X SPORT CLUBE AGUAÍ Taquaritinga
paulista_sub12_2026,Sub-12,4,133,09/mai,sáb,16 h 00,INDEPENDENTE FC,INDEPENDENTE FUTEBOL CLUBE,AMPARO AC,AMPARO ATHÉTICO CLUB,Limeira,scheduled,133 09/mai - sáb 16 h 00 INDEPENDENTE FC X AMPARO AC Limeira
paulista_sub12_2026,Sub-12,4,134,09/mai,sáb,16 h 00,UA BARBARENSE FC,UNIÃO AGRÍCOLA BARBARENSE FUTEBOL CLUBE - SANTA BÁRBARA D'OESTE,AA INTER LIMEIRA,ASSOCIAÇÃO ATLÉTICA INTERNACIONAL LIMEIRA,Santa Bárbara D'Oeste,scheduled,134 09/mai - sáb 16 h 00 UA BARBARENSE FC X AA INTER LIMEIRA Santa Bárbara D'Oeste
paulista_sub12_2026,Sub-12,4,135,09/mai,sáb,16 h 00,COSMOPOLITANO SPORTS,COSMOPOLITANO SPORTS LTDA.,RIO BRANCO EC,RIO BRANCO ESPORTE CLUBE,Cosmópolis,scheduled,135 09/mai - sáb 16 h 00 COSMOPOLITANO SPORTS X RIO BRANCO EC Cosmópolis
paulista_sub12_2026,Sub-12,4,136,09/mai,sáb,16 h 00,GUARANI FC,GUARANI FUTEBOL CLUBE,MACABI HOLAMBRA,MACABI HOLAMBRA ESPORTE CLUBE,Amparo,scheduled,136 09/mai - sáb 16 h 00 GUARANI FC X MACABI HOLAMBRA Amparo
paulista_sub12_2026,Sub-12,4,137,09/mai,sáb,16 h 00,VALINHOS HYPER FC S.A.F,VALINHOS HYPER FUTEBOL CLUBE SAF,SC PAULINENSE,SPORTING CLUB PAULINENSE,Valinhos,scheduled,137 09/mai - sáb 16 h 00 VALINHOS HYPER FC S.A.F X SC PAULINENSE Valinhos
paulista_sub12_2026,Sub-12,4,138,09/mai,sáb,16 h 00,SÃO BERNARDO FC,SÃO BERNARDO FUTEBOL CLUBE LTDA.,SFERA SAF,SFERA SAF,Itatiba,scheduled,138 09/mai - sáb 16 h 00 SÃO BERNARDO FC X SFERA SAF Itatiba
paulista_sub12_2026,Sub-12,4,139,09/mai,sáb,16 h 00,RED BULL BRAGANTINO,RED BULL BRAGANTINO FUTEBOL LTDA.,DS SPORTS LTDA,DIFFERENT SYSTEM SPORTS LTDA.,Atibaia,scheduled,139 09/mai - sáb 16 h 00 RED BULL BRAGANTINO X DS SPORTS LTDA Atibaia
paulista_sub12_2026,Sub-12,4,140,09/mai,sáb,16 h 00,PRIMAVERA SAF,PRIMAVERA SAF,VALINHOS EC,VALINHOS ESPORTE CLUBE LTDA.,Indaiatuba,scheduled,140 09/mai - sáb 16 h 00 PRIMAVERA SAF X VALINHOS EC Indaiatuba
paulista_sub12_2026,Sub-12,4,141,09/mai,sáb,16 h 00,JUVENTUS SAF,JUVENTUS SAF,AA FLAMENGO,ASSOCIAÇÃO ATLÉTICA FLAMENGO,São Paulo,scheduled,141 09/mai - sáb 16 h 00 JUVENTUS SAF X AA FLAMENGO São Paulo
paulista_sub12_2026,Sub-12,4,142,09/mai,sáb,16 h 00,ITAQUAQUECETUBA ATH.,ITAQUAQUECETUBA ATHLETICO CLUB LTDA.,PRATA DA CASA SAF,PRATA DA CASA SAF,Itaquaquecetuba,scheduled,142 09/mai - sáb 16 h 00 ITAQUAQUECETUBA ATH. X PRATA DA CASA SAF Itaquaquecetuba
paulista_sub12_2026,Sub-12,4,143,09/mai,sáb,16 h 00,SE PALMEIRAS,SOCIEDADE ESPORTIVA PALMEIRAS,PAULISTA FC,PAULISTA FUTEBOL CLUBE LTDA.,Guarulhos,scheduled,143 09/mai - sáb 16 h 00 SE PALMEIRAS X PAULISTA FC Guarulhos
paulista_sub12_2026,Sub-12,4,144,09/mai,sáb,16 h 00,AD GUARULHOS,ASSOCIAÇÃO DESPORTIVA GUARULHOS,COLORADO CAIEIRAS FC,COLORADO CAIEIRAS FUTEBOL CLUBE LTDA.,Guarulhos,scheduled,144 09/mai - sáb 16 h 00 AD GUARULHOS X COLORADO CAIEIRAS FC Guarulhos
paulista_sub12_2026,Sub-12,4,145,09/mai,sáb,16 h 00,EC SÃO BENTO,ESPORTE CLUBE SÃO BENTO,SALTO FC,SALTO FUTEBOL CLUBE,Sorocaba,scheduled,145 09/mai - sáb 16 h 00 EC SÃO BENTO X SALTO FC Sorocaba
paulista_sub12_2026,Sub-12,4,146,09/mai,sáb,16 h 00,REFERÊNCIA FC SAF,REFERÊNCIA FUTEBOL CLUBE SAF,REAL SOCCER,ASSOCIAÇÃO ACADEMY REAL FUTEBOL CLUBE,Embu das Artes,scheduled,146 09/mai - sáb 16 h 00 REFERÊNCIA FC SAF X REAL SOCCER Embu das Artes
paulista_sub12_2026,Sub-12,4,147,09/mai,sáb,16 h 00,SÃO PAULO FC,SÃO PAULO FUTEBOL CLUBE,VOTORATY FC,VOTORATY FUTEBOL CLUBE LTDA.,Cotia,scheduled,147 09/mai - sáb 16 h 00 SÃO PAULO FC X VOTORATY FC Cotia
paulista_sub12_2026,Sub-12,4,148,09/mai,sáb,16 h 00,GO AUDAX,GRÊMIO OSASCO AUDAX ESPORTE CLUBE,CLUBE VITAL SAF,CLUBE VITAL ACADEMIA DE FUTEBOL SAF,Osasco,scheduled,148 09/mai - sáb 16 h 00 GO AUDAX X CLUBE VITAL SAF Osasco
paulista_sub12_2026,Sub-12,4,149,09/mai,sáb,16 h 00,FC PRIMEIRA CAMISA,FUTEBOL CLUBE PRIMEIRA CAMISA,UNIÃO SUZANO AC,UNIÃO SUZANO ATLÉTICO CLUBE,São José dos Campos,scheduled,149 09/mai - sáb 16 h 00 FC PRIMEIRA CAMISA X UNIÃO SUZANO AC São José dos Campos
paulista_sub12_2026,Sub-12,4,150,09/mai,sáb,16 h 00,SC CORINTHIANS PTA,SPORT CLUB CORINTHIANS PAULISTA,CA ATLÉTICO MOGI,CLUBE ATLÉTICO MOGI DAS CRUZES DE FUTEBOL LTDA.,São Paulo,scheduled,150 09/mai - sáb 16 h 00 SC CORINTHIANS PTA X CA ATLÉTICO MOGI São Paulo
paulista_sub12_2026,Sub-12,4,151,09/mai,sáb,16 h 00,ECUS SAF,ESPORTE CLUBE UNIÃO SUZANO SAF,AD MANTHIQUEIRA,ACADEMIA DESPORTIVA MANTHIQUEIRA FUTEBOL LTDA.,Suzano,scheduled,151 09/mai - sáb 16 h 00 ECUS SAF X AD MANTHIQUEIRA Suzano
paulista_sub12_2026,Sub-12,4,152,09/mai,sáb,16 h 00,JABAQUARA AC,JABAQUARA ATLÉTICO CLUBE,MAUÁ FUTEBOL TE,MAUÁ FUTEBOL TREINAMENTOS E ESPORTES LTDA.,Santos,scheduled,152 09/mai - sáb 16 h 00 JABAQUARA AC X MAUÁ FUTEBOL TE Santos
paulista_sub12_2026,Sub-12,4,153,09/mai,sáb,16 h 00,SANTOS FC,SANTOS FUTEBOL CLUBE,AA PORTUGUESA,ASSOCIAÇÃO ATLÉTICA PORTUGUESA,Santos,scheduled,153 09/mai - sáb 16 h 00 SANTOS FC X AA PORTUGUESA Santos
paulista_sub12_2026,Sub-12,4,154,09/mai,sáb,16 h 00,SÃO CAETANO FL,SÃO CAETANO FUTEBOL LTDA.,EC SÃO BERNARDO SAF,ESPORTE CLUBE SÃO BERNARDO SAF,São Caetano do Sul,scheduled,154 09/mai - sáb 16 h 00 SÃO CAETANO FL X EC SÃO BERNARDO SAF São Caetano do Sul
paulista_sub12_2026,Sub-12,4,155,10/mai,dom,16 h 00,EC TAUBATÉ,ESPORTE CLUBE TAUBATÉ,SÃO JOSÉ EC SAF,SÃO JOSÉ ESPORTE CLUBE SAF,Taubaté,scheduled,155 10/mai - dom 16 h 00 EC TAUBATÉ X SÃO JOSÉ EC SAF Taubaté
paulista_sub12_2026,Sub-12,4,156,10/mai,dom,16 h 00,GE MAUAENSE,GRÊMIO ESPORTIVO MAUAENSE,BARCELONA EC,BARCELONA ESPORTIVO CAPELA LTDA.,Mauá,scheduled,156 10/mai - dom 16 h 00 GE MAUAENSE X BARCELONA EC Mauá
paulista_sub12_2026,Sub-12,5,157,16/mai,sáb,16 h 00,JOSÉ BONIFÁCIO EC,JOSÉ BONIFÁCIO ESPORTE CLUBE,CA LINENSE,CLUBE ATLÉTICO LINENSE,José Bonifácio,scheduled,157 16/mai - sáb 16 h 00 JOSÉ BONIFÁCIO EC X CA LINENSE José Bonifácio
paulista_sub12_2026,Sub-12,5,158,16/mai,sáb,16 h 00,GR. CATANDUVENSE,GRÊMIO CATANDUVENSE DE FUTEBOL,OLÍMPIA FC,OLÍMPIA FUTEBOL CLUBE,Catanduva,scheduled,158 16/mai - sáb 16 h 00 GR. CATANDUVENSE X OLÍMPIA FC Catanduva
paulista_sub12_2026,Sub-12,5,159,16/mai,sáb,16 h 00,SANTA FÉ FC,SANTA FÉ FUTEBOL CLUBE LTDA.,MIRASSOL FC,MIRASSOL FUTEBOL CLUBE,Santa Fé do Sul,scheduled,159 16/mai - sáb 16 h 00 SANTA FÉ FC X MIRASSOL FC Santa Fé do Sul
paulista_sub12_2026,Sub-12,5,160,16/mai,sáb,16 h 00,ARAÇATUBA FC SAF,ARAÇATUBA FUTEBOL CLUBE SAF,CA PENAPOLENSE,CLUBE ATLÉTICO PENAPOLENSE,Araçatuba,scheduled,160 16/mai - sáb 16 h 00 ARAÇATUBA FC SAF X CA PENAPOLENSE Araçatuba
paulista_sub12_2026,Sub-12,5,161,16/mai,sáb,16 h 00,AA ITARARÉ,ASSOCIAÇÃO ATLÉTICA ITARARÉ,EC NOROESTE SAF,ESPORTE CLUBE NOROESTE SAF,Itararé,scheduled,161 16/mai - sáb 16 h 00 AA ITARARÉ X EC NOROESTE SAF Itararé
paulista_sub12_2026,Sub-12,5,162,16/mai,sáb,16 h 00,PRES. PRUDENTE FC,PRESIDENTE PRUDENTE FUTEBOL CLUBE,MARÍLIA AC,MARÍLIA ATLÉTICO CLUBE,Presidente Prudente,scheduled,162 16/mai - sáb 16 h 00 PRES. PRUDENTE FC X MARÍLIA AC Presidente Prudente
paulista_sub12_2026,Sub-12,5,163,16/mai,sáb,16 h 00,TUPÃ FC,TUPÃ FUTEBOL CLUBE,CA ASSISENSE,CLUBE ATLÉTICO ASSISENSE,Tupã,scheduled,163 16/mai - sáb 16 h 00 TUPÃ FC X CA ASSISENSE Tupã
paulista_sub12_2026,Sub-12,5,164,16/mai,sáb,16 h 00,BATATAIS FC,BATATAIS FUTEBOL CLUBE,AA INTER BEBEDOURO,ASSOCIAÇÃO ATLÉTICA INTERNACIONAL BEBEDOURO,Batatais,scheduled,164 16/mai - sáb 16 h 00 BATATAIS FC X AA INTER BEBEDOURO Batatais
paulista_sub12_2026,Sub-12,5,165,16/mai,sáb,16 h 00,COMERCIAL FC - RP,COMERCIAL FUTEBOL CLUBE,I9 FUTEBOL CLUBE,I9 INTERNACIONAL ACADEMY,Ribeirão Preto,scheduled,165 16/mai - sáb 16 h 00 COMERCIAL FC - RP X I9 FUTEBOL CLUBE Ribeirão Preto
paulista_sub12_2026,Sub-12,5,166,16/mai,sáb,16 h 00,AA FRANCANA,ASSOCIAÇÃO ATLÉTICA FRANCANA,BOTAFOGO S/A,BOTAFOGO FUTEBOL S/A,Franca,scheduled,166 16/mai - sáb 16 h 00 AA FRANCANA X BOTAFOGO S/A Franca
paulista_sub12_2026,Sub-12,5,167,16/mai,sáb,16 h 00,LG FUTEBOL CLUBE,LG FUTEBOL CLUBE LTDA.,BARRETOS EC,BARRETOS ESPORTE CLUBE,Serrana,scheduled,167 16/mai - sáb 16 h 00 LG FUTEBOL CLUBE X BARRETOS EC Serrana
paulista_sub12_2026,Sub-12,5,168,16/mai,sáb,16 h 00,SE MATONENSE,SOCIEDADE ESPORTIVA MATONENSE,PORTO FOOT BALL LTDA,PORTO FOOT BALL LTDA.,Matão,scheduled,168 16/mai - sáb 16 h 00 SE MATONENSE X PORTO FOOT BALL LTDA Matão
paulista_sub12_2026,Sub-12,5,169,16/mai,sáb,16 h 00,RIO CLARO FC,RIO CLARO FUTEBOL CLUBE,SÃO CARLOS FL,SÃO CARLOS FUTEBOL LTDA.,Rio Claro,scheduled,169 16/mai - sáb 16 h 00 RIO CLARO FC X SÃO CARLOS FL Rio Claro
paulista_sub12_2026,Sub-12,5,170,16/mai,sáb,16 h 00,SPORT CLUBE AGUAÍ,SPORT CLUBE AGUAÍ,AE VELO CLUBE,ASSOCIAÇÃO ESPORTIVA VELO CLUBE RIOCLARENSE - RIO CLARO,Aguaí,scheduled,170 16/mai - sáb 16 h 00 SPORT CLUBE AGUAÍ X AE VELO CLUBE Aguaí
paulista_sub12_2026,Sub-12,5,171,16/mai,sáb,16 h 00,PALMEIRAS FC,PALMEIRAS FUTEBOL CLUBE,CA TAQUARITINGA,CLUBE ATLÉTICO TAQUARITINGA,São João da Boa Vista,scheduled,171 16/mai - sáb 16 h 00 PALMEIRAS FC X CA TAQUARITINGA São João da Boa Vista
paulista_sub12_2026,Sub-12,5,172,16/mai,sáb,16 h 00,AMPARO AC,AMPARO ATHÉTICO CLUB,AA INTER LIMEIRA,ASSOCIAÇÃO ATLÉTICA INTERNACIONAL LIMEIRA,Amparo,scheduled,172 16/mai - sáb 16 h 00 AMPARO AC X AA INTER LIMEIRA Amparo
paulista_sub12_2026,Sub-12,5,173,16/mai,sáb,16 h 00,RIO BRANCO EC,RIO BRANCO ESPORTE CLUBE,UA BARBARENSE FC,UNIÃO AGRÍCOLA BARBARENSE FUTEBOL CLUBE - SANTA BÁRBARA D'OESTE,Americana,scheduled,173 16/mai - sáb 16 h 00 RIO BRANCO EC X UA BARBARENSE FC Americana
paulista_sub12_2026,Sub-12,5,174,16/mai,sáb,16 h 00,MACABI HOLAMBRA,MACABI HOLAMBRA ESPORTE CLUBE,COSMOPOLITANO SPORTS,COSMOPOLITANO SPORTS LTDA.,Holambra,scheduled,174 16/mai - sáb 16 h 00 MACABI HOLAMBRA X COSMOPOLITANO SPORTS Holambra
paulista_sub12_2026,Sub-12,5,175,16/mai,sáb,16 h 00,INDEPENDENTE FC,INDEPENDENTE FUTEBOL CLUBE,GUARANI FC,GUARANI FUTEBOL CLUBE,Limeira,scheduled,175 16/mai - sáb 16 h 00 INDEPENDENTE FC X GUARANI FC Limeira
paulista_sub12_2026,Sub-12,5,176,16/mai,sáb,16 h 00,SC PAULINENSE,SPORTING CLUB PAULINENSE,SFERA SAF,SFERA SAF,Paulínia,scheduled,176 16/mai - sáb 16 h 00 SC PAULINENSE X SFERA SAF Paulínia
paulista_sub12_2026,Sub-12,5,177,16/mai,sáb,16 h 00,DS SPORTS LTDA,DIFFERENT SYSTEM SPORTS LTDA.,SÃO BERNARDO FC,SÃO BERNARDO FUTEBOL CLUBE LTDA.,Atibaia,scheduled,177 16/mai - sáb 16 h 00 DS SPORTS LTDA X SÃO BERNARDO FC Atibaia
paulista_sub12_2026,Sub-12,5,178,16/mai,sáb,16 h 00,VALINHOS EC,VALINHOS ESPORTE CLUBE LTDA.,RED BULL BRAGANTINO,RED BULL BRAGANTINO FUTEBOL LTDA.,Itatiba,scheduled,178 16/mai - sáb 16 h 00 VALINHOS EC X RED BULL BRAGANTINO Itatiba
paulista_sub12_2026,Sub-12,5,179,16/mai,sáb,16 h 00,VALINHOS HYPER FC S.A.F,VALINHOS HYPER FUTEBOL CLUBE SAF,PRIMAVERA SAF,PRIMAVERA SAF,Valinhos,scheduled,179 16/mai - sáb 16 h 00 VALINHOS HYPER FC S.A.F X PRIMAVERA SAF Valinhos
paulista_sub12_2026,Sub-12,5,180,16/mai,sáb,16 h 00,PAULISTA FC,PAULISTA FUTEBOL CLUBE LTDA.,ITAQUAQUECETUBA ATH.,ITAQUAQUECETUBA ATHLETICO CLUB LTDA.,Jundiaí,scheduled,180 16/mai - sáb 16 h 00 PAULISTA FC X ITAQUAQUECETUBA ATH. Jundiaí
paulista_sub12_2026,Sub-12,5,181,16/mai,sáb,16 h 00,COLORADO CAIEIRAS FC,COLORADO CAIEIRAS FUTEBOL CLUBE LTDA.,SE PALMEIRAS,SOCIEDADE ESPORTIVA PALMEIRAS,Caieiras,scheduled,181 16/mai - sáb 16 h 00 COLORADO CAIEIRAS FC X SE PALMEIRAS Caieiras
paulista_sub12_2026,Sub-12,5,182,16/mai,sáb,16 h 00,JUVENTUS SAF,JUVENTUS SAF,AD GUARULHOS,ASSOCIAÇÃO DESPORTIVA GUARULHOS,São Paulo,scheduled,182 16/mai - sáb 16 h 00 JUVENTUS SAF X AD GUARULHOS São Paulo
paulista_sub12_2026,Sub-12,5,183,16/mai,sáb,16 h 00,SALTO FC,SALTO FUTEBOL CLUBE,REAL SOCCER,ASSOCIAÇÃO ACADEMY REAL FUTEBOL CLUBE,Salto,scheduled,183 16/mai - sáb 16 h 00 SALTO FC X REAL SOCCER Salto
paulista_sub12_2026,Sub-12,5,184,16/mai,sáb,16 h 00,CLUBE VITAL SAF,CLUBE VITAL ACADEMIA DE FUTEBOL SAF,SÃO PAULO FC,SÃO PAULO FUTEBOL CLUBE,Ibiúna,scheduled,184 16/mai - sáb 16 h 00 CLUBE VITAL SAF X SÃO PAULO FC Ibiúna
paulista_sub12_2026,Sub-12,5,185,16/mai,sáb,16 h 00,EC SÃO BENTO,ESPORTE CLUBE SÃO BENTO,GO AUDAX,GRÊMIO OSASCO AUDAX ESPORTE CLUBE,Sorocaba,scheduled,185 16/mai - sáb 16 h 00 EC SÃO BENTO X GO AUDAX Sorocaba
paulista_sub12_2026,Sub-12,5,186,16/mai,sáb,16 h 00,UNIÃO SUZANO AC,UNIÃO SUZANO ATLÉTICO CLUBE,SÃO JOSÉ EC SAF,SÃO JOSÉ ESPORTE CLUBE SAF,Suzano,scheduled,186 16/mai - sáb 16 h 00 UNIÃO SUZANO AC X SÃO JOSÉ EC SAF Suzano
paulista_sub12_2026,Sub-12,5,187,16/mai,sáb,16 h 00,CA ATLÉTICO MOGI,CLUBE ATLÉTICO MOGI DAS CRUZES DE FUTEBOL LTDA.,EC TAUBATÉ,ESPORTE CLUBE TAUBATÉ,Mogi das Cruzes,scheduled,187 16/mai - sáb 16 h 00 CA ATLÉTICO MOGI X EC TAUBATÉ Mogi das Cruzes
paulista_sub12_2026,Sub-12,5,188,16/mai,sáb,16 h 00,FC PRIMEIRA CAMISA,FUTEBOL CLUBE PRIMEIRA CAMISA,ECUS SAF,ESPORTE CLUBE UNIÃO SUZANO SAF,São José dos Campos,scheduled,188 16/mai - sáb 16 h 00 FC PRIMEIRA CAMISA X ECUS SAF São José dos Campos
paulista_sub12_2026,Sub-12,5,189,16/mai,sáb,16 h 00,BARCELONA EC,BARCELONA ESPORTIVO CAPELA LTDA.,MAUÁ FUTEBOL TE,MAUÁ FUTEBOL TREINAMENTOS E ESPORTES LTDA.,São Caetano do Sul,scheduled,189 16/mai - sáb 16 h 00 BARCELONA EC X MAUÁ FUTEBOL TE São Caetano do Sul
paulista_sub12_2026,Sub-12,5,190,16/mai,sáb,16 h 00,AA PORTUGUESA,ASSOCIAÇÃO ATLÉTICA PORTUGUESA,JABAQUARA AC,JABAQUARA ATLÉTICO CLUBE,Santos,scheduled,190 16/mai - sáb 16 h 00 AA PORTUGUESA X JABAQUARA AC Santos
paulista_sub12_2026,Sub-12,5,191,16/mai,sáb,16 h 00,EC SÃO BERNARDO SAF,ESPORTE CLUBE SÃO BERNARDO SAF,SANTOS FC,SANTOS FUTEBOL CLUBE,São Bernardo do Campo,scheduled,191 16/mai - sáb 16 h 00 EC SÃO BERNARDO SAF X SANTOS FC São Bernardo do Campo
paulista_sub12_2026,Sub-12,5,192,17/mai,dom,16 h 00,AA FLAMENGO,ASSOCIAÇÃO ATLÉTICA FLAMENGO,PRATA DA CASA SAF,PRATA DA CASA SAF,Guarulhos,scheduled,192 17/mai - dom 16 h 00 AA FLAMENGO X PRATA DA CASA SAF Guarulhos
paulista_sub12_2026,Sub-12,5,193,17/mai,dom,16 h 00,VOTORATY FC,VOTORATY FUTEBOL CLUBE LTDA.,REFERÊNCIA FC SAF,REFERÊNCIA FUTEBOL CLUBE SAF,Votorantim,scheduled,193 17/mai - dom 16 h 00 VOTORATY FC X REFERÊNCIA FC SAF Votorantim
paulista_sub12_2026,Sub-12,5,194,17/mai,dom,16 h 00,AD MANTHIQUEIRA,ACADEMIA DESPORTIVA MANTHIQUEIRA FUTEBOL LTDA.,SC CORINTHIANS PTA,SPORT CLUB CORINTHIANS PAULISTA,Guaratinguetá,scheduled,194 17/mai - dom 16 h 00 AD MANTHIQUEIRA X SC CORINTHIANS PTA Guaratinguetá
paulista_sub12_2026,Sub-12,5,195,17/mai,dom,16 h 00,GE MAUAENSE,GRÊMIO ESPORTIVO MAUAENSE,SÃO CAETANO FL,SÃO CAETANO FUTEBOL LTDA.,Mauá,scheduled,195 17/mai - dom 16 h 00 GE MAUAENSE X SÃO CAETANO FL Mauá
paulista_sub12_2026,Sub-12,6,196,30/mai,sáb,16 h 00,JOSÉ BONIFÁCIO EC,JOSÉ BONIFÁCIO ESPORTE CLUBE,GR. CATANDUVENSE,GRÊMIO CATANDUVENSE DE FUTEBOL,José Bonifácio,scheduled,196 30/mai - sáb 16 h 00 JOSÉ BONIFÁCIO EC X GR. CATANDUVENSE José Bonifácio
paulista_sub12_2026,Sub-12,6,197,30/mai,sáb,16 h 00,MIRASSOL FC,MIRASSOL FUTEBOL CLUBE,CA PENAPOLENSE,CLUBE ATLÉTICO PENAPOLENSE,Bálsamo,scheduled,197 30/mai - sáb 16 h 00 MIRASSOL FC X CA PENAPOLENSE Bálsamo
paulista_sub12_2026,Sub-12,6,198,30/mai,sáb,16 h 00,OLÍMPIA FC,OLÍMPIA FUTEBOL CLUBE,SANTA FÉ FC,SANTA FÉ FUTEBOL CLUBE LTDA.,Olímpia,scheduled,198 30/mai - sáb 16 h 00 OLÍMPIA FC X SANTA FÉ FC Olímpia
paulista_sub12_2026,Sub-12,6,199,30/mai,sáb,16 h 00,CA LINENSE,CLUBE ATLÉTICO LINENSE,ARAÇATUBA FC SAF,ARAÇATUBA FUTEBOL CLUBE SAF,Lins,scheduled,199 30/mai - sáb 16 h 00 CA LINENSE X ARAÇATUBA FC SAF Lins
paulista_sub12_2026,Sub-12,6,200,30/mai,sáb,16 h 00,MARÍLIA AC,MARÍLIA ATLÉTICO CLUBE,TUPÃ FC,TUPÃ FUTEBOL CLUBE,Marília,scheduled,200 30/mai - sáb 16 h 00 MARÍLIA AC X TUPÃ FC Marília
paulista_sub12_2026,Sub-12,6,201,30/mai,sáb,16 h 00,EC NOROESTE SAF,ESPORTE CLUBE NOROESTE SAF,PRES. PRUDENTE FC,PRESIDENTE PRUDENTE FUTEBOL CLUBE,Iacanga,scheduled,201 30/mai - sáb 16 h 00 EC NOROESTE SAF X PRES. PRUDENTE FC Iacanga
paulista_sub12_2026,Sub-12,6,202,30/mai,sáb,16 h 00,EC XV DE JAÚ,ESPORTE CLUBE XV DE NOVEMBRO,AA ITARARÉ,ASSOCIAÇÃO ATLÉTICA ITARARÉ,Jaú,scheduled,202 30/mai - sáb 16 h 00 EC XV DE JAÚ X AA ITARARÉ Jaú
paulista_sub12_2026,Sub-12,6,203,30/mai,sáb,16 h 00,BATATAIS FC,BATATAIS FUTEBOL CLUBE,COMERCIAL FC - RP,COMERCIAL FUTEBOL CLUBE,Batatais,scheduled,203 30/mai - sáb 16 h 00 BATATAIS FC X COMERCIAL FC - RP Batatais
paulista_sub12_2026,Sub-12,6,204,30/mai,sáb,16 h 00,BOTAFOGO S/A,BOTAFOGO FUTEBOL S/A,BARRETOS EC,BARRETOS ESPORTE CLUBE,Ribeirão Preto,scheduled,204 30/mai - sáb 16 h 00 BOTAFOGO S/A X BARRETOS EC Ribeirão Preto
paulista_sub12_2026,Sub-12,6,205,30/mai,sáb,16 h 00,I9 FUTEBOL CLUBE,I9 INTERNACIONAL ACADEMY,AA FRANCANA,ASSOCIAÇÃO ATLÉTICA FRANCANA,Ribeirão Preto,scheduled,205 30/mai - sáb 16 h 00 I9 FUTEBOL CLUBE X AA FRANCANA Ribeirão Preto
paulista_sub12_2026,Sub-12,6,206,30/mai,sáb,16 h 00,AA INTER BEBEDOURO,ASSOCIAÇÃO ATLÉTICA INTERNACIONAL BEBEDOURO,LG FUTEBOL CLUBE,LG FUTEBOL CLUBE LTDA.,Bebedouro,scheduled,206 30/mai - sáb 16 h 00 AA INTER BEBEDOURO X LG FUTEBOL CLUBE Bebedouro
paulista_sub12_2026,Sub-12,6,207,30/mai,sáb,16 h 00,SE MATONENSE,SOCIEDADE ESPORTIVA MATONENSE,RIO CLARO FC,RIO CLARO FUTEBOL CLUBE,Matão,scheduled,207 30/mai - sáb 16 h 00 SE MATONENSE X RIO CLARO FC Matão
paulista_sub12_2026,Sub-12,6,208,30/mai,sáb,16 h 00,AE VELO CLUBE,ASSOCIAÇÃO ESPORTIVA VELO CLUBE RIOCLARENSE - RIO CLARO,CA TAQUARITINGA,CLUBE ATLÉTICO TAQUARITINGA,Rio Claro,scheduled,208 30/mai - sáb 16 h 00 AE VELO CLUBE X CA TAQUARITINGA Rio Claro
paulista_sub12_2026,Sub-12,6,209,30/mai,sáb,16 h 00,PORTO FOOT BALL LTDA,PORTO FOOT BALL LTDA.,PALMEIRAS FC,PALMEIRAS FUTEBOL CLUBE,Porto Ferreira,scheduled,209 30/mai - sáb 16 h 00 PORTO FOOT BALL LTDA X PALMEIRAS FC Porto Ferreira
paulista_sub12_2026,Sub-12,6,210,30/mai,sáb,16 h 00,AMPARO AC,AMPARO ATHÉTICO CLUB,RIO BRANCO EC,RIO BRANCO ESPORTE CLUBE,Amparo,scheduled,210 30/mai - sáb 16 h 00 AMPARO AC X RIO BRANCO EC Amparo
paulista_sub12_2026,Sub-12,6,211,30/mai,sáb,16 h 00,COSMOPOLITANO SPORTS,COSMOPOLITANO SPORTS LTDA.,GUARANI FC,GUARANI FUTEBOL CLUBE,Cosmópolis,scheduled,211 30/mai - sáb 16 h 00 COSMOPOLITANO SPORTS X GUARANI FC Cosmópolis
paulista_sub12_2026,Sub-12,6,212,30/mai,sáb,16 h 00,UA BARBARENSE FC,UNIÃO AGRÍCOLA BARBARENSE FUTEBOL CLUBE - SANTA BÁRBARA D'OESTE,MACABI HOLAMBRA,MACABI HOLAMBRA ESPORTE CLUBE,Santa Bárbara D'Oeste,scheduled,212 30/mai - sáb 16 h 00 UA BARBARENSE FC X MACABI HOLAMBRA Santa Bárbara D'Oeste
paulista_sub12_2026,Sub-12,6,213,30/mai,sáb,16 h 00,SC PAULINENSE,SPORTING CLUB PAULINENSE,DS SPORTS LTDA,DIFFERENT SYSTEM SPORTS LTDA.,Paulínia,scheduled,213 30/mai - sáb 16 h 00 SC PAULINENSE X DS SPORTS LTDA Paulínia
paulista_sub12_2026,Sub-12,6,214,30/mai,sáb,16 h 00,RED BULL BRAGANTINO,RED BULL BRAGANTINO FUTEBOL LTDA.,PRIMAVERA SAF,PRIMAVERA SAF,Atibaia,scheduled,214 30/mai - sáb 16 h 00 RED BULL BRAGANTINO X PRIMAVERA SAF Atibaia
paulista_sub12_2026,Sub-12,6,215,30/mai,sáb,16 h 00,SÃO BERNARDO FC,SÃO BERNARDO FUTEBOL CLUBE LTDA.,VALINHOS EC,VALINHOS ESPORTE CLUBE LTDA.,Itatiba,scheduled,215 30/mai - sáb 16 h 00 SÃO BERNARDO FC X VALINHOS EC Itatiba
paulista_sub12_2026,Sub-12,6,216,30/mai,sáb,16 h 00,SFERA SAF,SFERA SAF,VALINHOS HYPER FC S.A.F,VALINHOS HYPER FUTEBOL CLUBE SAF,Jarinu,scheduled,216 30/mai - sáb 16 h 00 SFERA SAF X VALINHOS HYPER FC S.A.F Jarinu
paulista_sub12_2026,Sub-12,6,217,30/mai,sáb,16 h 00,AA FLAMENGO,ASSOCIAÇÃO ATLÉTICA FLAMENGO,PAULISTA FC,PAULISTA FUTEBOL CLUBE LTDA.,Guarulhos,scheduled,217 30/mai - sáb 16 h 00 AA FLAMENGO X PAULISTA FC Guarulhos
paulista_sub12_2026,Sub-12,6,218,30/mai,sáb,16 h 00,SE PALMEIRAS,SOCIEDADE ESPORTIVA PALMEIRAS,AD GUARULHOS,ASSOCIAÇÃO DESPORTIVA GUARULHOS,Guarulhos,scheduled,218 30/mai - sáb 16 h 00 SE PALMEIRAS X AD GUARULHOS Guarulhos
paulista_sub12_2026,Sub-12,6,219,30/mai,sáb,16 h 00,ITAQUAQUECETUBA ATH.,ITAQUAQUECETUBA ATHLETICO CLUB LTDA.,COLORADO CAIEIRAS FC,COLORADO CAIEIRAS FUTEBOL CLUBE LTDA.,Itaquaquecetuba,scheduled,219 30/mai - sáb 16 h 00 ITAQUAQUECETUBA ATH. X COLORADO CAIEIRAS FC Itaquaquecetuba
paulista_sub12_2026,Sub-12,6,220,30/mai,sáb,16 h 00,PRATA DA CASA SAF,PRATA DA CASA SAF,JUVENTUS SAF,JUVENTUS SAF,São Paulo,scheduled,220 30/mai - sáb 16 h 00 PRATA DA CASA SAF X JUVENTUS SAF São Paulo
paulista_sub12_2026,Sub-12,6,221,30/mai,sáb,16 h 00,SALTO FC,SALTO FUTEBOL CLUBE,VOTORATY FC,VOTORATY FUTEBOL CLUBE LTDA.,Salto,scheduled,221 30/mai - sáb 16 h 00 SALTO FC X VOTORATY FC Salto
paulista_sub12_2026,Sub-12,6,222,30/mai,sáb,16 h 00,SÃO PAULO FC,SÃO PAULO FUTEBOL CLUBE,GO AUDAX,GRÊMIO OSASCO AUDAX ESPORTE CLUBE,Cotia,scheduled,222 30/mai - sáb 16 h 00 SÃO PAULO FC X GO AUDAX Cotia
paulista_sub12_2026,Sub-12,6,223,30/mai,sáb,16 h 00,REFERÊNCIA FC SAF,REFERÊNCIA FUTEBOL CLUBE SAF,CLUBE VITAL SAF,CLUBE VITAL ACADEMIA DE FUTEBOL SAF,Embu das Artes,scheduled,223 30/mai - sáb 16 h 00 REFERÊNCIA FC SAF X CLUBE VITAL SAF Embu das Artes
paulista_sub12_2026,Sub-12,6,224,30/mai,sáb,16 h 00,REAL SOCCER,ASSOCIAÇÃO ACADEMY REAL FUTEBOL CLUBE,EC SÃO BENTO,ESPORTE CLUBE SÃO BENTO,Sorocaba,scheduled,224 30/mai - sáb 16 h 00 REAL SOCCER X EC SÃO BENTO Sorocaba
paulista_sub12_2026,Sub-12,6,225,30/mai,sáb,16 h 00,UNIÃO SUZANO AC,UNIÃO SUZANO ATLÉTICO CLUBE,CA ATLÉTICO MOGI,CLUBE ATLÉTICO MOGI DAS CRUZES DE FUTEBOL LTDA.,Suzano,scheduled,225 30/mai - sáb 16 h 00 UNIÃO SUZANO AC X CA ATLÉTICO MOGI Suzano
paulista_sub12_2026,Sub-12,6,226,30/mai,sáb,16 h 00,SC CORINTHIANS PTA,SPORT CLUB CORINTHIANS PAULISTA,ECUS SAF,ESPORTE CLUBE UNIÃO SUZANO SAF,São Paulo,scheduled,226 30/mai - sáb 16 h 00 SC CORINTHIANS PTA X ECUS SAF São Paulo
paulista_sub12_2026,Sub-12,6,227,30/mai,sáb,16 h 00,EC TAUBATÉ,ESPORTE CLUBE TAUBATÉ,AD MANTHIQUEIRA,ACADEMIA DESPORTIVA MANTHIQUEIRA FUTEBOL LTDA.,Taubaté,scheduled,227 30/mai - sáb 16 h 00 EC TAUBATÉ X AD MANTHIQUEIRA Taubaté
paulista_sub12_2026,Sub-12,6,228,30/mai,sáb,16 h 00,SÃO JOSÉ EC SAF,SÃO JOSÉ ESPORTE CLUBE SAF,FC PRIMEIRA CAMISA,FUTEBOL CLUBE PRIMEIRA CAMISA,São José dos Campos,scheduled,228 30/mai - sáb 16 h 00 SÃO JOSÉ EC SAF X FC PRIMEIRA CAMISA São José dos Campos
paulista_sub12_2026,Sub-12,6,229,30/mai,sáb,16 h 00,BARCELONA EC,BARCELONA ESPORTIVO CAPELA LTDA.,AA PORTUGUESA,ASSOCIAÇÃO ATLÉTICA PORTUGUESA,São Caetano do Sul,scheduled,229 30/mai - sáb 16 h 00 BARCELONA EC X AA PORTUGUESA São Caetano do Sul
paulista_sub12_2026,Sub-12,6,230,30/mai,sáb,16 h 00,SANTOS FC,SANTOS FUTEBOL CLUBE,SÃO CAETANO FL,SÃO CAETANO FUTEBOL LTDA.,Santos,scheduled,230 30/mai - sáb 16 h 00 SANTOS FC X SÃO CAETANO FL Santos
paulista_sub12_2026,Sub-12,6,231,30/mai,sáb,16 h 00,JABAQUARA AC,JABAQUARA ATLÉTICO CLUBE,EC SÃO BERNARDO SAF,ESPORTE CLUBE SÃO BERNARDO SAF,Santos,scheduled,231 30/mai - sáb 16 h 00 JABAQUARA AC X EC SÃO BERNARDO SAF Santos
paulista_sub12_2026,Sub-12,6,232,31/mai,dom,16 h 00,SÃO CARLOS FL,SÃO CARLOS FUTEBOL LTDA.,SPORT CLUBE AGUAÍ,SPORT CLUBE AGUAÍ,São Carlos,scheduled,232 31/mai - dom 16 h 00 SÃO CARLOS FL X SPORT CLUBE AGUAÍ São Carlos
paulista_sub12_2026,Sub-12,6,233,31/mai,dom,16 h 00,AA INTER LIMEIRA,ASSOCIAÇÃO ATLÉTICA INTERNACIONAL LIMEIRA,INDEPENDENTE FC,INDEPENDENTE FUTEBOL CLUBE,Limeira,scheduled,233 31/mai - dom 16 h 00 AA INTER LIMEIRA X INDEPENDENTE FC Limeira
paulista_sub12_2026,Sub-12,6,234,31/mai,dom,16 h 00,MAUÁ FUTEBOL TE,MAUÁ FUTEBOL TREINAMENTOS E ESPORTES LTDA.,GE MAUAENSE,GRÊMIO ESPORTIVO MAUAENSE,Mauá,scheduled,234 31/mai - dom 16 h 00 MAUÁ FUTEBOL TE X GE MAUAENSE Mauá
paulista_sub12_2026,Sub-12,7,235,13/jun,sáb,16 h 00,SANTA FÉ FC,SANTA FÉ FUTEBOL CLUBE LTDA.,JOSÉ BONIFÁCIO EC,JOSÉ BONIFÁCIO ESPORTE CLUBE,Santa Fé do Sul,scheduled,235 13/jun - sáb 16 h 00 SANTA FÉ FC X JOSÉ BONIFÁCIO EC Santa Fé do Sul
paulista_sub12_2026,Sub-12,7,236,13/jun,sáb,16 h 00,CA PENAPOLENSE,CLUBE ATLÉTICO PENAPOLENSE,OLÍMPIA FC,OLÍMPIA FUTEBOL CLUBE,Penápolis,scheduled,236 13/jun - sáb 16 h 00 CA PENAPOLENSE X OLÍMPIA FC Penápolis
paulista_sub12_2026,Sub-12,7,237,13/jun,sáb,16 h 00,GR. CATANDUVENSE,GRÊMIO CATANDUVENSE DE FUTEBOL,CA LINENSE,CLUBE ATLÉTICO LINENSE,Catanduva,scheduled,237 13/jun - sáb 16 h 00 GR. CATANDUVENSE X CA LINENSE Catanduva
paulista_sub12_2026,Sub-12,7,238,13/jun,sáb,16 h 00,ARAÇATUBA FC SAF,ARAÇATUBA FUTEBOL CLUBE SAF,MIRASSOL FC,MIRASSOL FUTEBOL CLUBE,Araçatuba,scheduled,238 13/jun - sáb 16 h 00 ARAÇATUBA FC SAF X MIRASSOL FC Araçatuba
paulista_sub12_2026,Sub-12,7,239,13/jun,sáb,16 h 00,PRES. PRUDENTE FC,PRESIDENTE PRUDENTE FUTEBOL CLUBE,EC XV DE JAÚ,ESPORTE CLUBE XV DE NOVEMBRO,Presidente Prudente,scheduled,239 13/jun - sáb 16 h 00 PRES. PRUDENTE FC X EC XV DE JAÚ Presidente Prudente
paulista_sub12_2026,Sub-12,7,240,13/jun,sáb,16 h 00,TUPÃ FC,TUPÃ FUTEBOL CLUBE,EC NOROESTE SAF,ESPORTE CLUBE NOROESTE SAF,Tupã,scheduled,240 13/jun - sáb 16 h 00 TUPÃ FC X EC NOROESTE SAF Tupã
paulista_sub12_2026,Sub-12,7,241,13/jun,sáb,16 h 00,CA ASSISENSE,CLUBE ATLÉTICO ASSISENSE,MARÍLIA AC,MARÍLIA ATLÉTICO CLUBE,Assis,scheduled,241 13/jun - sáb 16 h 00 CA ASSISENSE X MARÍLIA AC Assis
paulista_sub12_2026,Sub-12,7,242,13/jun,sáb,16 h 00,AA FRANCANA,ASSOCIAÇÃO ATLÉTICA FRANCANA,BATATAIS FC,BATATAIS FUTEBOL CLUBE,Franca,scheduled,242 13/jun - sáb 16 h 00 AA FRANCANA X BATATAIS FC Franca
paulista_sub12_2026,Sub-12,7,243,13/jun,sáb,16 h 00,BARRETOS EC,BARRETOS ESPORTE CLUBE,I9 FUTEBOL CLUBE,I9 INTERNACIONAL ACADEMY,Barretos,scheduled,243 13/jun - sáb 16 h 00 BARRETOS EC X I9 FUTEBOL CLUBE Barretos
paulista_sub12_2026,Sub-12,7,244,13/jun,sáb,16 h 00,COMERCIAL FC - RP,COMERCIAL FUTEBOL CLUBE,AA INTER BEBEDOURO,ASSOCIAÇÃO ATLÉTICA INTERNACIONAL BEBEDOURO,Ribeirão Preto,scheduled,244 13/jun - sáb 16 h 00 COMERCIAL FC - RP X AA INTER BEBEDOURO Ribeirão Preto
paulista_sub12_2026,Sub-12,7,245,13/jun,sáb,16 h 00,LG FUTEBOL CLUBE,LG FUTEBOL CLUBE LTDA.,BOTAFOGO S/A,BOTAFOGO FUTEBOL S/A,Serrana,scheduled,245 13/jun - sáb 16 h 00 LG FUTEBOL CLUBE X BOTAFOGO S/A Serrana
paulista_sub12_2026,Sub-12,7,246,13/jun,sáb,16 h 00,SPORT CLUBE AGUAÍ,SPORT CLUBE AGUAÍ,SE MATONENSE,SOCIEDADE ESPORTIVA MATONENSE,Aguaí,scheduled,246 13/jun - sáb 16 h 00 SPORT CLUBE AGUAÍ X SE MATONENSE Aguaí
paulista_sub12_2026,Sub-12,7,247,13/jun,sáb,16 h 00,CA TAQUARITINGA,CLUBE ATLÉTICO TAQUARITINGA,SÃO CARLOS FL,SÃO CARLOS FUTEBOL LTDA.,Taquaritinga,scheduled,247 13/jun - sáb 16 h 00 CA TAQUARITINGA X SÃO CARLOS FL Taquaritinga
paulista_sub12_2026,Sub-12,7,248,13/jun,sáb,16 h 00,RIO CLARO FC,RIO CLARO FUTEBOL CLUBE,PORTO FOOT BALL LTDA,PORTO FOOT BALL LTDA.,Rio Claro,scheduled,248 13/jun - sáb 16 h 00 RIO CLARO FC X PORTO FOOT BALL LTDA Rio Claro
paulista_sub12_2026,Sub-12,7,249,13/jun,sáb,16 h 00,PALMEIRAS FC,PALMEIRAS FUTEBOL CLUBE,AE VELO CLUBE,ASSOCIAÇÃO ESPORTIVA VELO CLUBE RIOCLARENSE - RIO CLARO,São João da Boa Vista,scheduled,249 13/jun - sáb 16 h 00 PALMEIRAS FC X AE VELO CLUBE São João da Boa Vista
paulista_sub12_2026,Sub-12,7,250,13/jun,sáb,16 h 00,MACABI HOLAMBRA,MACABI HOLAMBRA ESPORTE CLUBE,AMPARO AC,AMPARO ATHÉTICO CLUB,Holambra,scheduled,250 13/jun - sáb 16 h 00 MACABI HOLAMBRA X AMPARO AC Holambra
paulista_sub12_2026,Sub-12,7,251,13/jun,sáb,16 h 00,GUARANI FC,GUARANI FUTEBOL CLUBE,UA BARBARENSE FC,UNIÃO AGRÍCOLA BARBARENSE FUTEBOL CLUBE - SANTA BÁRBARA D'OESTE,Amparo,scheduled,251 13/jun - sáb 16 h 00 GUARANI FC X UA BARBARENSE FC Amparo
paulista_sub12_2026,Sub-12,7,252,13/jun,sáb,16 h 00,RIO BRANCO EC,RIO BRANCO ESPORTE CLUBE,AA INTER LIMEIRA,ASSOCIAÇÃO ATLÉTICA INTERNACIONAL LIMEIRA,Americana,scheduled,252 13/jun - sáb 16 h 00 RIO BRANCO EC X AA INTER LIMEIRA Americana
paulista_sub12_2026,Sub-12,7,253,13/jun,sáb,16 h 00,INDEPENDENTE FC,INDEPENDENTE FUTEBOL CLUBE,COSMOPOLITANO SPORTS,COSMOPOLITANO SPORTS LTDA.,Limeira,scheduled,253 13/jun - sáb 16 h 00 INDEPENDENTE FC X COSMOPOLITANO SPORTS Limeira
paulista_sub12_2026,Sub-12,7,254,13/jun,sáb,16 h 00,VALINHOS EC,VALINHOS ESPORTE CLUBE LTDA.,SC PAULINENSE,SPORTING CLUB PAULINENSE,Itatiba,scheduled,254 13/jun - sáb 16 h 00 VALINHOS EC X SC PAULINENSE Itatiba
paulista_sub12_2026,Sub-12,7,255,13/jun,sáb,16 h 00,PRIMAVERA SAF,PRIMAVERA SAF,SÃO BERNARDO FC,SÃO BERNARDO FUTEBOL CLUBE LTDA.,Indaiatuba,scheduled,255 13/jun - sáb 16 h 00 PRIMAVERA SAF X SÃO BERNARDO FC Indaiatuba
paulista_sub12_2026,Sub-12,7,256,13/jun,sáb,16 h 00,DS SPORTS LTDA,DIFFERENT SYSTEM SPORTS LTDA.,SFERA SAF,SFERA SAF,Atibaia,scheduled,256 13/jun - sáb 16 h 00 DS SPORTS LTDA X SFERA SAF Atibaia
paulista_sub12_2026,Sub-12,7,257,13/jun,sáb,16 h 00,VALINHOS HYPER FC S.A.F,VALINHOS HYPER FUTEBOL CLUBE SAF,RED BULL BRAGANTINO,RED BULL BRAGANTINO FUTEBOL LTDA.,Valinhos,scheduled,257 13/jun - sáb 16 h 00 VALINHOS HYPER FC S.A.F X RED BULL BRAGANTINO Valinhos
paulista_sub12_2026,Sub-12,7,258,13/jun,sáb,16 h 00,COLORADO CAIEIRAS FC,COLORADO CAIEIRAS FUTEBOL CLUBE LTDA.,AA FLAMENGO,ASSOCIAÇÃO ATLÉTICA FLAMENGO,Caieiras,scheduled,258 13/jun - sáb 16 h 00 COLORADO CAIEIRAS FC X AA FLAMENGO Caieiras
paulista_sub12_2026,Sub-12,7,259,13/jun,sáb,16 h 00,AD GUARULHOS,ASSOCIAÇÃO DESPORTIVA GUARULHOS,ITAQUAQUECETUBA ATH.,ITAQUAQUECETUBA ATHLETICO CLUB LTDA.,Guarulhos,scheduled,259 13/jun - sáb 16 h 00 AD GUARULHOS X ITAQUAQUECETUBA ATH. Guarulhos
paulista_sub12_2026,Sub-12,7,260,13/jun,sáb,16 h 00,PAULISTA FC,PAULISTA FUTEBOL CLUBE LTDA.,PRATA DA CASA SAF,PRATA DA CASA SAF,Jundiaí,scheduled,260 13/jun - sáb 16 h 00 PAULISTA FC X PRATA DA CASA SAF Jundiaí
paulista_sub12_2026,Sub-12,7,261,13/jun,sáb,16 h 00,JUVENTUS SAF,JUVENTUS SAF,SE PALMEIRAS,SOCIEDADE ESPORTIVA PALMEIRAS,São Paulo,scheduled,261 13/jun - sáb 16 h 00 JUVENTUS SAF X SE PALMEIRAS São Paulo
paulista_sub12_2026,Sub-12,7,262,13/jun,sáb,16 h 00,CLUBE VITAL SAF,CLUBE VITAL ACADEMIA DE FUTEBOL SAF,SALTO FC,SALTO FUTEBOL CLUBE,Ibiúna,scheduled,262 13/jun - sáb 16 h 00 CLUBE VITAL SAF X SALTO FC Ibiúna
paulista_sub12_2026,Sub-12,7,263,13/jun,sáb,16 h 00,GO AUDAX,GRÊMIO OSASCO AUDAX ESPORTE CLUBE,REFERÊNCIA FC SAF,REFERÊNCIA FUTEBOL CLUBE SAF,Osasco,scheduled,263 13/jun - sáb 16 h 00 GO AUDAX X REFERÊNCIA FC SAF Osasco
paulista_sub12_2026,Sub-12,7,264,13/jun,sáb,16 h 00,EC SÃO BENTO,ESPORTE CLUBE SÃO BENTO,SÃO PAULO FC,SÃO PAULO FUTEBOL CLUBE,Sorocaba,scheduled,264 13/jun - sáb 16 h 00 EC SÃO BENTO X SÃO PAULO FC Sorocaba
paulista_sub12_2026,Sub-12,7,265,13/jun,sáb,16 h 00,AD MANTHIQUEIRA,ACADEMIA DESPORTIVA MANTHIQUEIRA FUTEBOL LTDA.,UNIÃO SUZANO AC,UNIÃO SUZANO ATLÉTICO CLUBE,Guaratinguetá,scheduled,265 13/jun - sáb 16 h 00 AD MANTHIQUEIRA X UNIÃO SUZANO AC Guaratinguetá
paulista_sub12_2026,Sub-12,7,266,13/jun,sáb,16 h 00,ECUS SAF,ESPORTE CLUBE UNIÃO SUZANO SAF,EC TAUBATÉ,ESPORTE CLUBE TAUBATÉ,Suzano,scheduled,266 13/jun - sáb 16 h 00 ECUS SAF X EC TAUBATÉ Suzano
paulista_sub12_2026,Sub-12,7,267,13/jun,sáb,16 h 00,CA ATLÉTICO MOGI,CLUBE ATLÉTICO MOGI DAS CRUZES DE FUTEBOL LTDA.,SÃO JOSÉ EC SAF,SÃO JOSÉ ESPORTE CLUBE SAF,Mogi das Cruzes,scheduled,267 13/jun - sáb 16 h 00 CA ATLÉTICO MOGI X SÃO JOSÉ EC SAF Mogi das Cruzes
paulista_sub12_2026,Sub-12,7,268,13/jun,sáb,16 h 00,FC PRIMEIRA CAMISA,FUTEBOL CLUBE PRIMEIRA CAMISA,SC CORINTHIANS PTA,SPORT CLUB CORINTHIANS PAULISTA,São José dos Campos,scheduled,268 13/jun - sáb 16 h 00 FC PRIMEIRA CAMISA X SC CORINTHIANS PTA São José dos Campos
paulista_sub12_2026,Sub-12,7,269,13/jun,sáb,16 h 00,EC SÃO BERNARDO SAF,ESPORTE CLUBE SÃO BERNARDO SAF,BARCELONA EC,BARCELONA ESPORTIVO CAPELA LTDA.,São Bernardo do Campo,scheduled,269 13/jun - sáb 16 h 00 EC SÃO BERNARDO SAF X BARCELONA EC São Bernardo do Campo
paulista_sub12_2026,Sub-12,7,270,13/jun,sáb,16 h 00,SÃO CAETANO FL,SÃO CAETANO FUTEBOL LTDA.,JABAQUARA AC,JABAQUARA ATLÉTICO CLUBE,São Caetano do Sul,scheduled,270 13/jun - sáb 16 h 00 SÃO CAETANO FL X JABAQUARA AC São Caetano do Sul
paulista_sub12_2026,Sub-12,7,271,13/jun,sáb,16 h 00,AA PORTUGUESA,ASSOCIAÇÃO ATLÉTICA PORTUGUESA,MAUÁ FUTEBOL TE,MAUÁ FUTEBOL TREINAMENTOS E ESPORTES LTDA.,Santos,scheduled,271 13/jun - sáb 16 h 00 AA PORTUGUESA X MAUÁ FUTEBOL TE Santos
paulista_sub12_2026,Sub-12,7,272,14/jun,dom,16 h 00,VOTORATY FC,VOTORATY FUTEBOL CLUBE LTDA.,REAL SOCCER,ASSOCIAÇÃO ACADEMY REAL FUTEBOL CLUBE,Votorantim,scheduled,272 14/jun - dom 16 h 00 VOTORATY FC X REAL SOCCER Votorantim
paulista_sub12_2026,Sub-12,7,273,14/jun,dom,16 h 00,GE MAUAENSE,GRÊMIO ESPORTIVO MAUAENSE,SANTOS FC,SANTOS FUTEBOL CLUBE,Mauá,scheduled,273 14/jun - dom 16 h 00 GE MAUAENSE X SANTOS FC Mauá
paulista_sub12_2026,Sub-12,8,274,27/jun,sáb,16 h 00,CA PENAPOLENSE,CLUBE ATLÉTICO PENAPOLENSE,JOSÉ BONIFÁCIO EC,JOSÉ BONIFÁCIO ESPORTE CLUBE,Penápolis,scheduled,274 27/jun - sáb 16 h 00 CA PENAPOLENSE X JOSÉ BONIFÁCIO EC Penápolis
paulista_sub12_2026,Sub-12,8,275,27/jun,sáb,16 h 00,MIRASSOL FC,MIRASSOL FUTEBOL CLUBE,OLÍMPIA FC,OLÍMPIA FUTEBOL CLUBE,Bálsamo,scheduled,275 27/jun - sáb 16 h 00 MIRASSOL FC X OLÍMPIA FC Bálsamo
paulista_sub12_2026,Sub-12,8,276,27/jun,sáb,16 h 00,SANTA FÉ FC,SANTA FÉ FUTEBOL CLUBE LTDA.,CA LINENSE,CLUBE ATLÉTICO LINENSE,Santa Fé do Sul,scheduled,276 27/jun - sáb 16 h 00 SANTA FÉ FC X CA LINENSE Santa Fé do Sul
paulista_sub12_2026,Sub-12,8,277,27/jun,sáb,16 h 00,ARAÇATUBA FC SAF,ARAÇATUBA FUTEBOL CLUBE SAF,GR. CATANDUVENSE,GRÊMIO CATANDUVENSE DE FUTEBOL,Araçatuba,scheduled,277 27/jun - sáb 16 h 00 ARAÇATUBA FC SAF X GR. CATANDUVENSE Araçatuba
paulista_sub12_2026,Sub-12,8,278,27/jun,sáb,16 h 00,PRES. PRUDENTE FC,PRESIDENTE PRUDENTE FUTEBOL CLUBE,AA ITARARÉ,ASSOCIAÇÃO ATLÉTICA ITARARÉ,Presidente Prudente,scheduled,278 27/jun - sáb 16 h 00 PRES. PRUDENTE FC X AA ITARARÉ Presidente Prudente
paulista_sub12_2026,Sub-12,8,279,27/jun,sáb,16 h 00,CA ASSISENSE,CLUBE ATLÉTICO ASSISENSE,EC NOROESTE SAF,ESPORTE CLUBE NOROESTE SAF,Assis,scheduled,279 27/jun - sáb 16 h 00 CA ASSISENSE X EC NOROESTE SAF Assis
paulista_sub12_2026,Sub-12,8,280,27/jun,sáb,16 h 00,TUPÃ FC,TUPÃ FUTEBOL CLUBE,EC XV DE JAÚ,ESPORTE CLUBE XV DE NOVEMBRO,Tupã,scheduled,280 27/jun - sáb 16 h 00 TUPÃ FC X EC XV DE JAÚ Tupã
paulista_sub12_2026,Sub-12,8,281,27/jun,sáb,16 h 00,BARRETOS EC,BARRETOS ESPORTE CLUBE,BATATAIS FC,BATATAIS FUTEBOL CLUBE,Barretos,scheduled,281 27/jun - sáb 16 h 00 BARRETOS EC X BATATAIS FC Barretos
paulista_sub12_2026,Sub-12,8,282,27/jun,sáb,16 h 00,BOTAFOGO S/A,BOTAFOGO FUTEBOL S/A,I9 FUTEBOL CLUBE,I9 INTERNACIONAL ACADEMY,Ribeirão Preto,scheduled,282 27/jun - sáb 16 h 00 BOTAFOGO S/A X I9 FUTEBOL CLUBE Ribeirão Preto
paulista_sub12_2026,Sub-12,8,283,27/jun,sáb,16 h 00,AA FRANCANA,ASSOCIAÇÃO ATLÉTICA FRANCANA,AA INTER BEBEDOURO,ASSOCIAÇÃO ATLÉTICA INTERNACIONAL BEBEDOURO,Franca,scheduled,283 27/jun - sáb 16 h 00 AA FRANCANA X AA INTER BEBEDOURO Franca
paulista_sub12_2026,Sub-12,8,284,27/jun,sáb,16 h 00,LG FUTEBOL CLUBE,LG FUTEBOL CLUBE LTDA.,COMERCIAL FC - RP,COMERCIAL FUTEBOL CLUBE,Serrana,scheduled,284 27/jun - sáb 16 h 00 LG FUTEBOL CLUBE X COMERCIAL FC - RP Serrana
paulista_sub12_2026,Sub-12,8,285,27/jun,sáb,16 h 00,CA TAQUARITINGA,CLUBE ATLÉTICO TAQUARITINGA,SE MATONENSE,SOCIEDADE ESPORTIVA MATONENSE,Taquaritinga,scheduled,285 27/jun - sáb 16 h 00 CA TAQUARITINGA X SE MATONENSE Taquaritinga
paulista_sub12_2026,Sub-12,8,286,27/jun,sáb,16 h 00,AE VELO CLUBE,ASSOCIAÇÃO ESPORTIVA VELO CLUBE RIOCLARENSE - RIO CLARO,SÃO CARLOS FL,SÃO CARLOS FUTEBOL LTDA.,Rio Claro,scheduled,286 27/jun - sáb 16 h 00 AE VELO CLUBE X SÃO CARLOS FL Rio Claro
paulista_sub12_2026,Sub-12,8,287,27/jun,sáb,16 h 00,SPORT CLUBE AGUAÍ,SPORT CLUBE AGUAÍ,PORTO FOOT BALL LTDA,PORTO FOOT BALL LTDA.,Aguaí,scheduled,287 27/jun - sáb 16 h 00 SPORT CLUBE AGUAÍ X PORTO FOOT BALL LTDA Aguaí
paulista_sub12_2026,Sub-12,8,288,27/jun,sáb,16 h 00,PALMEIRAS FC,PALMEIRAS FUTEBOL CLUBE,RIO CLARO FC,RIO CLARO FUTEBOL CLUBE,São João da Boa Vista,scheduled,288 27/jun - sáb 16 h 00 PALMEIRAS FC X RIO CLARO FC São João da Boa Vista
paulista_sub12_2026,Sub-12,8,289,27/jun,sáb,16 h 00,GUARANI FC,GUARANI FUTEBOL CLUBE,AMPARO AC,AMPARO ATHÉTICO CLUB,Amparo,scheduled,289 27/jun - sáb 16 h 00 GUARANI FC X AMPARO AC Amparo
paulista_sub12_2026,Sub-12,8,290,27/jun,sáb,16 h 00,COSMOPOLITANO SPORTS,COSMOPOLITANO SPORTS LTDA.,UA BARBARENSE FC,UNIÃO AGRÍCOLA BARBARENSE FUTEBOL CLUBE - SANTA BÁRBARA D'OESTE,Cosmópolis,scheduled,290 27/jun - sáb 16 h 00 COSMOPOLITANO SPORTS X UA BARBARENSE FC Cosmópolis
paulista_sub12_2026,Sub-12,8,291,27/jun,sáb,16 h 00,MACABI HOLAMBRA,MACABI HOLAMBRA ESPORTE CLUBE,AA INTER LIMEIRA,ASSOCIAÇÃO ATLÉTICA INTERNACIONAL LIMEIRA,Holambra,scheduled,291 27/jun - sáb 16 h 00 MACABI HOLAMBRA X AA INTER LIMEIRA Holambra
paulista_sub12_2026,Sub-12,8,292,27/jun,sáb,16 h 00,INDEPENDENTE FC,INDEPENDENTE FUTEBOL CLUBE,RIO BRANCO EC,RIO BRANCO ESPORTE CLUBE,Limeira,scheduled,292 27/jun - sáb 16 h 00 INDEPENDENTE FC X RIO BRANCO EC Limeira
paulista_sub12_2026,Sub-12,8,293,27/jun,sáb,16 h 00,PRIMAVERA SAF,PRIMAVERA SAF,SC PAULINENSE,SPORTING CLUB PAULINENSE,Indaiatuba,scheduled,293 27/jun - sáb 16 h 00 PRIMAVERA SAF X SC PAULINENSE Indaiatuba
paulista_sub12_2026,Sub-12,8,294,27/jun,sáb,16 h 00,RED BULL BRAGANTINO,RED BULL BRAGANTINO FUTEBOL LTDA.,SÃO BERNARDO FC,SÃO BERNARDO FUTEBOL CLUBE LTDA.,Atibaia,scheduled,294 27/jun - sáb 16 h 00 RED BULL BRAGANTINO X SÃO BERNARDO FC Atibaia
paulista_sub12_2026,Sub-12,8,295,27/jun,sáb,16 h 00,VALINHOS EC,VALINHOS ESPORTE CLUBE LTDA.,SFERA SAF,SFERA SAF,Itatiba,scheduled,295 27/jun - sáb 16 h 00 VALINHOS EC X SFERA SAF Itatiba
paulista_sub12_2026,Sub-12,8,296,27/jun,sáb,16 h 00,VALINHOS HYPER FC S.A.F,VALINHOS HYPER FUTEBOL CLUBE SAF,DS SPORTS LTDA,DIFFERENT SYSTEM SPORTS LTDA.,Valinhos,scheduled,296 27/jun - sáb 16 h 00 VALINHOS HYPER FC S.A.F X DS SPORTS LTDA Valinhos
paulista_sub12_2026,Sub-12,8,297,27/jun,sáb,16 h 00,AD GUARULHOS,ASSOCIAÇÃO DESPORTIVA GUARULHOS,AA FLAMENGO,ASSOCIAÇÃO ATLÉTICA FLAMENGO,Guarulhos,scheduled,297 27/jun - sáb 16 h 00 AD GUARULHOS X AA FLAMENGO Guarulhos
paulista_sub12_2026,Sub-12,8,298,27/jun,sáb,16 h 00,SE PALMEIRAS,SOCIEDADE ESPORTIVA PALMEIRAS,ITAQUAQUECETUBA ATH.,ITAQUAQUECETUBA ATHLETICO CLUB LTDA.,Guarulhos,scheduled,298 27/jun - sáb 16 h 00 SE PALMEIRAS X ITAQUAQUECETUBA ATH. Guarulhos
paulista_sub12_2026,Sub-12,8,299,27/jun,sáb,16 h 00,COLORADO CAIEIRAS FC,COLORADO CAIEIRAS FUTEBOL CLUBE LTDA.,PRATA DA CASA SAF,PRATA DA CASA SAF,Caieiras,scheduled,299 27/jun - sáb 16 h 00 COLORADO CAIEIRAS FC X PRATA DA CASA SAF Caieiras
paulista_sub12_2026,Sub-12,8,300,27/jun,sáb,16 h 00,JUVENTUS SAF,JUVENTUS SAF,PAULISTA FC,PAULISTA FUTEBOL CLUBE LTDA.,São Paulo,scheduled,300 27/jun - sáb 16 h 00 JUVENTUS SAF X PAULISTA FC São Paulo
paulista_sub12_2026,Sub-12,8,301,27/jun,sáb,16 h 00,GO AUDAX,GRÊMIO OSASCO AUDAX ESPORTE CLUBE,SALTO FC,SALTO FUTEBOL CLUBE,Osasco,scheduled,301 27/jun - sáb 16 h 00 GO AUDAX X SALTO FC Osasco
paulista_sub12_2026,Sub-12,8,302,27/jun,sáb,16 h 00,SÃO PAULO FC,SÃO PAULO FUTEBOL CLUBE,REFERÊNCIA FC SAF,REFERÊNCIA FUTEBOL CLUBE SAF,Cotia,scheduled,302 27/jun - sáb 16 h 00 SÃO PAULO FC X REFERÊNCIA FC SAF Cotia
paulista_sub12_2026,Sub-12,8,303,27/jun,sáb,16 h 00,CLUBE VITAL SAF,CLUBE VITAL ACADEMIA DE FUTEBOL SAF,REAL SOCCER,ASSOCIAÇÃO ACADEMY REAL FUTEBOL CLUBE,Ibiúna,scheduled,303 27/jun - sáb 16 h 00 CLUBE VITAL SAF X REAL SOCCER Ibiúna
paulista_sub12_2026,Sub-12,8,304,27/jun,sáb,16 h 00,EC SÃO BENTO,ESPORTE CLUBE SÃO BENTO,VOTORATY FC,VOTORATY FUTEBOL CLUBE LTDA.,Sorocaba,scheduled,304 27/jun - sáb 16 h 00 EC SÃO BENTO X VOTORATY FC Sorocaba
paulista_sub12_2026,Sub-12,8,305,27/jun,sáb,16 h 00,ECUS SAF,ESPORTE CLUBE UNIÃO SUZANO SAF,UNIÃO SUZANO AC,UNIÃO SUZANO ATLÉTICO CLUBE,Suzano,scheduled,305 27/jun - sáb 16 h 00 ECUS SAF X UNIÃO SUZANO AC Suzano
paulista_sub12_2026,Sub-12,8,306,27/jun,sáb,16 h 00,SC CORINTHIANS PTA,SPORT CLUB CORINTHIANS PAULISTA,EC TAUBATÉ,ESPORTE CLUBE TAUBATÉ,São Paulo,scheduled,306 27/jun - sáb 16 h 00 SC CORINTHIANS PTA X EC TAUBATÉ São Paulo
paulista_sub12_2026,Sub-12,8,307,27/jun,sáb,16 h 00,AD MANTHIQUEIRA,ACADEMIA DESPORTIVA MANTHIQUEIRA FUTEBOL LTDA.,SÃO JOSÉ EC SAF,SÃO JOSÉ ESPORTE CLUBE SAF,Guaratinguetá,scheduled,307 27/jun - sáb 16 h 00 AD MANTHIQUEIRA X SÃO JOSÉ EC SAF Guaratinguetá
paulista_sub12_2026,Sub-12,8,308,27/jun,sáb,16 h 00,FC PRIMEIRA CAMISA,FUTEBOL CLUBE PRIMEIRA CAMISA,CA ATLÉTICO MOGI,CLUBE ATLÉTICO MOGI DAS CRUZES DE FUTEBOL LTDA.,São José dos Campos,scheduled,308 27/jun - sáb 16 h 00 FC PRIMEIRA CAMISA X CA ATLÉTICO MOGI São José dos Campos
paulista_sub12_2026,Sub-12,8,309,27/jun,sáb,16 h 00,SÃO CAETANO FL,SÃO CAETANO FUTEBOL LTDA.,BARCELONA EC,BARCELONA ESPORTIVO CAPELA LTDA.,São Caetano do Sul,scheduled,309 27/jun - sáb 16 h 00 SÃO CAETANO FL X BARCELONA EC São Caetano do Sul
paulista_sub12_2026,Sub-12,8,310,27/jun,sáb,16 h 00,SANTOS FC,SANTOS FUTEBOL CLUBE,JABAQUARA AC,JABAQUARA ATLÉTICO CLUBE,Santos,scheduled,310 27/jun - sáb 16 h 00 SANTOS FC X JABAQUARA AC Santos
paulista_sub12_2026,Sub-12,8,311,27/jun,sáb,16 h 00,EC SÃO BERNARDO SAF,ESPORTE CLUBE SÃO BERNARDO SAF,MAUÁ FUTEBOL TE,MAUÁ FUTEBOL TREINAMENTOS E ESPORTES LTDA.,São Bernardo do Campo,scheduled,311 27/jun - sáb 16 h 00 EC SÃO BERNARDO SAF X MAUÁ FUTEBOL TE São Bernardo do Campo
paulista_sub12_2026,Sub-12,8,312,27/jun,sáb,16 h 00,GE MAUAENSE,GRÊMIO ESPORTIVO MAUAENSE,AA PORTUGUESA,ASSOCIAÇÃO ATLÉTICA PORTUGUESA,Mauá,scheduled,312 27/jun - sáb 16 h 00 GE MAUAENSE X AA PORTUGUESA Mauá
paulista_sub12_2026,Sub-12,9,313,04/jul,sáb,16 h 00,JOSÉ BONIFÁCIO EC,JOSÉ BONIFÁCIO ESPORTE CLUBE,MIRASSOL FC,MIRASSOL FUTEBOL CLUBE,José Bonifácio,scheduled,313 04/jul - sáb 16 h 00 JOSÉ BONIFÁCIO EC X MIRASSOL FC José Bonifácio
paulista_sub12_2026,Sub-12,9,314,04/jul,sáb,16 h 00,OLÍMPIA FC,OLÍMPIA FUTEBOL CLUBE,ARAÇATUBA FC SAF,ARAÇATUBA FUTEBOL CLUBE SAF,Olímpia,scheduled,314 04/jul - sáb 16 h 00 OLÍMPIA FC X ARAÇATUBA FC SAF Olímpia
paulista_sub12_2026,Sub-12,9,315,04/jul,sáb,16 h 00,CA LINENSE,CLUBE ATLÉTICO LINENSE,CA PENAPOLENSE,CLUBE ATLÉTICO PENAPOLENSE,Lins,scheduled,315 04/jul - sáb 16 h 00 CA LINENSE X CA PENAPOLENSE Lins
paulista_sub12_2026,Sub-12,9,316,04/jul,sáb,16 h 00,GR. CATANDUVENSE,GRÊMIO CATANDUVENSE DE FUTEBOL,SANTA FÉ FC,SANTA FÉ FUTEBOL CLUBE LTDA.,Catanduva,scheduled,316 04/jul - sáb 16 h 00 GR. CATANDUVENSE X SANTA FÉ FC Catanduva
paulista_sub12_2026,Sub-12,9,317,04/jul,sáb,16 h 00,AA ITARARÉ,ASSOCIAÇÃO ATLÉTICA ITARARÉ,TUPÃ FC,TUPÃ FUTEBOL CLUBE,Itararé,scheduled,317 04/jul - sáb 16 h 00 AA ITARARÉ X TUPÃ FC Itararé
paulista_sub12_2026,Sub-12,9,318,04/jul,sáb,16 h 00,EC NOROESTE SAF,ESPORTE CLUBE NOROESTE SAF,MARÍLIA AC,MARÍLIA ATLÉTICO CLUBE,Iacanga,scheduled,318 04/jul - sáb 16 h 00 EC NOROESTE SAF X MARÍLIA AC Iacanga
paulista_sub12_2026,Sub-12,9,319,04/jul,sáb,16 h 00,EC XV DE JAÚ,ESPORTE CLUBE XV DE NOVEMBRO,CA ASSISENSE,CLUBE ATLÉTICO ASSISENSE,Jaú,scheduled,319 04/jul - sáb 16 h 00 EC XV DE JAÚ X CA ASSISENSE Jaú
paulista_sub12_2026,Sub-12,9,320,04/jul,sáb,16 h 00,BATATAIS FC,BATATAIS FUTEBOL CLUBE,BOTAFOGO S/A,BOTAFOGO FUTEBOL S/A,Batatais,scheduled,320 04/jul - sáb 16 h 00 BATATAIS FC X BOTAFOGO S/A Batatais
paulista_sub12_2026,Sub-12,9,321,04/jul,sáb,16 h 00,I9 FUTEBOL CLUBE,I9 INTERNACIONAL ACADEMY,LG FUTEBOL CLUBE,LG FUTEBOL CLUBE LTDA.,Ribeirão Preto,scheduled,321 04/jul - sáb 16 h 00 I9 FUTEBOL CLUBE X LG FUTEBOL CLUBE Ribeirão Preto
paulista_sub12_2026,Sub-12,9,322,04/jul,sáb,16 h 00,AA INTER BEBEDOURO,ASSOCIAÇÃO ATLÉTICA INTERNACIONAL BEBEDOURO,BARRETOS EC,BARRETOS ESPORTE CLUBE,Bebedouro,scheduled,322 04/jul - sáb 16 h 00 AA INTER BEBEDOURO X BARRETOS EC Bebedouro
paulista_sub12_2026,Sub-12,9,323,04/jul,sáb,16 h 00,COMERCIAL FC - RP,COMERCIAL FUTEBOL CLUBE,AA FRANCANA,ASSOCIAÇÃO ATLÉTICA FRANCANA,Ribeirão Preto,scheduled,323 04/jul - sáb 16 h 00 COMERCIAL FC - RP X AA FRANCANA Ribeirão Preto
paulista_sub12_2026,Sub-12,9,324,04/jul,sáb,16 h 00,SE MATONENSE,SOCIEDADE ESPORTIVA MATONENSE,AE VELO CLUBE,ASSOCIAÇÃO ESPORTIVA VELO CLUBE RIOCLARENSE - RIO CLARO,Matão,scheduled,324 04/jul - sáb 16 h 00 SE MATONENSE X AE VELO CLUBE Matão
paulista_sub12_2026,Sub-12,9,325,04/jul,sáb,16 h 00,SÃO CARLOS FL,SÃO CARLOS FUTEBOL LTDA.,PALMEIRAS FC,PALMEIRAS FUTEBOL CLUBE,São Carlos,scheduled,325 04/jul - sáb 16 h 00 SÃO CARLOS FL X PALMEIRAS FC São Carlos
paulista_sub12_2026,Sub-12,9,326,04/jul,sáb,16 h 00,PORTO FOOT BALL LTDA,PORTO FOOT BALL LTDA.,CA TAQUARITINGA,CLUBE ATLÉTICO TAQUARITINGA,Porto Ferreira,scheduled,326 04/jul - sáb 16 h 00 PORTO FOOT BALL LTDA X CA TAQUARITINGA Porto Ferreira
paulista_sub12_2026,Sub-12,9,327,04/jul,sáb,16 h 00,RIO CLARO FC,RIO CLARO FUTEBOL CLUBE,SPORT CLUBE AGUAÍ,SPORT CLUBE AGUAÍ,Rio Claro,scheduled,327 04/jul - sáb 16 h 00 RIO CLARO FC X SPORT CLUBE AGUAÍ Rio Claro
paulista_sub12_2026,Sub-12,9,328,04/jul,sáb,16 h 00,AMPARO AC,AMPARO ATHÉTICO CLUB,COSMOPOLITANO SPORTS,COSMOPOLITANO SPORTS LTDA.,Amparo,scheduled,328 04/jul - sáb 16 h 00 AMPARO AC X COSMOPOLITANO SPORTS Amparo
paulista_sub12_2026,Sub-12,9,329,04/jul,sáb,16 h 00,UA BARBARENSE FC,UNIÃO AGRÍCOLA BARBARENSE FUTEBOL CLUBE - SANTA BÁRBARA D'OESTE,INDEPENDENTE FC,INDEPENDENTE FUTEBOL CLUBE,Santa Bárbara D'Oeste,scheduled,329 04/jul - sáb 16 h 00 UA BARBARENSE FC X INDEPENDENTE FC Santa Bárbara D'Oeste
paulista_sub12_2026,Sub-12,9,330,04/jul,sáb,16 h 00,AA INTER LIMEIRA,ASSOCIAÇÃO ATLÉTICA INTERNACIONAL LIMEIRA,GUARANI FC,GUARANI FUTEBOL CLUBE,Limeira,scheduled,330 04/jul - sáb 16 h 00 AA INTER LIMEIRA X GUARANI FC Limeira
paulista_sub12_2026,Sub-12,9,331,04/jul,sáb,16 h 00,RIO BRANCO EC,RIO BRANCO ESPORTE CLUBE,MACABI HOLAMBRA,MACABI HOLAMBRA ESPORTE CLUBE,Americana,scheduled,331 04/jul - sáb 16 h 00 RIO BRANCO EC X MACABI HOLAMBRA Americana
paulista_sub12_2026,Sub-12,9,332,04/jul,sáb,16 h 00,SC PAULINENSE,SPORTING CLUB PAULINENSE,RED BULL BRAGANTINO,RED BULL BRAGANTINO FUTEBOL LTDA.,Paulínia,scheduled,332 04/jul - sáb 16 h 00 SC PAULINENSE X RED BULL BRAGANTINO Paulínia
paulista_sub12_2026,Sub-12,9,333,04/jul,sáb,16 h 00,SÃO BERNARDO FC,SÃO BERNARDO FUTEBOL CLUBE LTDA.,VALINHOS HYPER FC S.A.F,VALINHOS HYPER FUTEBOL CLUBE SAF,Itatiba,scheduled,333 04/jul - sáb 16 h 00 SÃO BERNARDO FC X VALINHOS HYPER FC S.A.F Itatiba
paulista_sub12_2026,Sub-12,9,334,04/jul,sáb,16 h 00,SFERA SAF,SFERA SAF,PRIMAVERA SAF,PRIMAVERA SAF,Jarinu,scheduled,334 04/jul - sáb 16 h 00 SFERA SAF X PRIMAVERA SAF Jarinu
paulista_sub12_2026,Sub-12,9,335,04/jul,sáb,16 h 00,DS SPORTS LTDA,DIFFERENT SYSTEM SPORTS LTDA.,VALINHOS EC,VALINHOS ESPORTE CLUBE LTDA.,Atibaia,scheduled,335 04/jul - sáb 16 h 00 DS SPORTS LTDA X VALINHOS EC Atibaia
paulista_sub12_2026,Sub-12,9,336,04/jul,sáb,16 h 00,AA FLAMENGO,ASSOCIAÇÃO ATLÉTICA FLAMENGO,SE PALMEIRAS,SOCIEDADE ESPORTIVA PALMEIRAS,Guarulhos,scheduled,336 04/jul - sáb 16 h 00 AA FLAMENGO X SE PALMEIRAS Guarulhos
paulista_sub12_2026,Sub-12,9,337,04/jul,sáb,16 h 00,ITAQUAQUECETUBA ATH.,ITAQUAQUECETUBA ATHLETICO CLUB LTDA.,JUVENTUS SAF,JUVENTUS SAF,Itaquaquecetuba,scheduled,337 04/jul - sáb 16 h 00 ITAQUAQUECETUBA ATH. X JUVENTUS SAF Itaquaquecetuba
paulista_sub12_2026,Sub-12,9,338,04/jul,sáb,16 h 00,PRATA DA CASA SAF,PRATA DA CASA SAF,AD GUARULHOS,ASSOCIAÇÃO DESPORTIVA GUARULHOS,São Paulo,scheduled,338 04/jul - sáb 16 h 00 PRATA DA CASA SAF X AD GUARULHOS São Paulo
paulista_sub12_2026,Sub-12,9,339,04/jul,sáb,16 h 00,PAULISTA FC,PAULISTA FUTEBOL CLUBE LTDA.,COLORADO CAIEIRAS FC,COLORADO CAIEIRAS FUTEBOL CLUBE LTDA.,Jundiaí,scheduled,339 04/jul - sáb 16 h 00 PAULISTA FC X COLORADO CAIEIRAS FC Jundiaí
paulista_sub12_2026,Sub-12,9,340,04/jul,sáb,16 h 00,SALTO FC,SALTO FUTEBOL CLUBE,SÃO PAULO FC,SÃO PAULO FUTEBOL CLUBE,Salto,scheduled,340 04/jul - sáb 16 h 00 SALTO FC X SÃO PAULO FC Salto
paulista_sub12_2026,Sub-12,9,341,04/jul,sáb,16 h 00,REFERÊNCIA FC SAF,REFERÊNCIA FUTEBOL CLUBE SAF,EC SÃO BENTO,ESPORTE CLUBE SÃO BENTO,Embu das Artes,scheduled,341 04/jul - sáb 16 h 00 REFERÊNCIA FC SAF X EC SÃO BENTO Embu das Artes
paulista_sub12_2026,Sub-12,9,342,04/jul,sáb,16 h 00,REAL SOCCER,ASSOCIAÇÃO ACADEMY REAL FUTEBOL CLUBE,GO AUDAX,GRÊMIO OSASCO AUDAX ESPORTE CLUBE,Sorocaba,scheduled,342 04/jul - sáb 16 h 00 REAL SOCCER X GO AUDAX Sorocaba
paulista_sub12_2026,Sub-12,9,343,04/jul,sáb,16 h 00,VOTORATY FC,VOTORATY FUTEBOL CLUBE LTDA.,CLUBE VITAL SAF,CLUBE VITAL ACADEMIA DE FUTEBOL SAF,Votorantim,scheduled,343 04/jul - sáb 16 h 00 VOTORATY FC X CLUBE VITAL SAF Votorantim
paulista_sub12_2026,Sub-12,9,344,04/jul,sáb,16 h 00,UNIÃO SUZANO AC,UNIÃO SUZANO ATLÉTICO CLUBE,SC CORINTHIANS PTA,SPORT CLUB CORINTHIANS PAULISTA,Suzano,scheduled,344 04/jul - sáb 16 h 00 UNIÃO SUZANO AC X SC CORINTHIANS PTA Suzano
paulista_sub12_2026,Sub-12,9,345,04/jul,sáb,16 h 00,EC TAUBATÉ,ESPORTE CLUBE TAUBATÉ,FC PRIMEIRA CAMISA,FUTEBOL CLUBE PRIMEIRA CAMISA,Taubaté,scheduled,345 04/jul - sáb 16 h 00 EC TAUBATÉ X FC PRIMEIRA CAMISA Taubaté
paulista_sub12_2026,Sub-12,9,346,04/jul,sáb,16 h 00,SÃO JOSÉ EC SAF,SÃO JOSÉ ESPORTE CLUBE SAF,ECUS SAF,ESPORTE CLUBE UNIÃO SUZANO SAF,São José dos Campos,scheduled,346 04/jul - sáb 16 h 00 SÃO JOSÉ EC SAF X ECUS SAF São José dos Campos
paulista_sub12_2026,Sub-12,9,347,04/jul,sáb,16 h 00,CA ATLÉTICO MOGI,CLUBE ATLÉTICO MOGI DAS CRUZES DE FUTEBOL LTDA.,AD MANTHIQUEIRA,ACADEMIA DESPORTIVA MANTHIQUEIRA FUTEBOL LTDA.,Mogi das Cruzes,scheduled,347 04/jul - sáb 16 h 00 CA ATLÉTICO MOGI X AD MANTHIQUEIRA Mogi das Cruzes
paulista_sub12_2026,Sub-12,9,348,04/jul,sáb,16 h 00,BARCELONA EC,BARCELONA ESPORTIVO CAPELA LTDA.,SANTOS FC,SANTOS FUTEBOL CLUBE,São Caetano do Sul,scheduled,348 04/jul - sáb 16 h 00 BARCELONA EC X SANTOS FC São Caetano do Sul
paulista_sub12_2026,Sub-12,9,349,04/jul,sáb,16 h 00,JABAQUARA AC,JABAQUARA ATLÉTICO CLUBE,GE MAUAENSE,GRÊMIO ESPORTIVO MAUAENSE,Santos,scheduled,349 04/jul - sáb 16 h 00 JABAQUARA AC X GE MAUAENSE Santos
paulista_sub12_2026,Sub-12,9,350,04/jul,sáb,16 h 00,MAUÁ FUTEBOL TE,MAUÁ FUTEBOL TREINAMENTOS E ESPORTES LTDA.,SÃO CAETANO FL,SÃO CAETANO FUTEBOL LTDA.,Mauá,scheduled,350 04/jul - sáb 16 h 00 MAUÁ FUTEBOL TE X SÃO CAETANO FL Mauá
paulista_sub12_2026,Sub-12,9,351,04/jul,sáb,16 h 00,AA PORTUGUESA,ASSOCIAÇÃO ATLÉTICA PORTUGUESA,EC SÃO BERNARDO SAF,ESPORTE CLUBE SÃO BERNARDO SAF,Santos,scheduled,351 04/jul - sáb 16 h 00 AA PORTUGUESA X EC SÃO BERNARDO SAF Santos
paulista_sub12_2026,Sub-12,10,352,25/jul,sáb,16 h 00,OLÍMPIA FC,OLÍMPIA FUTEBOL CLUBE,JOSÉ BONIFÁCIO EC,JOSÉ BONIFÁCIO ESPORTE CLUBE,Olímpia,scheduled,352 25/jul - sáb 16 h 00 OLÍMPIA FC X JOSÉ BONIFÁCIO EC Olímpia
paulista_sub12_2026,Sub-12,10,353,25/jul,sáb,16 h 00,MIRASSOL FC,MIRASSOL FUTEBOL CLUBE,CA LINENSE,CLUBE ATLÉTICO LINENSE,Bálsamo,scheduled,353 25/jul - sáb 16 h 00 MIRASSOL FC X CA LINENSE Bálsamo
paulista_sub12_2026,Sub-12,10,354,25/jul,sáb,16 h 00,CA PENAPOLENSE,CLUBE ATLÉTICO PENAPOLENSE,GR. CATANDUVENSE,GRÊMIO CATANDUVENSE DE FUTEBOL,Penápolis,scheduled,354 25/jul - sáb 16 h 00 CA PENAPOLENSE X GR. CATANDUVENSE Penápolis
paulista_sub12_2026,Sub-12,10,355,25/jul,sáb,16 h 00,ARAÇATUBA FC SAF,ARAÇATUBA FUTEBOL CLUBE SAF,SANTA FÉ FC,SANTA FÉ FUTEBOL CLUBE LTDA.,Araçatuba,scheduled,355 25/jul - sáb 16 h 00 ARAÇATUBA FC SAF X SANTA FÉ FC Araçatuba
paulista_sub12_2026,Sub-12,10,356,25/jul,sáb,16 h 00,CA ASSISENSE,CLUBE ATLÉTICO ASSISENSE,AA ITARARÉ,ASSOCIAÇÃO ATLÉTICA ITARARÉ,Assis,scheduled,356 25/jul - sáb 16 h 00 CA ASSISENSE X AA ITARARÉ Assis
paulista_sub12_2026,Sub-12,10,357,25/jul,sáb,16 h 00,TUPÃ FC,TUPÃ FUTEBOL CLUBE,PRES. PRUDENTE FC,PRESIDENTE PRUDENTE FUTEBOL CLUBE,Tupã,scheduled,357 25/jul - sáb 16 h 00 TUPÃ FC X PRES. PRUDENTE FC Tupã
paulista_sub12_2026,Sub-12,10,358,25/jul,sáb,16 h 00,MARÍLIA AC,MARÍLIA ATLÉTICO CLUBE,EC XV DE JAÚ,ESPORTE CLUBE XV DE NOVEMBRO,Marília,scheduled,358 25/jul - sáb 16 h 00 MARÍLIA AC X EC XV DE JAÚ Marília
paulista_sub12_2026,Sub-12,10,359,25/jul,sáb,16 h 00,I9 FUTEBOL CLUBE,I9 INTERNACIONAL ACADEMY,BATATAIS FC,BATATAIS FUTEBOL CLUBE,Ribeirão Preto,scheduled,359 25/jul - sáb 16 h 00 I9 FUTEBOL CLUBE X BATATAIS FC Ribeirão Preto
paulista_sub12_2026,Sub-12,10,360,25/jul,sáb,16 h 00,BOTAFOGO S/A,BOTAFOGO FUTEBOL S/A,AA INTER BEBEDOURO,ASSOCIAÇÃO ATLÉTICA INTERNACIONAL BEBEDOURO,Ribeirão Preto,scheduled,360 25/jul - sáb 16 h 00 BOTAFOGO S/A X AA INTER BEBEDOURO Ribeirão Preto
paulista_sub12_2026,Sub-12,10,361,25/jul,sáb,16 h 00,BARRETOS EC,BARRETOS ESPORTE CLUBE,COMERCIAL FC - RP,COMERCIAL FUTEBOL CLUBE,Barretos,scheduled,361 25/jul - sáb 16 h 00 BARRETOS EC X COMERCIAL FC - RP Barretos
paulista_sub12_2026,Sub-12,10,362,25/jul,sáb,16 h 00,LG FUTEBOL CLUBE,LG FUTEBOL CLUBE LTDA.,AA FRANCANA,ASSOCIAÇÃO ATLÉTICA FRANCANA,Serrana,scheduled,362 25/jul - sáb 16 h 00 LG FUTEBOL CLUBE X AA FRANCANA Serrana
paulista_sub12_2026,Sub-12,10,363,25/jul,sáb,16 h 00,SÃO CARLOS FL,SÃO CARLOS FUTEBOL LTDA.,SE MATONENSE,SOCIEDADE ESPORTIVA MATONENSE,São Carlos,scheduled,363 25/jul - sáb 16 h 00 SÃO CARLOS FL X SE MATONENSE São Carlos
paulista_sub12_2026,Sub-12,10,364,25/jul,sáb,16 h 00,AE VELO CLUBE,ASSOCIAÇÃO ESPORTIVA VELO CLUBE RIOCLARENSE - RIO CLARO,PORTO FOOT BALL LTDA,PORTO FOOT BALL LTDA.,Rio Claro,scheduled,364 25/jul - sáb 16 h 00 AE VELO CLUBE X PORTO FOOT BALL LTDA Rio Claro
paulista_sub12_2026,Sub-12,10,365,25/jul,sáb,16 h 00,CA TAQUARITINGA,CLUBE ATLÉTICO TAQUARITINGA,RIO CLARO FC,RIO CLARO FUTEBOL CLUBE,Taquaritinga,scheduled,365 25/jul - sáb 16 h 00 CA TAQUARITINGA X RIO CLARO FC Taquaritinga
paulista_sub12_2026,Sub-12,10,366,25/jul,sáb,16 h 00,PALMEIRAS FC,PALMEIRAS FUTEBOL CLUBE,SPORT CLUBE AGUAÍ,SPORT CLUBE AGUAÍ,São João da Boa Vista,scheduled,366 25/jul - sáb 16 h 00 PALMEIRAS FC X SPORT CLUBE AGUAÍ São João da Boa Vista
paulista_sub12_2026,Sub-12,10,367,25/jul,sáb,16 h 00,UA BARBARENSE FC,UNIÃO AGRÍCOLA BARBARENSE FUTEBOL CLUBE - SANTA BÁRBARA D'OESTE,AMPARO AC,AMPARO ATHÉTICO CLUB,Santa Bárbara D'Oeste,scheduled,367 25/jul - sáb 16 h 00 UA BARBARENSE FC X AMPARO AC Santa Bárbara D'Oeste
paulista_sub12_2026,Sub-12,10,368,25/jul,sáb,16 h 00,COSMOPOLITANO SPORTS,COSMOPOLITANO SPORTS LTDA.,AA INTER LIMEIRA,ASSOCIAÇÃO ATLÉTICA INTERNACIONAL LIMEIRA,Cosmópolis,scheduled,368 25/jul - sáb 16 h 00 COSMOPOLITANO SPORTS X AA INTER LIMEIRA Cosmópolis
paulista_sub12_2026,Sub-12,10,369,25/jul,sáb,16 h 00,GUARANI FC,GUARANI FUTEBOL CLUBE,RIO BRANCO EC,RIO BRANCO ESPORTE CLUBE,Amparo,scheduled,369 25/jul - sáb 16 h 00 GUARANI FC X RIO BRANCO EC Amparo
paulista_sub12_2026,Sub-12,10,370,25/jul,sáb,16 h 00,INDEPENDENTE FC,INDEPENDENTE FUTEBOL CLUBE,MACABI HOLAMBRA,MACABI HOLAMBRA ESPORTE CLUBE,Limeira,scheduled,370 25/jul - sáb 16 h 00 INDEPENDENTE FC X MACABI HOLAMBRA Limeira
paulista_sub12_2026,Sub-12,10,371,25/jul,sáb,16 h 00,SÃO BERNARDO FC,SÃO BERNARDO FUTEBOL CLUBE LTDA.,SC PAULINENSE,SPORTING CLUB PAULINENSE,Itatiba,scheduled,371 25/jul - sáb 16 h 00 SÃO BERNARDO FC X SC PAULINENSE Itatiba
paulista_sub12_2026,Sub-12,10,372,25/jul,sáb,16 h 00,RED BULL BRAGANTINO,RED BULL BRAGANTINO FUTEBOL LTDA.,SFERA SAF,SFERA SAF,Atibaia,scheduled,372 25/jul - sáb 16 h 00 RED BULL BRAGANTINO X SFERA SAF Atibaia
paulista_sub12_2026,Sub-12,10,373,25/jul,sáb,16 h 00,PRIMAVERA SAF,PRIMAVERA SAF,DS SPORTS LTDA,DIFFERENT SYSTEM SPORTS LTDA.,Indaiatuba,scheduled,373 25/jul - sáb 16 h 00 PRIMAVERA SAF X DS SPORTS LTDA Indaiatuba
paulista_sub12_2026,Sub-12,10,374,25/jul,sáb,16 h 00,VALINHOS HYPER FC S.A.F,VALINHOS HYPER FUTEBOL CLUBE SAF,VALINHOS EC,VALINHOS ESPORTE CLUBE LTDA.,Valinhos,scheduled,374 25/jul - sáb 16 h 00 VALINHOS HYPER FC S.A.F X VALINHOS EC Valinhos
paulista_sub12_2026,Sub-12,10,375,25/jul,sáb,16 h 00,ITAQUAQUECETUBA ATH.,ITAQUAQUECETUBA ATHLETICO CLUB LTDA.,AA FLAMENGO,ASSOCIAÇÃO ATLÉTICA FLAMENGO,Itaquaquecetuba,scheduled,375 25/jul - sáb 16 h 00 ITAQUAQUECETUBA ATH. X AA FLAMENGO Itaquaquecetuba
paulista_sub12_2026,Sub-12,10,376,25/jul,sáb,16 h 00,SE PALMEIRAS,SOCIEDADE ESPORTIVA PALMEIRAS,PRATA DA CASA SAF,PRATA DA CASA SAF,Guarulhos,scheduled,376 25/jul - sáb 16 h 00 SE PALMEIRAS X PRATA DA CASA SAF Guarulhos
paulista_sub12_2026,Sub-12,10,377,25/jul,sáb,16 h 00,AD GUARULHOS,ASSOCIAÇÃO DESPORTIVA GUARULHOS,PAULISTA FC,PAULISTA FUTEBOL CLUBE LTDA.,Guarulhos,scheduled,377 25/jul - sáb 16 h 00 AD GUARULHOS X PAULISTA FC Guarulhos
paulista_sub12_2026,Sub-12,10,378,25/jul,sáb,16 h 00,JUVENTUS SAF,JUVENTUS SAF,COLORADO CAIEIRAS FC,COLORADO CAIEIRAS FUTEBOL CLUBE LTDA.,São Paulo,scheduled,378 25/jul - sáb 16 h 00 JUVENTUS SAF X COLORADO CAIEIRAS FC São Paulo
paulista_sub12_2026,Sub-12,10,379,25/jul,sáb,16 h 00,REFERÊNCIA FC SAF,REFERÊNCIA FUTEBOL CLUBE SAF,SALTO FC,SALTO FUTEBOL CLUBE,Embu das Artes,scheduled,379 25/jul - sáb 16 h 00 REFERÊNCIA FC SAF X SALTO FC Embu das Artes
paulista_sub12_2026,Sub-12,10,380,25/jul,sáb,16 h 00,SÃO PAULO FC,SÃO PAULO FUTEBOL CLUBE,REAL SOCCER,ASSOCIAÇÃO ACADEMY REAL FUTEBOL CLUBE,Cotia,scheduled,380 25/jul - sáb 16 h 00 SÃO PAULO FC X REAL SOCCER Cotia
paulista_sub12_2026,Sub-12,10,381,25/jul,sáb,16 h 00,GO AUDAX,GRÊMIO OSASCO AUDAX ESPORTE CLUBE,VOTORATY FC,VOTORATY FUTEBOL CLUBE LTDA.,Osasco,scheduled,381 25/jul - sáb 16 h 00 GO AUDAX X VOTORATY FC Osasco
paulista_sub12_2026,Sub-12,10,382,25/jul,sáb,16 h 00,EC SÃO BENTO,ESPORTE CLUBE SÃO BENTO,CLUBE VITAL SAF,CLUBE VITAL ACADEMIA DE FUTEBOL SAF,Sorocaba,scheduled,382 25/jul - sáb 16 h 00 EC SÃO BENTO X CLUBE VITAL SAF Sorocaba
paulista_sub12_2026,Sub-12,10,383,25/jul,sáb,16 h 00,SC CORINTHIANS PTA,SPORT CLUB CORINTHIANS PAULISTA,SÃO JOSÉ EC SAF,SÃO JOSÉ ESPORTE CLUBE SAF,São Paulo,scheduled,383 25/jul - sáb 16 h 00 SC CORINTHIANS PTA X SÃO JOSÉ EC SAF São Paulo
paulista_sub12_2026,Sub-12,10,384,25/jul,sáb,16 h 00,ECUS SAF,ESPORTE CLUBE UNIÃO SUZANO SAF,CA ATLÉTICO MOGI,CLUBE ATLÉTICO MOGI DAS CRUZES DE FUTEBOL LTDA.,Suzano,scheduled,384 25/jul - sáb 16 h 00 ECUS SAF X CA ATLÉTICO MOGI Suzano
paulista_sub12_2026,Sub-12,10,385,25/jul,sáb,16 h 00,FC PRIMEIRA CAMISA,FUTEBOL CLUBE PRIMEIRA CAMISA,AD MANTHIQUEIRA,ACADEMIA DESPORTIVA MANTHIQUEIRA FUTEBOL LTDA.,São José dos Campos,scheduled,385 25/jul - sáb 16 h 00 FC PRIMEIRA CAMISA X AD MANTHIQUEIRA São José dos Campos
paulista_sub12_2026,Sub-12,10,386,25/jul,sáb,16 h 00,JABAQUARA AC,JABAQUARA ATLÉTICO CLUBE,BARCELONA EC,BARCELONA ESPORTIVO CAPELA LTDA.,Santos,scheduled,386 25/jul - sáb 16 h 00 JABAQUARA AC X BARCELONA EC Santos
paulista_sub12_2026,Sub-12,10,387,25/jul,sáb,16 h 00,SANTOS FC,SANTOS FUTEBOL CLUBE,MAUÁ FUTEBOL TE,MAUÁ FUTEBOL TREINAMENTOS E ESPORTES LTDA.,Santos,scheduled,387 25/jul - sáb 16 h 00 SANTOS FC X MAUÁ FUTEBOL TE Santos
paulista_sub12_2026,Sub-12,10,388,25/jul,sáb,16 h 00,SÃO CAETANO FL,SÃO CAETANO FUTEBOL LTDA.,AA PORTUGUESA,ASSOCIAÇÃO ATLÉTICA PORTUGUESA,São Caetano do Sul,scheduled,388 25/jul - sáb 16 h 00 SÃO CAETANO FL X AA PORTUGUESA São Caetano do Sul
paulista_sub12_2026,Sub-12,10,389,25/jul,sáb,16 h 00,GE MAUAENSE,GRÊMIO ESPORTIVO MAUAENSE,EC SÃO BERNARDO SAF,ESPORTE CLUBE SÃO BERNARDO SAF,Mauá,scheduled,389 25/jul - sáb 16 h 00 GE MAUAENSE X EC SÃO BERNARDO SAF Mauá
paulista_sub12_2026,Sub-12,10,390,26/jul,dom,16 h 00,EC TAUBATÉ,ESPORTE CLUBE TAUBATÉ,UNIÃO SUZANO AC,UNIÃO SUZANO ATLÉTICO CLUBE,Taubaté,scheduled,390 26/jul - dom 16 h 00 EC TAUBATÉ X UNIÃO SUZANO AC Taubaté
paulista_sub12_2026,Sub-12,11,391,08/ago,sáb,16 h 00,JOSÉ BONIFÁCIO EC,JOSÉ BONIFÁCIO ESPORTE CLUBE,ARAÇATUBA FC SAF,ARAÇATUBA FUTEBOL CLUBE SAF,José Bonifácio,scheduled,391 08/ago - sáb 16 h 00 JOSÉ BONIFÁCIO EC X ARAÇATUBA FC SAF José Bonifácio
paulista_sub12_2026,Sub-12,11,392,08/ago,sáb,16 h 00,CA LINENSE,CLUBE ATLÉTICO LINENSE,OLÍMPIA FC,OLÍMPIA FUTEBOL CLUBE,Lins,scheduled,392 08/ago - sáb 16 h 00 CA LINENSE X OLÍMPIA FC Lins
paulista_sub12_2026,Sub-12,11,393,08/ago,sáb,16 h 00,GR. CATANDUVENSE,GRÊMIO CATANDUVENSE DE FUTEBOL,MIRASSOL FC,MIRASSOL FUTEBOL CLUBE,Catanduva,scheduled,393 08/ago - sáb 16 h 00 GR. CATANDUVENSE X MIRASSOL FC Catanduva
paulista_sub12_2026,Sub-12,11,394,08/ago,sáb,16 h 00,SANTA FÉ FC,SANTA FÉ FUTEBOL CLUBE LTDA.,CA PENAPOLENSE,CLUBE ATLÉTICO PENAPOLENSE,Santa Fé do Sul,scheduled,394 08/ago - sáb 16 h 00 SANTA FÉ FC X CA PENAPOLENSE Santa Fé do Sul
paulista_sub12_2026,Sub-12,11,395,08/ago,sáb,16 h 00,PRES. PRUDENTE FC,PRESIDENTE PRUDENTE FUTEBOL CLUBE,CA ASSISENSE,CLUBE ATLÉTICO ASSISENSE,Presidente Prudente,scheduled,395 08/ago - sáb 16 h 00 PRES. PRUDENTE FC X CA ASSISENSE Presidente Prudente
paulista_sub12_2026,Sub-12,11,396,08/ago,sáb,16 h 00,EC XV DE JAÚ,ESPORTE CLUBE XV DE NOVEMBRO,EC NOROESTE SAF,ESPORTE CLUBE NOROESTE SAF,Jaú,scheduled,396 08/ago - sáb 16 h 00 EC XV DE JAÚ X EC NOROESTE SAF Jaú
paulista_sub12_2026,Sub-12,11,397,08/ago,sáb,16 h 00,AA ITARARÉ,ASSOCIAÇÃO ATLÉTICA ITARARÉ,MARÍLIA AC,MARÍLIA ATLÉTICO CLUBE,Itararé,scheduled,397 08/ago - sáb 16 h 00 AA ITARARÉ X MARÍLIA AC Itararé
paulista_sub12_2026,Sub-12,11,398,08/ago,sáb,16 h 00,BATATAIS FC,BATATAIS FUTEBOL CLUBE,LG FUTEBOL CLUBE,LG FUTEBOL CLUBE LTDA.,Batatais,scheduled,398 08/ago - sáb 16 h 00 BATATAIS FC X LG FUTEBOL CLUBE Batatais
paulista_sub12_2026,Sub-12,11,399,08/ago,sáb,16 h 00,AA INTER BEBEDOURO,ASSOCIAÇÃO ATLÉTICA INTERNACIONAL BEBEDOURO,I9 FUTEBOL CLUBE,I9 INTERNACIONAL ACADEMY,Bebedouro,scheduled,399 08/ago - sáb 16 h 00 AA INTER BEBEDOURO X I9 FUTEBOL CLUBE Bebedouro
paulista_sub12_2026,Sub-12,11,400,08/ago,sáb,16 h 00,COMERCIAL FC - RP,COMERCIAL FUTEBOL CLUBE,BOTAFOGO S/A,BOTAFOGO FUTEBOL S/A,Ribeirão Preto,scheduled,400 08/ago - sáb 16 h 00 COMERCIAL FC - RP X BOTAFOGO S/A Ribeirão Preto
paulista_sub12_2026,Sub-12,11,401,08/ago,sáb,16 h 00,AA FRANCANA,ASSOCIAÇÃO ATLÉTICA FRANCANA,BARRETOS EC,BARRETOS ESPORTE CLUBE,Franca,scheduled,401 08/ago - sáb 16 h 00 AA FRANCANA X BARRETOS EC Franca
paulista_sub12_2026,Sub-12,11,402,08/ago,sáb,16 h 00,SE MATONENSE,SOCIEDADE ESPORTIVA MATONENSE,PALMEIRAS FC,PALMEIRAS FUTEBOL CLUBE,Matão,scheduled,402 08/ago - sáb 16 h 00 SE MATONENSE X PALMEIRAS FC Matão
paulista_sub12_2026,Sub-12,11,403,08/ago,sáb,16 h 00,PORTO FOOT BALL LTDA,PORTO FOOT BALL LTDA.,SÃO CARLOS FL,SÃO CARLOS FUTEBOL LTDA.,Porto Ferreira,scheduled,403 08/ago - sáb 16 h 00 PORTO FOOT BALL LTDA X SÃO CARLOS FL Porto Ferreira
paulista_sub12_2026,Sub-12,11,404,08/ago,sáb,16 h 00,RIO CLARO FC,RIO CLARO FUTEBOL CLUBE,AE VELO CLUBE,ASSOCIAÇÃO ESPORTIVA VELO CLUBE RIOCLARENSE - RIO CLARO,Rio Claro,scheduled,404 08/ago - sáb 16 h 00 RIO CLARO FC X AE VELO CLUBE Rio Claro
paulista_sub12_2026,Sub-12,11,405,08/ago,sáb,16 h 00,SPORT CLUBE AGUAÍ,SPORT CLUBE AGUAÍ,CA TAQUARITINGA,CLUBE ATLÉTICO TAQUARITINGA,Aguaí,scheduled,405 08/ago - sáb 16 h 00 SPORT CLUBE AGUAÍ X CA TAQUARITINGA Aguaí
paulista_sub12_2026,Sub-12,11,406,08/ago,sáb,16 h 00,AMPARO AC,AMPARO ATHÉTICO CLUB,INDEPENDENTE FC,INDEPENDENTE FUTEBOL CLUBE,Amparo,scheduled,406 08/ago - sáb 16 h 00 AMPARO AC X INDEPENDENTE FC Amparo
paulista_sub12_2026,Sub-12,11,407,08/ago,sáb,16 h 00,RIO BRANCO EC,RIO BRANCO ESPORTE CLUBE,COSMOPOLITANO SPORTS,COSMOPOLITANO SPORTS LTDA.,Americana,scheduled,407 08/ago - sáb 16 h 00 RIO BRANCO EC X COSMOPOLITANO SPORTS Americana
paulista_sub12_2026,Sub-12,11,408,08/ago,sáb,16 h 00,MACABI HOLAMBRA,MACABI HOLAMBRA ESPORTE CLUBE,GUARANI FC,GUARANI FUTEBOL CLUBE,Holambra,scheduled,408 08/ago - sáb 16 h 00 MACABI HOLAMBRA X GUARANI FC Holambra
paulista_sub12_2026,Sub-12,11,409,08/ago,sáb,16 h 00,SC PAULINENSE,SPORTING CLUB PAULINENSE,VALINHOS HYPER FC S.A.F,VALINHOS HYPER FUTEBOL CLUBE SAF,Paulínia,scheduled,409 08/ago - sáb 16 h 00 SC PAULINENSE X VALINHOS HYPER FC S.A.F Paulínia
paulista_sub12_2026,Sub-12,11,410,08/ago,sáb,16 h 00,SFERA SAF,SFERA SAF,SÃO BERNARDO FC,SÃO BERNARDO FUTEBOL CLUBE LTDA.,Jarinu,scheduled,410 08/ago - sáb 16 h 00 SFERA SAF X SÃO BERNARDO FC Jarinu
paulista_sub12_2026,Sub-12,11,411,08/ago,sáb,16 h 00,DS SPORTS LTDA,DIFFERENT SYSTEM SPORTS LTDA.,RED BULL BRAGANTINO,RED BULL BRAGANTINO FUTEBOL LTDA.,Atibaia,scheduled,411 08/ago - sáb 16 h 00 DS SPORTS LTDA X RED BULL BRAGANTINO Atibaia
paulista_sub12_2026,Sub-12,11,412,08/ago,sáb,16 h 00,VALINHOS EC,VALINHOS ESPORTE CLUBE LTDA.,PRIMAVERA SAF,PRIMAVERA SAF,Itatiba,scheduled,412 08/ago - sáb 16 h 00 VALINHOS EC X PRIMAVERA SAF Itatiba
paulista_sub12_2026,Sub-12,11,413,08/ago,sáb,16 h 00,AA FLAMENGO,ASSOCIAÇÃO ATLÉTICA FLAMENGO,JUVENTUS SAF,JUVENTUS SAF,Guarulhos,scheduled,413 08/ago - sáb 16 h 00 AA FLAMENGO X JUVENTUS SAF Guarulhos
paulista_sub12_2026,Sub-12,11,414,08/ago,sáb,16 h 00,PRATA DA CASA SAF,PRATA DA CASA SAF,ITAQUAQUECETUBA ATH.,ITAQUAQUECETUBA ATHLETICO CLUB LTDA.,São Paulo,scheduled,414 08/ago - sáb 16 h 00 PRATA DA CASA SAF X ITAQUAQUECETUBA ATH. São Paulo
paulista_sub12_2026,Sub-12,11,415,08/ago,sáb,16 h 00,PAULISTA FC,PAULISTA FUTEBOL CLUBE LTDA.,SE PALMEIRAS,SOCIEDADE ESPORTIVA PALMEIRAS,Jundiaí,scheduled,415 08/ago - sáb 16 h 00 PAULISTA FC X SE PALMEIRAS Jundiaí
paulista_sub12_2026,Sub-12,11,416,08/ago,sáb,16 h 00,COLORADO CAIEIRAS FC,COLORADO CAIEIRAS FUTEBOL CLUBE LTDA.,AD GUARULHOS,ASSOCIAÇÃO DESPORTIVA GUARULHOS,Caieiras,scheduled,416 08/ago - sáb 16 h 00 COLORADO CAIEIRAS FC X AD GUARULHOS Caieiras
paulista_sub12_2026,Sub-12,11,417,08/ago,sáb,16 h 00,SALTO FC,SALTO FUTEBOL CLUBE,EC SÃO BENTO,ESPORTE CLUBE SÃO BENTO,Salto,scheduled,417 08/ago - sáb 16 h 00 SALTO FC X EC SÃO BENTO Salto
paulista_sub12_2026,Sub-12,11,418,08/ago,sáb,16 h 00,REAL SOCCER,ASSOCIAÇÃO ACADEMY REAL FUTEBOL CLUBE,REFERÊNCIA FC SAF,REFERÊNCIA FUTEBOL CLUBE SAF,Sorocaba,scheduled,418 08/ago - sáb 16 h 00 REAL SOCCER X REFERÊNCIA FC SAF Sorocaba
paulista_sub12_2026,Sub-12,11,419,08/ago,sáb,16 h 00,VOTORATY FC,VOTORATY FUTEBOL CLUBE LTDA.,SÃO PAULO FC,SÃO PAULO FUTEBOL CLUBE,Votorantim,scheduled,419 08/ago - sáb 16 h 00 VOTORATY FC X SÃO PAULO FC Votorantim
paulista_sub12_2026,Sub-12,11,420,08/ago,sáb,16 h 00,CLUBE VITAL SAF,CLUBE VITAL ACADEMIA DE FUTEBOL SAF,GO AUDAX,GRÊMIO OSASCO AUDAX ESPORTE CLUBE,Ibiúna,scheduled,420 08/ago - sáb 16 h 00 CLUBE VITAL SAF X GO AUDAX Ibiúna
paulista_sub12_2026,Sub-12,11,421,08/ago,sáb,16 h 00,UNIÃO SUZANO AC,UNIÃO SUZANO ATLÉTICO CLUBE,FC PRIMEIRA CAMISA,FUTEBOL CLUBE PRIMEIRA CAMISA,Suzano,scheduled,421 08/ago - sáb 16 h 00 UNIÃO SUZANO AC X FC PRIMEIRA CAMISA Suzano
paulista_sub12_2026,Sub-12,11,422,08/ago,sáb,16 h 00,SÃO JOSÉ EC SAF,SÃO JOSÉ ESPORTE CLUBE SAF,EC TAUBATÉ,ESPORTE CLUBE TAUBATÉ,São José dos Campos,scheduled,422 08/ago - sáb 16 h 00 SÃO JOSÉ EC SAF X EC TAUBATÉ São José dos Campos
paulista_sub12_2026,Sub-12,11,423,08/ago,sáb,16 h 00,CA ATLÉTICO MOGI,CLUBE ATLÉTICO MOGI DAS CRUZES DE FUTEBOL LTDA.,SC CORINTHIANS PTA,SPORT CLUB CORINTHIANS PAULISTA,Mogi das Cruzes,scheduled,423 08/ago - sáb 16 h 00 CA ATLÉTICO MOGI X SC CORINTHIANS PTA Mogi das Cruzes
paulista_sub12_2026,Sub-12,11,424,08/ago,sáb,16 h 00,AD MANTHIQUEIRA,ACADEMIA DESPORTIVA MANTHIQUEIRA FUTEBOL LTDA.,ECUS SAF,ESPORTE CLUBE UNIÃO SUZANO SAF,Guaratinguetá,scheduled,424 08/ago - sáb 16 h 00 AD MANTHIQUEIRA X ECUS SAF Guaratinguetá
paulista_sub12_2026,Sub-12,11,425,08/ago,sáb,16 h 00,BARCELONA EC,BARCELONA ESPORTIVO CAPELA LTDA.,GE MAUAENSE,GRÊMIO ESPORTIVO MAUAENSE,São Caetano do Sul,scheduled,425 08/ago - sáb 16 h 00 BARCELONA EC X GE MAUAENSE São Caetano do Sul
paulista_sub12_2026,Sub-12,11,426,08/ago,sáb,16 h 00,MAUÁ FUTEBOL TE,MAUÁ FUTEBOL TREINAMENTOS E ESPORTES LTDA.,JABAQUARA AC,JABAQUARA ATLÉTICO CLUBE,Mauá,scheduled,426 08/ago - sáb 16 h 00 MAUÁ FUTEBOL TE X JABAQUARA AC Mauá
paulista_sub12_2026,Sub-12,11,427,08/ago,sáb,16 h 00,AA PORTUGUESA,ASSOCIAÇÃO ATLÉTICA PORTUGUESA,SANTOS FC,SANTOS FUTEBOL CLUBE,Santos,scheduled,427 08/ago - sáb 16 h 00 AA PORTUGUESA X SANTOS FC Santos
paulista_sub12_2026,Sub-12,11,428,08/ago,sáb,16 h 00,EC SÃO BERNARDO SAF,ESPORTE CLUBE SÃO BERNARDO SAF,SÃO CAETANO FL,SÃO CAETANO FUTEBOL LTDA.,São Bernardo do Campo,scheduled,428 08/ago - sáb 16 h 00 EC SÃO BERNARDO SAF X SÃO CAETANO FL São Bernardo do Campo
paulista_sub12_2026,Sub-12,11,429,09/ago,dom,16 h 00,AA INTER LIMEIRA,ASSOCIAÇÃO ATLÉTICA INTERNACIONAL LIMEIRA,UA BARBARENSE FC,UNIÃO AGRÍCOLA BARBARENSE FUTEBOL CLUBE - SANTA BÁRBARA D'OESTE,Limeira,scheduled,429 09/ago - dom 16 h 00 AA INTER LIMEIRA X UA BARBARENSE FC Limeira
paulista_sub12_2026,Sub-12,12,430,22/ago,sáb,16 h 00,CA LINENSE,CLUBE ATLÉTICO LINENSE,JOSÉ BONIFÁCIO EC,JOSÉ BONIFÁCIO ESPORTE CLUBE,Lins,scheduled,430 22/ago - sáb 16 h 00 CA LINENSE X JOSÉ BONIFÁCIO EC Lins
paulista_sub12_2026,Sub-12,12,431,22/ago,sáb,16 h 00,OLÍMPIA FC,OLÍMPIA FUTEBOL CLUBE,GR. CATANDUVENSE,GRÊMIO CATANDUVENSE DE FUTEBOL,Olímpia,scheduled,431 22/ago - sáb 16 h 00 OLÍMPIA FC X GR. CATANDUVENSE Olímpia
paulista_sub12_2026,Sub-12,12,432,22/ago,sáb,16 h 00,MIRASSOL FC,MIRASSOL FUTEBOL CLUBE,SANTA FÉ FC,SANTA FÉ FUTEBOL CLUBE LTDA.,Bálsamo,scheduled,432 22/ago - sáb 16 h 00 MIRASSOL FC X SANTA FÉ FC Bálsamo
paulista_sub12_2026,Sub-12,12,433,22/ago,sáb,16 h 00,CA PENAPOLENSE,CLUBE ATLÉTICO PENAPOLENSE,ARAÇATUBA FC SAF,ARAÇATUBA FUTEBOL CLUBE SAF,Penápolis,scheduled,433 22/ago - sáb 16 h 00 CA PENAPOLENSE X ARAÇATUBA FC SAF Penápolis
paulista_sub12_2026,Sub-12,12,434,22/ago,sáb,16 h 00,EC NOROESTE SAF,ESPORTE CLUBE NOROESTE SAF,AA ITARARÉ,ASSOCIAÇÃO ATLÉTICA ITARARÉ,Iacanga,scheduled,434 22/ago - sáb 16 h 00 EC NOROESTE SAF X AA ITARARÉ Iacanga
paulista_sub12_2026,Sub-12,12,435,22/ago,sáb,16 h 00,MARÍLIA AC,MARÍLIA ATLÉTICO CLUBE,PRES. PRUDENTE FC,PRESIDENTE PRUDENTE FUTEBOL CLUBE,Marília,scheduled,435 22/ago - sáb 16 h 00 MARÍLIA AC X PRES. PRUDENTE FC Marília
paulista_sub12_2026,Sub-12,12,436,22/ago,sáb,16 h 00,CA ASSISENSE,CLUBE ATLÉTICO ASSISENSE,TUPÃ FC,TUPÃ FUTEBOL CLUBE,Assis,scheduled,436 22/ago - sáb 16 h 00 CA ASSISENSE X TUPÃ FC Assis
paulista_sub12_2026,Sub-12,12,437,22/ago,sáb,16 h 00,AA INTER BEBEDOURO,ASSOCIAÇÃO ATLÉTICA INTERNACIONAL BEBEDOURO,BATATAIS FC,BATATAIS FUTEBOL CLUBE,Bebedouro,scheduled,437 22/ago - sáb 16 h 00 AA INTER BEBEDOURO X BATATAIS FC Bebedouro
paulista_sub12_2026,Sub-12,12,438,22/ago,sáb,16 h 00,I9 FUTEBOL CLUBE,I9 INTERNACIONAL ACADEMY,COMERCIAL FC - RP,COMERCIAL FUTEBOL CLUBE,Ribeirão Preto,scheduled,438 22/ago - sáb 16 h 00 I9 FUTEBOL CLUBE X COMERCIAL FC - RP Ribeirão Preto
paulista_sub12_2026,Sub-12,12,439,22/ago,sáb,16 h 00,BOTAFOGO S/A,BOTAFOGO FUTEBOL S/A,AA FRANCANA,ASSOCIAÇÃO ATLÉTICA FRANCANA,Ribeirão Preto,scheduled,439 22/ago - sáb 16 h 00 BOTAFOGO S/A X AA FRANCANA Ribeirão Preto
paulista_sub12_2026,Sub-12,12,440,22/ago,sáb,16 h 00,BARRETOS EC,BARRETOS ESPORTE CLUBE,LG FUTEBOL CLUBE,LG FUTEBOL CLUBE LTDA.,Barretos,scheduled,440 22/ago - sáb 16 h 00 BARRETOS EC X LG FUTEBOL CLUBE Barretos
paulista_sub12_2026,Sub-12,12,441,22/ago,sáb,16 h 00,PORTO FOOT BALL LTDA,PORTO FOOT BALL LTDA.,SE MATONENSE,SOCIEDADE ESPORTIVA MATONENSE,Porto Ferreira,scheduled,441 22/ago - sáb 16 h 00 PORTO FOOT BALL LTDA X SE MATONENSE Porto Ferreira
paulista_sub12_2026,Sub-12,12,442,22/ago,sáb,16 h 00,SÃO CARLOS FL,SÃO CARLOS FUTEBOL LTDA.,RIO CLARO FC,RIO CLARO FUTEBOL CLUBE,São Carlos,scheduled,442 22/ago - sáb 16 h 00 SÃO CARLOS FL X RIO CLARO FC São Carlos
paulista_sub12_2026,Sub-12,12,443,22/ago,sáb,16 h 00,AE VELO CLUBE,ASSOCIAÇÃO ESPORTIVA VELO CLUBE RIOCLARENSE - RIO CLARO,SPORT CLUBE AGUAÍ,SPORT CLUBE AGUAÍ,Rio Claro,scheduled,443 22/ago - sáb 16 h 00 AE VELO CLUBE X SPORT CLUBE AGUAÍ Rio Claro
paulista_sub12_2026,Sub-12,12,444,22/ago,sáb,16 h 00,CA TAQUARITINGA,CLUBE ATLÉTICO TAQUARITINGA,PALMEIRAS FC,PALMEIRAS FUTEBOL CLUBE,Taquartitinga,scheduled,444 22/ago - sáb 16 h 00 CA TAQUARITINGA X PALMEIRAS FC Taquartitinga
paulista_sub12_2026,Sub-12,12,445,22/ago,sáb,16 h 00,UA BARBARENSE FC,UNIÃO AGRÍCOLA BARBARENSE FUTEBOL CLUBE - SANTA BÁRBARA D'OESTE,RIO BRANCO EC,RIO BRANCO ESPORTE CLUBE,Santa Bárbara D'Oeste,scheduled,445 22/ago - sáb 16 h 00 UA BARBARENSE FC X RIO BRANCO EC Santa Bárbara D'Oeste
paulista_sub12_2026,Sub-12,12,446,22/ago,sáb,16 h 00,COSMOPOLITANO SPORTS,COSMOPOLITANO SPORTS LTDA.,MACABI HOLAMBRA,MACABI HOLAMBRA ESPORTE CLUBE,Cosmópolis,scheduled,446 22/ago - sáb 16 h 00 COSMOPOLITANO SPORTS X MACABI HOLAMBRA Cosmópolis
paulista_sub12_2026,Sub-12,12,447,22/ago,sáb,16 h 00,GUARANI FC,GUARANI FUTEBOL CLUBE,INDEPENDENTE FC,INDEPENDENTE FUTEBOL CLUBE,Amparo,scheduled,447 22/ago - sáb 16 h 00 GUARANI FC X INDEPENDENTE FC Amparo
paulista_sub12_2026,Sub-12,12,448,22/ago,sáb,16 h 00,SFERA SAF,SFERA SAF,SC PAULINENSE,SPORTING CLUB PAULINENSE,Jarinu,scheduled,448 22/ago - sáb 16 h 00 SFERA SAF X SC PAULINENSE Jarinu
paulista_sub12_2026,Sub-12,12,449,22/ago,sáb,16 h 00,SÃO BERNARDO FC,SÃO BERNARDO FUTEBOL CLUBE LTDA.,DS SPORTS LTDA,DIFFERENT SYSTEM SPORTS LTDA.,Itatiba,scheduled,449 22/ago - sáb 16 h 00 SÃO BERNARDO FC X DS SPORTS LTDA Itatiba
paulista_sub12_2026,Sub-12,12,450,22/ago,sáb,16 h 00,RED BULL BRAGANTINO,RED BULL BRAGANTINO FUTEBOL LTDA.,VALINHOS EC,VALINHOS ESPORTE CLUBE LTDA.,Atibaia,scheduled,450 22/ago - sáb 16 h 00 RED BULL BRAGANTINO X VALINHOS EC Atibaia
paulista_sub12_2026,Sub-12,12,451,22/ago,sáb,16 h 00,PRIMAVERA SAF,PRIMAVERA SAF,VALINHOS HYPER FC S.A.F,VALINHOS HYPER FUTEBOL CLUBE SAF,Indaiatuba,scheduled,451 22/ago - sáb 16 h 00 PRIMAVERA SAF X VALINHOS HYPER FC S.A.F Indaiatuba
paulista_sub12_2026,Sub-12,12,452,22/ago,sáb,16 h 00,PRATA DA CASA SAF,PRATA DA CASA SAF,AA FLAMENGO,ASSOCIAÇÃO ATLÉTICA FLAMENGO,São Paulo,scheduled,452 22/ago - sáb 16 h 00 PRATA DA CASA SAF X AA FLAMENGO São Paulo
paulista_sub12_2026,Sub-12,12,453,22/ago,sáb,16 h 00,ITAQUAQUECETUBA ATH.,ITAQUAQUECETUBA ATHLETICO CLUB LTDA.,PAULISTA FC,PAULISTA FUTEBOL CLUBE LTDA.,Itaquaquecetuba,scheduled,453 22/ago - sáb 16 h 00 ITAQUAQUECETUBA ATH. X PAULISTA FC Itaquaquecetuba
paulista_sub12_2026,Sub-12,12,454,22/ago,sáb,16 h 00,SE PALMEIRAS,SOCIEDADE ESPORTIVA PALMEIRAS,COLORADO CAIEIRAS FC,COLORADO CAIEIRAS FUTEBOL CLUBE LTDA.,Guarulhos,scheduled,454 22/ago - sáb 16 h 00 SE PALMEIRAS X COLORADO CAIEIRAS FC Guarulhos
paulista_sub12_2026,Sub-12,12,455,22/ago,sáb,16 h 00,AD GUARULHOS,ASSOCIAÇÃO DESPORTIVA GUARULHOS,JUVENTUS SAF,JUVENTUS SAF,Guarulhos,scheduled,455 22/ago - sáb 16 h 00 AD GUARULHOS X JUVENTUS SAF Guarulhos
paulista_sub12_2026,Sub-12,12,456,22/ago,sáb,16 h 00,REAL SOCCER,ASSOCIAÇÃO ACADEMY REAL FUTEBOL CLUBE,SALTO FC,SALTO FUTEBOL CLUBE,Sorocaba,scheduled,456 22/ago - sáb 16 h 00 REAL SOCCER X SALTO FC Sorocaba
paulista_sub12_2026,Sub-12,12,457,22/ago,sáb,16 h 00,REFERÊNCIA FC SAF,REFERÊNCIA FUTEBOL CLUBE SAF,VOTORATY FC,VOTORATY FUTEBOL CLUBE LTDA.,Embu das Artes,scheduled,457 22/ago - sáb 16 h 00 REFERÊNCIA FC SAF X VOTORATY FC Embu das Artes
paulista_sub12_2026,Sub-12,12,458,22/ago,sáb,16 h 00,SÃO PAULO FC,SÃO PAULO FUTEBOL CLUBE,CLUBE VITAL SAF,CLUBE VITAL ACADEMIA DE FUTEBOL SAF,Cotia,scheduled,458 22/ago - sáb 16 h 00 SÃO PAULO FC X CLUBE VITAL SAF Cotia
paulista_sub12_2026,Sub-12,12,459,22/ago,sáb,16 h 00,GO AUDAX,GRÊMIO OSASCO AUDAX ESPORTE CLUBE,EC SÃO BENTO,ESPORTE CLUBE SÃO BENTO,Osasco,scheduled,459 22/ago - sáb 16 h 00 GO AUDAX X EC SÃO BENTO Osasco
paulista_sub12_2026,Sub-12,12,460,22/ago,sáb,16 h 00,SÃO JOSÉ EC SAF,SÃO JOSÉ ESPORTE CLUBE SAF,UNIÃO SUZANO AC,UNIÃO SUZANO ATLÉTICO CLUBE,São José dos Campos,scheduled,460 22/ago - sáb 16 h 00 SÃO JOSÉ EC SAF X UNIÃO SUZANO AC São José dos Campos
paulista_sub12_2026,Sub-12,12,461,22/ago,sáb,16 h 00,EC TAUBATÉ,ESPORTE CLUBE TAUBATÉ,CA ATLÉTICO MOGI,CLUBE ATLÉTICO MOGI DAS CRUZES DE FUTEBOL LTDA.,Taubaté,scheduled,461 22/ago - sáb 16 h 00 EC TAUBATÉ X CA ATLÉTICO MOGI Taubaté
paulista_sub12_2026,Sub-12,12,462,22/ago,sáb,16 h 00,SC CORINTHIANS PTA,SPORT CLUB CORINTHIANS PAULISTA,AD MANTHIQUEIRA,ACADEMIA DESPORTIVA MANTHIQUEIRA FUTEBOL LTDA.,São Paulo,scheduled,462 22/ago - sáb 16 h 00 SC CORINTHIANS PTA X AD MANTHIQUEIRA São Paulo
paulista_sub12_2026,Sub-12,12,463,22/ago,sáb,16 h 00,ECUS SAF,ESPORTE CLUBE UNIÃO SUZANO SAF,FC PRIMEIRA CAMISA,FUTEBOL CLUBE PRIMEIRA CAMISA,Suzano,scheduled,463 22/ago - sáb 16 h 00 ECUS SAF X FC PRIMEIRA CAMISA Suzano
paulista_sub12_2026,Sub-12,12,464,22/ago,sáb,16 h 00,MAUÁ FUTEBOL TE,MAUÁ FUTEBOL TREINAMENTOS E ESPORTES LTDA.,BARCELONA EC,BARCELONA ESPORTIVO CAPELA LTDA.,Mauá,scheduled,464 22/ago - sáb 16 h 00 MAUÁ FUTEBOL TE X BARCELONA EC Mauá
paulista_sub12_2026,Sub-12,12,465,22/ago,sáb,16 h 00,JABAQUARA AC,JABAQUARA ATLÉTICO CLUBE,AA PORTUGUESA,ASSOCIAÇÃO ATLÉTICA PORTUGUESA,Santos,scheduled,465 22/ago - sáb 16 h 00 JABAQUARA AC X AA PORTUGUESA Santos
paulista_sub12_2026,Sub-12,12,466,22/ago,sáb,16 h 00,SANTOS FC,SANTOS FUTEBOL CLUBE,EC SÃO BERNARDO SAF,ESPORTE CLUBE SÃO BERNARDO SAF,Santos,scheduled,466 22/ago - sáb 16 h 00 SANTOS FC X EC SÃO BERNARDO SAF Santos
paulista_sub12_2026,Sub-12,12,467,22/ago,sáb,16 h 00,SÃO CAETANO FL,SÃO CAETANO FUTEBOL LTDA.,GE MAUAENSE,GRÊMIO ESPORTIVO MAUAENSE,São Caetano do Sul,scheduled,467 22/ago - sáb 16 h 00 SÃO CAETANO FL X GE MAUAENSE São Caetano do Sul
paulista_sub12_2026,Sub-12,12,468,23/ago,dom,16 h 00,AA INTER LIMEIRA,ASSOCIAÇÃO ATLÉTICA INTERNACIONAL LIMEIRA,AMPARO AC,AMPARO ATHÉTICO CLUB,Limeira,scheduled,468 23/ago - dom 16 h 00 AA INTER LIMEIRA X AMPARO AC Limeira
paulista_sub12_2026,Sub-12,13,469,05/set,sáb,16 h 00,GR. CATANDUVENSE,GRÊMIO CATANDUVENSE DE FUTEBOL,JOSÉ BONIFÁCIO EC,JOSÉ BONIFÁCIO ESPORTE CLUBE,Catanduva,scheduled,469 05/set - sáb 16 h 00 GR. CATANDUVENSE X JOSÉ BONIFÁCIO EC Catanduva
paulista_sub12_2026,Sub-12,13,470,05/set,sáb,16 h 00,CA PENAPOLENSE,CLUBE ATLÉTICO PENAPOLENSE,MIRASSOL FC,MIRASSOL FUTEBOL CLUBE,Penápolis,scheduled,470 05/set - sáb 16 h 00 CA PENAPOLENSE X MIRASSOL FC Penápolis
paulista_sub12_2026,Sub-12,13,471,05/set,sáb,16 h 00,SANTA FÉ FC,SANTA FÉ FUTEBOL CLUBE LTDA.,OLÍMPIA FC,OLÍMPIA FUTEBOL CLUBE,Santa Fé do Sul,scheduled,471 05/set - sáb 16 h 00 SANTA FÉ FC X OLÍMPIA FC Santa Fé do Sul
paulista_sub12_2026,Sub-12,13,472,05/set,sáb,16 h 00,ARAÇATUBA FC SAF,ARAÇATUBA FUTEBOL CLUBE SAF,CA LINENSE,CLUBE ATLÉTICO LINENSE,Araçatuba,scheduled,472 05/set - sáb 16 h 00 ARAÇATUBA FC SAF X CA LINENSE Araçatuba
paulista_sub12_2026,Sub-12,13,473,05/set,sáb,16 h 00,TUPÃ FC,TUPÃ FUTEBOL CLUBE,MARÍLIA AC,MARÍLIA ATLÉTICO CLUBE,Tupã,scheduled,473 05/set - sáb 16 h 00 TUPÃ FC X MARÍLIA AC Tupã
paulista_sub12_2026,Sub-12,13,474,05/set,sáb,16 h 00,PRES. PRUDENTE FC,PRESIDENTE PRUDENTE FUTEBOL CLUBE,EC NOROESTE SAF,ESPORTE CLUBE NOROESTE SAF,Presidente Prudente,scheduled,474 05/set - sáb 16 h 00 PRES. PRUDENTE FC X EC NOROESTE SAF Presidente Prudente
paulista_sub12_2026,Sub-12,13,475,05/set,sáb,16 h 00,AA ITARARÉ,ASSOCIAÇÃO ATLÉTICA ITARARÉ,EC XV DE JAÚ,ESPORTE CLUBE XV DE NOVEMBRO,Itararé,scheduled,475 05/set - sáb 16 h 00 AA ITARARÉ X EC XV DE JAÚ Itararé
paulista_sub12_2026,Sub-12,13,476,05/set,sáb,16 h 00,COMERCIAL FC - RP,COMERCIAL FUTEBOL CLUBE,BATATAIS FC,BATATAIS FUTEBOL CLUBE,Ribeirão Preto,scheduled,476 05/set - sáb 16 h 00 COMERCIAL FC - RP X BATATAIS FC Ribeirão Preto
paulista_sub12_2026,Sub-12,13,477,05/set,sáb,16 h 00,BARRETOS EC,BARRETOS ESPORTE CLUBE,BOTAFOGO S/A,BOTAFOGO FUTEBOL S/A,Barretos,scheduled,477 05/set - sáb 16 h 00 BARRETOS EC X BOTAFOGO S/A Barretos
paulista_sub12_2026,Sub-12,13,478,05/set,sáb,16 h 00,AA FRANCANA,ASSOCIAÇÃO ATLÉTICA FRANCANA,I9 FUTEBOL CLUBE,I9 INTERNACIONAL ACADEMY,Franca,scheduled,478 05/set - sáb 16 h 00 AA FRANCANA X I9 FUTEBOL CLUBE Franca
paulista_sub12_2026,Sub-12,13,479,05/set,sáb,16 h 00,LG FUTEBOL CLUBE,LG FUTEBOL CLUBE LTDA.,AA INTER BEBEDOURO,ASSOCIAÇÃO ATLÉTICA INTERNACIONAL BEBEDOURO,Serrana,scheduled,479 05/set - sáb 16 h 00 LG FUTEBOL CLUBE X AA INTER BEBEDOURO Serrana
paulista_sub12_2026,Sub-12,13,480,05/set,sáb,16 h 00,RIO CLARO FC,RIO CLARO FUTEBOL CLUBE,SE MATONENSE,SOCIEDADE ESPORTIVA MATONENSE,Rio Claro,scheduled,480 05/set - sáb 16 h 00 RIO CLARO FC X SE MATONENSE Rio Claro
paulista_sub12_2026,Sub-12,13,481,05/set,sáb,16 h 00,CA TAQUARITINGA,CLUBE ATLÉTICO TAQUARITINGA,AE VELO CLUBE,ASSOCIAÇÃO ESPORTIVA VELO CLUBE RIOCLARENSE - RIO CLARO,Taquaritinga,scheduled,481 05/set - sáb 16 h 00 CA TAQUARITINGA X AE VELO CLUBE Taquaritinga
paulista_sub12_2026,Sub-12,13,482,05/set,sáb,16 h 00,SPORT CLUBE AGUAÍ,SPORT CLUBE AGUAÍ,SÃO CARLOS FL,SÃO CARLOS FUTEBOL LTDA.,Aguaí,scheduled,482 05/set - sáb 16 h 00 SPORT CLUBE AGUAÍ X SÃO CARLOS FL Aguaí
paulista_sub12_2026,Sub-12,13,483,05/set,sáb,16 h 00,PALMEIRAS FC,PALMEIRAS FUTEBOL CLUBE,PORTO FOOT BALL LTDA,PORTO FOOT BALL LTDA.,São João da Boa Vista,scheduled,483 05/set - sáb 16 h 00 PALMEIRAS FC X PORTO FOOT BALL LTDA São João da Boa Vista
paulista_sub12_2026,Sub-12,13,484,05/set,sáb,16 h 00,RIO BRANCO EC,RIO BRANCO ESPORTE CLUBE,AMPARO AC,AMPARO ATHÉTICO CLUB,Americana,scheduled,484 05/set - sáb 16 h 00 RIO BRANCO EC X AMPARO AC Americana
paulista_sub12_2026,Sub-12,13,485,05/set,sáb,16 h 00,GUARANI FC,GUARANI FUTEBOL CLUBE,COSMOPOLITANO SPORTS,COSMOPOLITANO SPORTS LTDA.,Amparo,scheduled,485 05/set - sáb 16 h 00 GUARANI FC X COSMOPOLITANO SPORTS Amparo
paulista_sub12_2026,Sub-12,13,486,05/set,sáb,16 h 00,MACABI HOLAMBRA,MACABI HOLAMBRA ESPORTE CLUBE,UA BARBARENSE FC,UNIÃO AGRÍCOLA BARBARENSE FUTEBOL CLUBE - SANTA BÁRBARA D'OESTE,Holambra,scheduled,486 05/set - sáb 16 h 00 MACABI HOLAMBRA X UA BARBARENSE FC Holambra
paulista_sub12_2026,Sub-12,13,487,05/set,sáb,16 h 00,INDEPENDENTE FC,INDEPENDENTE FUTEBOL CLUBE,AA INTER LIMEIRA,ASSOCIAÇÃO ATLÉTICA INTERNACIONAL LIMEIRA,Limeira,scheduled,487 05/set - sáb 16 h 00 INDEPENDENTE FC X AA INTER LIMEIRA Limeira
paulista_sub12_2026,Sub-12,13,488,05/set,sáb,16 h 00,DS SPORTS LTDA,DIFFERENT SYSTEM SPORTS LTDA.,SC PAULINENSE,SPORTING CLUB PAULINENSE,Atibaia,scheduled,488 05/set - sáb 16 h 00 DS SPORTS LTDA X SC PAULINENSE Atibaia
paulista_sub12_2026,Sub-12,13,489,05/set,sáb,16 h 00,PRIMAVERA SAF,PRIMAVERA SAF,RED BULL BRAGANTINO,RED BULL BRAGANTINO FUTEBOL LTDA.,Indaiatuba,scheduled,489 05/set - sáb 16 h 00 PRIMAVERA SAF X RED BULL BRAGANTINO Indaiatuba
paulista_sub12_2026,Sub-12,13,490,05/set,sáb,16 h 00,VALINHOS EC,VALINHOS ESPORTE CLUBE LTDA.,SÃO BERNARDO FC,SÃO BERNARDO FUTEBOL CLUBE LTDA.,Itatiba,scheduled,490 05/set - sáb 16 h 00 VALINHOS EC X SÃO BERNARDO FC Itatiba
paulista_sub12_2026,Sub-12,13,491,05/set,sáb,16 h 00,VALINHOS HYPER FC S.A.F,VALINHOS HYPER FUTEBOL CLUBE SAF,SFERA SAF,SFERA SAF,Valinhos,scheduled,491 05/set - sáb 16 h 00 VALINHOS HYPER FC S.A.F X SFERA SAF Valinhos
paulista_sub12_2026,Sub-12,13,492,05/set,sáb,16 h 00,PAULISTA FC,PAULISTA FUTEBOL CLUBE LTDA.,AA FLAMENGO,ASSOCIAÇÃO ATLÉTICA FLAMENGO,Jundiaí,scheduled,492 05/set - sáb 16 h 00 PAULISTA FC X AA FLAMENGO Jundiaí
paulista_sub12_2026,Sub-12,13,493,05/set,sáb,16 h 00,AD GUARULHOS,ASSOCIAÇÃO DESPORTIVA GUARULHOS,SE PALMEIRAS,SOCIEDADE ESPORTIVA PALMEIRAS,Guarulhos,scheduled,493 05/set - sáb 16 h 00 AD GUARULHOS X SE PALMEIRAS Guarulhos
paulista_sub12_2026,Sub-12,13,494,05/set,sáb,16 h 00,COLORADO CAIEIRAS FC,COLORADO CAIEIRAS FUTEBOL CLUBE LTDA.,ITAQUAQUECETUBA ATH.,ITAQUAQUECETUBA ATHLETICO CLUB LTDA.,Caieiras,scheduled,494 05/set - sáb 16 h 00 COLORADO CAIEIRAS FC X ITAQUAQUECETUBA ATH. Caieiras
paulista_sub12_2026,Sub-12,13,495,05/set,sáb,16 h 00,JUVENTUS SAF,JUVENTUS SAF,PRATA DA CASA SAF,PRATA DA CASA SAF,São Paulo,scheduled,495 05/set - sáb 16 h 00 JUVENTUS SAF X PRATA DA CASA SAF São Paulo
paulista_sub12_2026,Sub-12,13,496,05/set,sáb,16 h 00,VOTORATY FC,VOTORATY FUTEBOL CLUBE LTDA.,SALTO FC,SALTO FUTEBOL CLUBE,Votorantim,scheduled,496 05/set - sáb 16 h 00 VOTORATY FC X SALTO FC Votorantim
paulista_sub12_2026,Sub-12,13,497,05/set,sáb,16 h 00,GO AUDAX,GRÊMIO OSASCO AUDAX ESPORTE CLUBE,SÃO PAULO FC,SÃO PAULO FUTEBOL CLUBE,Osasco,scheduled,497 05/set - sáb 16 h 00 GO AUDAX X SÃO PAULO FC Osasco
paulista_sub12_2026,Sub-12,13,498,05/set,sáb,16 h 00,CLUBE VITAL SAF,CLUBE VITAL ACADEMIA DE FUTEBOL SAF,REFERÊNCIA FC SAF,REFERÊNCIA FUTEBOL CLUBE SAF,Ibiúna,scheduled,498 05/set - sáb 16 h 00 CLUBE VITAL SAF X REFERÊNCIA FC SAF Ibiúna
paulista_sub12_2026,Sub-12,13,499,05/set,sáb,16 h 00,EC SÃO BENTO,ESPORTE CLUBE SÃO BENTO,REAL SOCCER,ASSOCIAÇÃO ACADEMY REAL FUTEBOL CLUBE,Sorocaba,scheduled,499 05/set - sáb 16 h 00 EC SÃO BENTO X REAL SOCCER Sorocaba
paulista_sub12_2026,Sub-12,13,500,05/set,sáb,16 h 00,CA ATLÉTICO MOGI,CLUBE ATLÉTICO MOGI DAS CRUZES DE FUTEBOL LTDA.,UNIÃO SUZANO AC,UNIÃO SUZANO ATLÉTICO CLUBE,Mogi das Cruzes,scheduled,500 05/set - sáb 16 h 00 CA ATLÉTICO MOGI X UNIÃO SUZANO AC Mogi das Cruzes
paulista_sub12_2026,Sub-12,13,501,05/set,sáb,16 h 00,ECUS SAF,ESPORTE CLUBE UNIÃO SUZANO SAF,SC CORINTHIANS PTA,SPORT CLUB CORINTHIANS PAULISTA,Suzano,scheduled,501 05/set - sáb 16 h 00 ECUS SAF X SC CORINTHIANS PTA Suzano
paulista_sub12_2026,Sub-12,13,502,05/set,sáb,16 h 00,AD MANTHIQUEIRA,ACADEMIA DESPORTIVA MANTHIQUEIRA FUTEBOL LTDA.,EC TAUBATÉ,ESPORTE CLUBE TAUBATÉ,Guaratinguetá,scheduled,502 05/set - sáb 16 h 00 AD MANTHIQUEIRA X EC TAUBATÉ Guaratinguetá
paulista_sub12_2026,Sub-12,13,503,05/set,sáb,16 h 00,FC PRIMEIRA CAMISA,FUTEBOL CLUBE PRIMEIRA CAMISA,SÃO JOSÉ EC SAF,SÃO JOSÉ ESPORTE CLUBE SAF,São José dos Campos,scheduled,503 05/set - sáb 16 h 00 FC PRIMEIRA CAMISA X SÃO JOSÉ EC SAF São José dos Campos
paulista_sub12_2026,Sub-12,13,504,05/set,sáb,16 h 00,AA PORTUGUESA,ASSOCIAÇÃO ATLÉTICA PORTUGUESA,BARCELONA EC,BARCELONA ESPORTIVO CAPELA LTDA.,Santos,scheduled,504 05/set - sáb 16 h 00 AA PORTUGUESA X BARCELONA EC Santos
paulista_sub12_2026,Sub-12,13,505,05/set,sáb,16 h 00,SÃO CAETANO FL,SÃO CAETANO FUTEBOL LTDA.,SANTOS FC,SANTOS FUTEBOL CLUBE,São Caetano do Sul,scheduled,505 05/set - sáb 16 h 00 SÃO CAETANO FL X SANTOS FC São Caetano do Sul
paulista_sub12_2026,Sub-12,13,506,05/set,sáb,16 h 00,EC SÃO BERNARDO SAF,ESPORTE CLUBE SÃO BERNARDO SAF,JABAQUARA AC,JABAQUARA ATLÉTICO CLUBE,São Bernardo do Campo,scheduled,506 05/set - sáb 16 h 00 EC SÃO BERNARDO SAF X JABAQUARA AC São Bernardo do Campo
paulista_sub12_2026,Sub-12,13,507,05/set,sáb,16 h 00,GE MAUAENSE,GRÊMIO ESPORTIVO MAUAENSE,MAUÁ FUTEBOL TE,MAUÁ FUTEBOL TREINAMENTOS E ESPORTES LTDA.,Mauá,scheduled,507 05/set - sáb 16 h 00 GE MAUAENSE X MAUÁ FUTEBOL TE Mauá
paulista_sub12_2026,Sub-12,14,508,19/set,sáb,16 h 00,JOSÉ BONIFÁCIO EC,JOSÉ BONIFÁCIO ESPORTE CLUBE,SANTA FÉ FC,SANTA FÉ FUTEBOL CLUBE LTDA.,José Bonifácio,scheduled,508 19/set - sáb 16 h 00 JOSÉ BONIFÁCIO EC X SANTA FÉ FC José Bonifácio
paulista_sub12_2026,Sub-12,14,509,19/set,sáb,16 h 00,OLÍMPIA FC,OLÍMPIA FUTEBOL CLUBE,CA PENAPOLENSE,CLUBE ATLÉTICO PENAPOLENSE,Olímpia,scheduled,509 19/set - sáb 16 h 00 OLÍMPIA FC X CA PENAPOLENSE Olímpia
paulista_sub12_2026,Sub-12,14,510,19/set,sáb,16 h 00,CA LINENSE,CLUBE ATLÉTICO LINENSE,GR. CATANDUVENSE,GRÊMIO CATANDUVENSE DE FUTEBOL,Lins,scheduled,510 19/set - sáb 16 h 00 CA LINENSE X GR. CATANDUVENSE Lins
paulista_sub12_2026,Sub-12,14,511,19/set,sáb,16 h 00,MIRASSOL FC,MIRASSOL FUTEBOL CLUBE,ARAÇATUBA FC SAF,ARAÇATUBA FUTEBOL CLUBE SAF,Bálsamo,scheduled,511 19/set - sáb 16 h 00 MIRASSOL FC X ARAÇATUBA FC SAF Bálsamo
paulista_sub12_2026,Sub-12,14,512,19/set,sáb,16 h 00,EC XV DE JAÚ,ESPORTE CLUBE XV DE NOVEMBRO,PRES. PRUDENTE FC,PRESIDENTE PRUDENTE FUTEBOL CLUBE,Jaú,scheduled,512 19/set - sáb 16 h 00 EC XV DE JAÚ X PRES. PRUDENTE FC Jaú
paulista_sub12_2026,Sub-12,14,513,19/set,sáb,16 h 00,EC NOROESTE SAF,ESPORTE CLUBE NOROESTE SAF,TUPÃ FC,TUPÃ FUTEBOL CLUBE,Iacanga,scheduled,513 19/set - sáb 16 h 00 EC NOROESTE SAF X TUPÃ FC Iacanga
paulista_sub12_2026,Sub-12,14,514,19/set,sáb,16 h 00,MARÍLIA AC,MARÍLIA ATLÉTICO CLUBE,CA ASSISENSE,CLUBE ATLÉTICO ASSISENSE,Marília,scheduled,514 19/set - sáb 16 h 00 MARÍLIA AC X CA ASSISENSE Marília
paulista_sub12_2026,Sub-12,14,515,19/set,sáb,16 h 00,BATATAIS FC,BATATAIS FUTEBOL CLUBE,AA FRANCANA,ASSOCIAÇÃO ATLÉTICA FRANCANA,Batatais,scheduled,515 19/set - sáb 16 h 00 BATATAIS FC X AA FRANCANA Batatais
paulista_sub12_2026,Sub-12,14,516,19/set,sáb,16 h 00,I9 FUTEBOL CLUBE,I9 INTERNACIONAL ACADEMY,BARRETOS EC,BARRETOS ESPORTE CLUBE,Ribeirão Preto,scheduled,516 19/set - sáb 16 h 00 I9 FUTEBOL CLUBE X BARRETOS EC Ribeirão Preto
paulista_sub12_2026,Sub-12,14,517,19/set,sáb,16 h 00,AA INTER BEBEDOURO,ASSOCIAÇÃO ATLÉTICA INTERNACIONAL BEBEDOURO,COMERCIAL FC - RP,COMERCIAL FUTEBOL CLUBE,Bebedouro,scheduled,517 19/set - sáb 16 h 00 AA INTER BEBEDOURO X COMERCIAL FC - RP Bebedouro
paulista_sub12_2026,Sub-12,14,518,19/set,sáb,16 h 00,BOTAFOGO S/A,BOTAFOGO FUTEBOL S/A,LG FUTEBOL CLUBE,LG FUTEBOL CLUBE LTDA.,Ribeirão Preto,scheduled,518 19/set - sáb 16 h 00 BOTAFOGO S/A X LG FUTEBOL CLUBE Ribeirão Preto
paulista_sub12_2026,Sub-12,14,519,19/set,sáb,16 h 00,SE MATONENSE,SOCIEDADE ESPORTIVA MATONENSE,SPORT CLUBE AGUAÍ,SPORT CLUBE AGUAÍ,Matão,scheduled,519 19/set - sáb 16 h 00 SE MATONENSE X SPORT CLUBE AGUAÍ Matão
paulista_sub12_2026,Sub-12,14,520,19/set,sáb,16 h 00,SÃO CARLOS FL,SÃO CARLOS FUTEBOL LTDA.,CA TAQUARITINGA,CLUBE ATLÉTICO TAQUARITINGA,São Carlos,scheduled,520 19/set - sáb 16 h 00 SÃO CARLOS FL X CA TAQUARITINGA São Carlos
paulista_sub12_2026,Sub-12,14,521,19/set,sáb,16 h 00,PORTO FOOT BALL LTDA,PORTO FOOT BALL LTDA.,RIO CLARO FC,RIO CLARO FUTEBOL CLUBE,Porto Ferreira,scheduled,521 19/set - sáb 16 h 00 PORTO FOOT BALL LTDA X RIO CLARO FC Porto Ferreira
paulista_sub12_2026,Sub-12,14,522,19/set,sáb,16 h 00,AE VELO CLUBE,ASSOCIAÇÃO ESPORTIVA VELO CLUBE RIOCLARENSE - RIO CLARO,PALMEIRAS FC,PALMEIRAS FUTEBOL CLUBE,Rio Claro,scheduled,522 19/set - sáb 16 h 00 AE VELO CLUBE X PALMEIRAS FC Rio Claro
paulista_sub12_2026,Sub-12,14,523,19/set,sáb,16 h 00,AMPARO AC,AMPARO ATHÉTICO CLUB,MACABI HOLAMBRA,MACABI HOLAMBRA ESPORTE CLUBE,Amparo,scheduled,523 19/set - sáb 16 h 00 AMPARO AC X MACABI HOLAMBRA Amparo
paulista_sub12_2026,Sub-12,14,524,19/set,sáb,16 h 00,UA BARBARENSE FC,UNIÃO AGRÍCOLA BARBARENSE FUTEBOL CLUBE - SANTA BÁRBARA D'OESTE,GUARANI FC,GUARANI FUTEBOL CLUBE,Santa Bárbara D'Oeste,scheduled,524 19/set - sáb 16 h 00 UA BARBARENSE FC X GUARANI FC Santa Bárbara D'Oeste
paulista_sub12_2026,Sub-12,14,525,19/set,sáb,16 h 00,AA INTER LIMEIRA,ASSOCIAÇÃO ATLÉTICA INTERNACIONAL LIMEIRA,RIO BRANCO EC,RIO BRANCO ESPORTE CLUBE,Limeira,scheduled,525 19/set - sáb 16 h 00 AA INTER LIMEIRA X RIO BRANCO EC Limeira
paulista_sub12_2026,Sub-12,14,526,19/set,sáb,16 h 00,COSMOPOLITANO SPORTS,COSMOPOLITANO SPORTS LTDA.,INDEPENDENTE FC,INDEPENDENTE FUTEBOL CLUBE,Cosmópolis,scheduled,526 19/set - sáb 16 h 00 COSMOPOLITANO SPORTS X INDEPENDENTE FC Cosmópolis
paulista_sub12_2026,Sub-12,14,527,19/set,sáb,16 h 00,SC PAULINENSE,SPORTING CLUB PAULINENSE,VALINHOS EC,VALINHOS ESPORTE CLUBE LTDA.,Paulínia,scheduled,527 19/set - sáb 16 h 00 SC PAULINENSE X VALINHOS EC Paulínia
paulista_sub12_2026,Sub-12,14,528,19/set,sáb,16 h 00,SÃO BERNARDO FC,SÃO BERNARDO FUTEBOL CLUBE LTDA.,PRIMAVERA SAF,PRIMAVERA SAF,Itatiba,scheduled,528 19/set - sáb 16 h 00 SÃO BERNARDO FC X PRIMAVERA SAF Itatiba
paulista_sub12_2026,Sub-12,14,529,19/set,sáb,16 h 00,SFERA SAF,SFERA SAF,DS SPORTS LTDA,DIFFERENT SYSTEM SPORTS LTDA.,Jarinu,scheduled,529 19/set - sáb 16 h 00 SFERA SAF X DS SPORTS LTDA Jarinu
paulista_sub12_2026,Sub-12,14,530,19/set,sáb,16 h 00,RED BULL BRAGANTINO,RED BULL BRAGANTINO FUTEBOL LTDA.,VALINHOS HYPER FC S.A.F,VALINHOS HYPER FUTEBOL CLUBE SAF,Atibaia,scheduled,530 19/set - sáb 16 h 00 RED BULL BRAGANTINO X VALINHOS HYPER FC S.A.F Atibaia
paulista_sub12_2026,Sub-12,14,531,19/set,sáb,16 h 00,AA FLAMENGO,ASSOCIAÇÃO ATLÉTICA FLAMENGO,COLORADO CAIEIRAS FC,COLORADO CAIEIRAS FUTEBOL CLUBE LTDA.,Guarulhos,scheduled,531 19/set - sáb 16 h 00 AA FLAMENGO X COLORADO CAIEIRAS FC Guarulhos
paulista_sub12_2026,Sub-12,14,532,19/set,sáb,16 h 00,ITAQUAQUECETUBA ATH.,ITAQUAQUECETUBA ATHLETICO CLUB LTDA.,AD GUARULHOS,ASSOCIAÇÃO DESPORTIVA GUARULHOS,Itaquaquecetuba,scheduled,532 19/set - sáb 16 h 00 ITAQUAQUECETUBA ATH. X AD GUARULHOS Itaquaquecetuba
paulista_sub12_2026,Sub-12,14,533,19/set,sáb,16 h 00,PRATA DA CASA SAF,PRATA DA CASA SAF,PAULISTA FC,PAULISTA FUTEBOL CLUBE LTDA.,São Paulo,scheduled,533 19/set - sáb 16 h 00 PRATA DA CASA SAF X PAULISTA FC São Paulo
paulista_sub12_2026,Sub-12,14,534,19/set,sáb,16 h 00,SE PALMEIRAS,SOCIEDADE ESPORTIVA PALMEIRAS,JUVENTUS SAF,JUVENTUS SAF,Guarulhos,scheduled,534 19/set - sáb 16 h 00 SE PALMEIRAS X JUVENTUS SAF Guarulhos
paulista_sub12_2026,Sub-12,14,535,19/set,sáb,16 h 00,SALTO FC,SALTO FUTEBOL CLUBE,CLUBE VITAL SAF,CLUBE VITAL ACADEMIA DE FUTEBOL SAF,Salto,scheduled,535 19/set - sáb 16 h 00 SALTO FC X CLUBE VITAL SAF Salto
paulista_sub12_2026,Sub-12,14,536,19/set,sáb,16 h 00,REFERÊNCIA FC SAF,REFERÊNCIA FUTEBOL CLUBE SAF,GO AUDAX,GRÊMIO OSASCO AUDAX ESPORTE CLUBE,Embu das Artes,scheduled,536 19/set - sáb 16 h 00 REFERÊNCIA FC SAF X GO AUDAX Embu das Artes
paulista_sub12_2026,Sub-12,14,537,19/set,sáb,16 h 00,REAL SOCCER,ASSOCIAÇÃO ACADEMY REAL FUTEBOL CLUBE,VOTORATY FC,VOTORATY FUTEBOL CLUBE LTDA.,Sorocaba,scheduled,537 19/set - sáb 16 h 00 REAL SOCCER X VOTORATY FC Sorocaba
paulista_sub12_2026,Sub-12,14,538,19/set,sáb,16 h 00,SÃO PAULO FC,SÃO PAULO FUTEBOL CLUBE,EC SÃO BENTO,ESPORTE CLUBE SÃO BENTO,Cotia,scheduled,538 19/set - sáb 16 h 00 SÃO PAULO FC X EC SÃO BENTO Cotia
paulista_sub12_2026,Sub-12,14,539,19/set,sáb,16 h 00,UNIÃO SUZANO AC,UNIÃO SUZANO ATLÉTICO CLUBE,AD MANTHIQUEIRA,ACADEMIA DESPORTIVA MANTHIQUEIRA FUTEBOL LTDA.,Suzano,scheduled,539 19/set - sáb 16 h 00 UNIÃO SUZANO AC X AD MANTHIQUEIRA Suzano
paulista_sub12_2026,Sub-12,14,540,19/set,sáb,16 h 00,EC TAUBATÉ,ESPORTE CLUBE TAUBATÉ,ECUS SAF,ESPORTE CLUBE UNIÃO SUZANO SAF,Taubaté,scheduled,540 19/set - sáb 16 h 00 EC TAUBATÉ X ECUS SAF Taubaté
paulista_sub12_2026,Sub-12,14,541,19/set,sáb,16 h 00,SÃO JOSÉ EC SAF,SÃO JOSÉ ESPORTE CLUBE SAF,CA ATLÉTICO MOGI,CLUBE ATLÉTICO MOGI DAS CRUZES DE FUTEBOL LTDA.,São José dos Campos,scheduled,541 19/set - sáb 16 h 00 SÃO JOSÉ EC SAF X CA ATLÉTICO MOGI São José dos Campos
paulista_sub12_2026,Sub-12,14,542,19/set,sáb,16 h 00,SC CORINTHIANS PTA,SPORT CLUB CORINTHIANS PAULISTA,FC PRIMEIRA CAMISA,FUTEBOL CLUBE PRIMEIRA CAMISA,São Paulo,scheduled,542 19/set - sáb 16 h 00 SC CORINTHIANS PTA X FC PRIMEIRA CAMISA São Paulo
paulista_sub12_2026,Sub-12,14,543,19/set,sáb,16 h 00,BARCELONA EC,BARCELONA ESPORTIVO CAPELA LTDA.,EC SÃO BERNARDO SAF,ESPORTE CLUBE SÃO BERNARDO SAF,São Caetano do Sul,scheduled,543 19/set - sáb 16 h 00 BARCELONA EC X EC SÃO BERNARDO SAF São Caetano do Sul
paulista_sub12_2026,Sub-12,14,544,19/set,sáb,16 h 00,JABAQUARA AC,JABAQUARA ATLÉTICO CLUBE,SÃO CAETANO FL,SÃO CAETANO FUTEBOL LTDA.,Santos,scheduled,544 19/set - sáb 16 h 00 JABAQUARA AC X SÃO CAETANO FL Santos
paulista_sub12_2026,Sub-12,14,545,19/set,sáb,16 h 00,MAUÁ FUTEBOL TE,MAUÁ FUTEBOL TREINAMENTOS E ESPORTES LTDA.,AA PORTUGUESA,ASSOCIAÇÃO ATLÉTICA PORTUGUESA,Mauá,scheduled,545 19/set - sáb 16 h 00 MAUÁ FUTEBOL TE X AA PORTUGUESA Mauá
paulista_sub12_2026,Sub-12,14,546,19/set,sáb,16 h 00,SANTOS FC,SANTOS FUTEBOL CLUBE,GE MAUAENSE,GRÊMIO ESPORTIVO MAUAENSE,Santos,scheduled,546 19/set - sáb 16 h 00 SANTOS FC X GE MAUAENSE Santos
